# -*- coding: utf-8 -*-

# Resource object code
#
# Created by: The Resource Compiler for PyQt5 (Qt v5.12.8)
#
# WARNING! All changes made in this file will be lost!

from PyQt5 import QtCore

qt_resource_data = b"\
\x00\x00\x04\xcc\
\x00\
\x00\x42\x3e\x78\x9c\xed\x9a\x4f\x48\x54\x41\x1c\xc7\x9f\xbb\xf2\
\x56\x44\x76\x23\x22\x44\x2c\xa4\x43\x48\x48\x2c\x21\x21\x21\x22\
\x4e\x88\x48\x74\x90\x88\x08\x89\x3d\x84\x87\x88\x90\x10\x0f\xe2\
\x61\x0f\x11\x11\x11\x11\x11\x11\x1d\x22\x22\x22\x24\xa2\x43\x48\
\x44\x2c\x21\x1d\x22\x22\x22\x44\x22\x62\x89\x0e\x11\x11\x4b\x44\
\x88\x04\xf6\xfb\x31\xbf\xc9\x5f\xb3\xf3\xfe\x6d\x6b\xfb\xdc\x9d\
\x9f\x7c\x9c\xb7\x6f\xe6\x37\xef\xf7\x7d\x33\x6f\xde\xcc\xec\x3a\
\x4e\x13\xfc\x0d\x0e\x3a\xf0\xbf\xcb\xe9\x1e\x72\x9c\xad\x8e\xe3\
\x74\x03\x70\xca\xc9\x3b\xf2\xbc\x35\x6b\xd6\xac\x59\xb3\x66\xcd\
\x9a\x9f\x09\x21\xda\x81\x21\x60\x14\x38\x08\x8c\x01\x87\x81\x23\
\xc0\x38\x91\x8b\x19\xc7\x28\xae\x23\x14\xeb\x18\xc5\x3e\x4a\x5a\
\x3a\x42\xe8\xce\x02\xf3\xc0\x2f\x60\xb5\xce\x40\x4d\x8f\x81\x3d\
\x1e\xda\xf1\x1e\x2e\xc7\x20\xce\xf5\x06\x35\x4e\x68\xda\x0f\xd6\
\x69\x9b\xfb\xf5\x85\x43\xa4\x3d\x0d\x7c\x8e\x41\x4c\xff\x9b\xaf\
\xc0\x66\x60\x32\x06\xb1\xd4\x8a\x29\xe0\x59\x0c\xe2\xa8\x15\x2f\
\x80\x57\x31\x88\xa3\x56\x2c\x5a\xfd\x0d\xaf\xff\x4d\x0c\xe2\xb0\
\xfa\xe3\xa5\xff\xbb\x81\x5a\xc7\x1a\x95\x30\x1a\x4c\xfa\x57\x0c\
\x73\xe3\xd6\x18\xe8\x89\x4a\xda\xa0\xe3\xa7\x56\x66\xa9\xc1\xf5\
\xbf\xf3\xd3\x2f\xe4\x7a\x72\x0e\x78\x10\x03\x3d\x51\x79\x48\xb1\
\x1f\x0b\xd0\xff\xd6\x47\xff\xd9\x18\xe8\xf8\x57\xce\x07\xe8\x5f\
\x8c\xa8\xff\xaa\x90\x6b\x86\x19\xa0\xa4\xe5\x15\x80\xd3\xc0\x34\
\xf0\x5a\xcb\xfb\x01\xcc\x92\xef\x15\x43\xbd\xd7\x28\x0f\xcb\xe8\
\x63\xd5\x1b\xaa\x13\xeb\x7e\xaa\xe5\x7d\xa7\x58\xbc\xea\xad\xb6\
\xfe\x3c\xcb\x9f\x60\xe7\x71\x0d\xb9\x85\xce\xb7\x00\xef\x35\x3f\
\x5c\x73\xf6\x32\xdf\x7b\x2c\xef\x01\x3b\x9f\x15\xe5\x6b\xf1\x22\
\xd0\x4a\xf9\xb8\x66\xfb\xc4\xf2\x4e\x32\xdf\x99\xff\xa0\x1f\xef\
\xf7\x76\xca\x4f\x88\xb5\xf5\x53\x8e\xf9\x4d\x1b\xfc\x56\xa9\x6c\
\x82\xca\x74\x50\xff\xd1\xeb\x7b\xe2\xe1\x3b\xcb\xea\x3f\x4a\xe7\
\x9e\x03\xcd\x5a\x7d\xeb\xad\x1f\xb9\xcb\xca\xec\x16\x72\xcf\x4c\
\xe9\xea\xf4\x88\x43\x31\xce\x7c\xb1\xcf\x4e\xb1\xcf\x87\x7d\xfc\
\xf0\x3e\x75\xb1\xfb\xf4\x48\xb0\xbd\x2c\x38\xbe\xed\xe1\xc7\xf5\
\xeb\xfb\x5b\x1f\x2a\xd4\x8f\xfd\x73\x88\x95\x6b\x61\xc7\x77\x7c\
\x34\x20\xd8\x77\xd3\x4c\x87\x6a\xbf\x36\xe0\x63\x80\xef\x9c\xc7\
\x35\x07\x84\xf7\xfe\x15\xd7\xbf\x52\x25\xfd\x08\xbe\x37\x5c\x87\
\x19\x7c\x1e\xf4\x89\x83\x73\xd1\xd1\x0c\xce\x9d\x0b\xe1\x87\x0c\
\x6b\x7e\xae\x28\x1f\x6b\xa3\xe8\x5f\xaa\x50\x3f\x72\x9a\x95\xc5\
\xb6\x7c\x19\x52\x03\xc6\xd1\xc3\x7c\xbb\x45\xf8\xbd\x57\x7c\x17\
\x24\x98\xef\xa9\x80\xf2\x41\xfa\xdf\xfd\x83\xfe\x9c\xd6\x16\x61\
\xe7\x49\xf8\x2e\xec\x62\x7e\x38\x66\x84\x5d\x63\x3c\xd2\xae\x39\
\x5e\x23\xfd\x0b\xbc\x1d\xa8\x7c\x8f\xe1\x1a\x26\x66\x0c\xfd\x7f\
\x2a\x64\xbf\xc9\x6a\x7e\xd8\xef\xf4\x39\xc1\x7a\xeb\xff\x2b\x0e\
\x38\xde\xca\x8e\x2f\x07\x68\xc0\xe7\xad\x85\xca\xe2\xba\xa2\x8d\
\x8e\xf1\x39\x0e\x5a\x8b\x5f\x63\xd7\x69\x67\xc7\xf8\x0e\xf2\x7a\
\x7e\xce\xb3\xfb\x54\x2d\xfd\x97\x59\x99\x01\x8a\xdb\xa5\xcf\x38\
\x3f\xf1\xdb\x4f\x1f\x61\xbe\x38\xe6\x5d\x60\x9f\x87\x7c\xfc\xbe\
\x88\xb5\xf9\x95\x1a\xf3\x86\x99\xef\xa5\x00\xfd\xcd\x55\xd2\x8f\
\x71\x6c\x36\xb4\xd9\x34\xf3\x9b\xf0\x88\x85\xcf\xf3\xd4\x98\x87\
\xec\x62\xe7\xe7\x3c\x7c\x4f\xb0\x32\x6a\xcf\x7e\x91\xf5\xa5\x4d\
\x1e\xf7\x3d\x48\xbf\x3e\x4f\xc5\x32\x09\x1f\xfd\x7c\xbe\xc2\x9f\
\x59\x9c\xf3\x74\xb0\x6b\x95\xad\xab\x50\x33\xeb\x8b\x7c\x9e\x57\
\x60\xd7\xdc\x69\x88\x73\x89\xf5\x2f\xfc\x6e\xf6\x1b\xcb\x9b\x61\
\xf1\x98\xde\x05\x41\xfa\x3f\x18\xe2\x6c\xf6\xd1\x8f\x63\x3c\xae\
\x55\x6e\x0a\x39\x8e\xf3\xbc\xe7\x94\x77\xdd\x50\xef\x32\xf9\x60\
\xfe\x7d\x9f\x7a\x6f\x88\xf2\x77\x41\x91\xea\xc4\xfc\x05\x2d\x0f\
\xe7\xb4\xb7\x7c\xea\xad\xb6\xfe\x8d\x86\xd2\xef\x46\xd0\xaf\xfa\
\xda\x30\x70\x06\xeb\x88\x81\x8e\xa8\x5c\xa0\xd8\x47\x2a\xd0\xdf\
\xea\x30\x13\x75\xb0\xff\x15\x41\x3f\xce\xdf\x71\x8c\xc1\xe7\x25\
\x41\xb4\xc5\x40\x4f\x54\x36\x91\xe6\x16\x6a\xbf\x2d\x1e\xfa\xf5\
\xf1\x5f\xf5\x01\x1c\xaf\x7e\x12\x1b\xf1\x77\x11\xcb\x8c\x15\x83\
\x76\xa5\x5f\x7f\xff\x37\x12\xd8\xf6\xfa\xfa\xb7\x91\x30\xed\xff\
\x36\x12\x38\xaf\x0a\xbb\x66\xaf\x47\xb0\xed\x0b\x31\x88\xa3\x56\
\x60\xdb\x07\xed\xd7\xd5\x33\xb8\xd6\x3a\x1e\x83\x38\x6a\x05\xfe\
\xe6\x11\xe7\x07\xfa\x1c\xa8\x11\x40\xcd\x6a\xed\xdc\x2f\xca\xbf\
\x1b\xa8\x67\x70\x4e\x34\xa0\xcd\x8f\xf7\x0b\xf9\x9b\xc0\x5a\xc7\
\xb6\xde\xe0\xde\xc1\x01\xc7\x60\x42\x7e\x87\x84\xeb\xe8\x8d\xf8\
\x7b\x8f\x30\xba\x71\x6f\x32\xcc\xef\xc0\x5d\xba\x17\xdb\x81\x1d\
\x42\xee\xc9\xe0\x7e\x55\x0f\x81\xfb\x8d\x59\xa2\x97\xe8\xd3\xd8\
\x27\xe4\x73\x15\xc4\xa0\x0f\x5e\x3e\xfb\xb4\x6b\xed\x65\x71\xf4\
\xb2\xd8\x7a\x28\x6e\xd4\xe0\x06\xe9\xb6\x66\xcd\x9a\x35\x6b\xd6\
\xac\x35\x86\xad\x56\xc9\x4a\xb2\xba\x4c\x51\xa6\xa9\x82\x4c\x93\
\x79\x99\x36\xa9\xb4\xd2\x38\x65\x85\xc9\xe2\x9f\x54\x9e\x2e\xd2\
\xa4\x26\xe7\xba\x6d\xed\xed\xd9\x5c\xce\x4d\x75\x76\xf6\xf5\x95\
\x20\xed\x4f\x4f\xf6\x17\x73\x6e\x72\x3e\x53\xda\x56\x80\xb4\x94\
\x2a\x66\x20\x6d\x2a\x25\x0b\x99\x3c\xa4\xc5\x64\x21\xc5\x53\xcc\
\xcf\xaf\x95\x4b\xce\xa7\x27\xd1\x4f\xd5\x93\xa1\x7a\xd5\xf5\x28\
\x55\x71\xe8\xf1\x55\xaa\x33\x2f\x93\x3f\xf7\xab\x20\x53\x55\x61\
\x4a\xdd\xe7\x6a\xb5\xdb\x6f\xdf\x1e\x73\xe7\
\x00\x00\x3e\x21\
\x89\
\x50\x4e\x47\x0d\x0a\x1a\x0a\x00\x00\x00\x0d\x49\x48\x44\x52\x00\
\x00\x02\x00\x00\x00\x02\x00\x08\x06\x00\x00\x00\xf4\x78\xd4\xfa\
\x00\x00\x00\x04\x73\x42\x49\x54\x08\x08\x08\x08\x7c\x08\x64\x88\
\x00\x00\x00\x09\x70\x48\x59\x73\x00\x00\x0e\xc4\x00\x00\x0e\xc4\
\x01\x95\x2b\x0e\x1b\x00\x00\x00\x19\x74\x45\x58\x74\x53\x6f\x66\
\x74\x77\x61\x72\x65\x00\x77\x77\x77\x2e\x69\x6e\x6b\x73\x63\x61\
\x70\x65\x2e\x6f\x72\x67\x9b\xee\x3c\x1a\x00\x00\x20\x00\x49\x44\
\x41\x54\x78\x9c\xed\xdd\x79\x9c\x55\xd5\x9d\xef\xfd\xef\x3e\x87\
\x82\xaa\x62\x28\x86\x62\x10\x90\x59\x50\x26\x41\x41\xc5\x21\xe2\
\x80\x8a\x13\xc6\x39\x53\xc7\x98\x84\x28\x48\x8c\x69\x6f\x6e\x77\
\xf2\xba\xcf\x43\xf7\xd3\xb9\xb7\x3b\x9d\x4e\x5a\x99\x0c\xd1\x44\
\x33\x19\x83\x1a\x27\x14\xc5\x01\x51\xa2\x88\x22\x0a\x32\x46\x64\
\x54\x8b\x02\x8a\xb1\xaa\xa8\xa2\xce\x7e\xfe\x58\xd6\x05\x15\xb0\
\x86\xb3\x86\x7d\xce\xe7\xfd\x7a\xd5\x4b\x8d\xed\xfa\xfd\x6c\xeb\
\xec\xfd\x3d\x6b\xef\xb5\x96\x04\x00\x00\x00\x00\x00\x00\x00\x00\
\x00\x00\x00\x00\x00\x00\x00\x00\x00\x00\x00\x00\x00\x00\x00\x00\
\x00\x00\x00\x00\x00\x00\x00\x00\x00\x00\x00\x00\x00\x00\x00\x00\
\x00\x00\x00\x00\x00\x00\x00\x00\x00\x00\x00\x00\x00\x00\x00\x00\
\x00\x00\x40\x6e\x8a\x7c\x37\x90\xab\xe2\xa9\x53\x5b\xa8\xbc\xbc\
\x9f\xe2\xb8\x8f\x52\xa9\x3e\x8a\xe3\x3e\x8a\xa2\x1e\x92\x3a\x29\
\x93\xe9\x24\xa9\x93\xa2\xa8\x93\xcc\x7f\x83\xb4\xa4\x76\x5e\x1b\
\x06\x00\x77\xf6\x48\xaa\x93\x14\x2b\x8e\x77\x48\xda\xa1\x54\xca\
\xfc\x31\x8e\xb7\x2a\x8a\x36\x28\x93\xd9\xa0\x28\xda\xa0\xce\x9d\
\xd7\x47\x53\xa7\x1e\xf4\xdb\x6e\x6e\x22\x00\x64\x41\x7c\xc7\x1d\
\x45\x3a\x78\x70\x94\xea\xea\x4e\x53\x2a\x35\x5c\x99\xcc\x30\x45\
\xd1\x10\x49\x2d\x7d\xf7\x06\x00\x09\x77\x40\x71\xbc\x52\xa9\xd4\
\x72\x65\x32\xef\x4a\x5a\xac\x56\xad\xde\x8a\x7e\xf9\xcb\x2a\xdf\
\x8d\x25\x1d\x01\xa0\x09\xe2\x3b\xee\x28\xd2\x81\x03\xe7\x2a\x8a\
\xc6\x29\x8e\xcf\x54\x14\x9d\x2a\xa9\xc0\x77\x5f\x00\x90\x27\x6a\
\x14\xc7\x4b\x15\x45\x8b\x14\xc7\xcf\xa9\xb2\x72\x61\x74\xff\xfd\
\xd5\xbe\x9b\x4a\x1a\x02\x40\x03\xc5\x13\x27\x1e\xa7\x82\x82\xab\
\x25\x5d\x2e\xe9\x5c\x49\x45\x9e\x5b\x02\x00\x18\x95\x92\x16\x28\
\x8e\xe7\x4a\x7a\x34\x9a\x39\xf3\x63\xdf\x0d\x25\x01\x01\xe0\x18\
\xe2\x89\x13\x4b\xd5\xa2\xc5\xf5\x4a\xa5\xae\x57\x1c\x9f\x23\x29\
\xe5\xbb\x27\x00\xc0\x31\xd5\x49\x7a\x45\xd2\x5f\x24\xfd\x25\x9a\
\x31\x63\x87\xe7\x7e\x82\x45\x00\xf8\x8c\x78\xea\xd4\x94\xb6\x6d\
\x3b\x53\x51\xf4\x0d\x49\xdf\x10\xdf\xf4\x01\x20\xa9\x6a\x24\x3d\
\xae\x54\x6a\xb6\xa6\x4d\x7b\x21\x92\x62\xdf\x0d\x85\x84\x00\xf0\
\x89\xf8\xe6\x9b\xdb\xaa\xb8\xf8\x66\xc5\xf1\x14\x49\xfd\x7d\xf7\
\x03\x00\xc8\xaa\xbf\x4b\x9a\xa6\x38\xfe\x4d\x34\x73\xe6\x3e\xdf\
\xcd\x84\x20\xef\x03\x40\x7c\xdb\x6d\xdd\x95\xc9\xdc\xae\x28\x9a\
\x28\xa9\xbd\xef\x7e\x00\x00\x56\x55\x48\x9a\xad\xda\xda\xbb\xa2\
\xd9\xb3\x3f\xf2\xdd\x8c\x4f\x79\x1b\x00\xe2\x89\x13\x4b\x55\x50\
\x70\xa7\xa4\xef\x8b\x69\x7e\x00\xc8\x37\x35\x92\xee\x57\x6d\xed\
\xd4\x7c\x0d\x02\x79\x17\x00\xe2\x89\x13\x4b\x54\x50\xf0\xcf\x92\
\x6e\x93\xd4\xda\x77\x3f\x00\x00\xaf\xf6\x49\x9a\xa6\x54\xea\xdf\
\xa3\x69\xd3\xf6\xf8\x6e\xc6\xa5\xbc\x09\x00\x9f\xbc\xdc\xf7\x75\
\x45\xd1\xcf\x24\x75\xf5\xdd\x0f\x00\x20\x28\x3b\x14\x45\xff\x9f\
\xca\xca\xa6\x47\x73\xe6\xd4\xf9\x6e\xc6\x85\xbc\x08\x00\xf1\xe4\
\xc9\x63\x24\xcd\x92\x74\xb2\xef\x5e\x00\x00\x41\x5b\xaa\x54\xea\
\xd6\x68\xda\xb4\x37\x7c\x37\x62\x5b\x4e\x07\x80\x78\xe2\xc4\x62\
\x15\x14\xfc\x3f\x92\xee\x94\xd9\x6f\x1f\x00\x80\x2f\x92\x91\x74\
\xaf\xaa\xaa\xee\x8c\x7e\xf3\x9b\xbd\xbe\x9b\xb1\x25\x67\x03\x40\
\x3c\x79\xf2\x38\x49\xf7\x4a\xea\xe5\xbb\x17\x00\x40\x22\x6d\x90\
\xf4\x9d\x68\xc6\x8c\x17\x7c\x37\x62\x43\xce\x05\x80\x78\xca\x94\
\x56\xca\x64\xfe\x45\xd2\xff\x10\x3b\xf7\x01\x00\x9a\x27\x96\x79\
\x49\xf0\x47\xd1\xb4\x69\x07\x7c\x37\x93\x4d\x39\x15\x00\xe2\x29\
\x53\x06\x2b\x93\x79\x50\xd2\x70\xdf\xbd\x00\x00\x72\xca\x32\x45\
\xd1\x57\xa2\xe9\xd3\x57\xfb\x6e\x24\x5b\x72\xe6\x1b\x72\x3c\x79\
\xf2\x04\x65\x32\xaf\x89\x9b\x3f\x00\x20\xfb\x46\x28\x8e\x97\xc4\
\xb7\xdd\x76\x9d\xef\x46\xb2\x25\xf1\x33\x00\xf1\xd4\xa9\x2d\x54\
\x5e\xfe\x6f\x92\x7e\xa4\x1c\xf8\xf7\x01\x00\x04\xcd\x3c\x12\xa8\
\xad\xbd\x33\x9a\x3d\xbb\xd6\x77\x33\xcd\x91\xe8\x1b\x66\x3c\x69\
\x52\x1b\x45\xd1\x43\x92\x2e\xf5\xdd\x0b\x00\x20\xaf\xcc\x57\x6d\
\xed\x75\xd1\xec\xd9\xbb\x7d\x37\xd2\x54\x89\x0d\x00\xf1\x6d\xb7\
\x75\xff\xe4\xec\xe7\x11\xbe\x7b\x01\x00\xe4\xa1\x28\x5a\xa1\x74\
\xfa\xb2\xe8\xae\xbb\x36\xf9\x6e\xa5\x29\x12\x19\x00\xe2\x29\x53\
\x4e\x56\x26\xf3\xb4\xa4\xee\xbe\x7b\x01\x00\xe4\xb5\xad\xaa\xab\
\xbb\x24\xba\xe7\x9e\x15\xbe\x1b\x69\xac\xc4\x05\x80\xf8\xd6\x5b\
\x4f\x55\x2a\xf5\xac\xa4\x4e\xbe\x7b\x01\x00\x40\xe6\x84\xc1\xf1\
\xd1\x8c\x19\x8b\x7d\x37\xd2\x18\x89\x5a\x05\x10\x4f\x9a\x74\xb6\
\x52\xa9\x17\xc5\xcd\x1f\x00\x10\x8e\x0e\x92\x9e\x8f\x27\x4d\x3a\
\xcf\x77\x23\x8d\x91\x98\x19\x80\x78\xca\x94\x73\x94\xc9\x3c\x23\
\x4e\xf0\x03\x00\x84\x69\xbf\xe2\xf8\x92\x68\xe6\xcc\x57\x7d\x37\
\xd2\x10\x89\x08\x00\xf1\x94\x29\x23\x95\xc9\xbc\x20\x93\xb2\x00\
\x00\x08\xd5\x1e\xc5\xf1\x85\xd1\xcc\x99\x4b\x7c\x37\xf2\x45\x82\
\x0f\x00\x9f\xbc\xf0\xf7\xa2\xa4\x8e\xbe\x7b\x01\x00\xa0\x01\x76\
\xa8\xae\x6e\x6c\xe8\x2f\x06\x06\x1d\x00\xe2\x5b\x6e\xe9\xa1\x74\
\xfa\x75\x49\x3d\x7d\xf7\x02\x00\x40\x23\x7c\xa8\x38\x3e\x23\x9a\
\x39\x73\xb3\xef\x46\x8e\x26\xd8\x97\x00\xe3\x9b\x6f\x6e\xab\x74\
\x7a\xae\xb8\xf9\x03\x00\x92\xa7\xbb\x52\xa9\xa7\xe3\x89\x13\x4b\
\x7c\x37\x72\x34\x41\x06\x80\x78\xea\xd4\x16\x2a\x2e\x7e\x58\xd2\
\xc9\xbe\x7b\x01\x00\xa0\x49\xe2\x78\xa8\x5a\xb4\x78\x30\xbe\xee\
\xba\xb4\xef\x56\x8e\x24\xc8\x00\xa0\xed\xdb\x7f\xa6\x38\xbe\xc8\
\x77\x1b\x00\x00\x34\x4b\x14\x8d\x57\x97\x2e\x3f\xf5\xdd\xc6\x91\
\x04\xf7\x0e\x40\x3c\x79\xf2\x97\x25\x3d\xa2\x00\x7b\x03\x00\xa0\
\x09\x62\x45\xd1\x0d\xd1\xf4\xe9\x73\x7c\x37\x72\xb8\xa0\x6e\xb2\
\xf1\xe4\xc9\x43\x24\xbd\x2e\xa9\x8d\xef\x5e\x00\x00\xc8\xa2\xbd\
\xca\x64\x46\x47\xb3\x66\xad\xf1\xdd\x48\xbd\x60\x1e\x01\xc4\x53\
\xa6\xb4\x92\xf4\x47\x71\xf3\x07\x00\xe4\x9e\xb6\x8a\xa2\x07\xe3\
\xa9\x53\x5b\xfa\x6e\xa4\x5e\x30\x01\x40\x99\xcc\xbf\x8b\x97\xfe\
\x00\x00\xb9\x2a\x8a\x46\xaa\xbc\xfc\xdf\x7c\xb7\x51\x2f\x88\x47\
\x00\xf1\xe4\xc9\xe3\x24\x3d\xab\x40\xfa\x01\x00\xc0\x92\x8c\xa2\
\x68\x5c\x34\x7d\xfa\x8b\xbe\x1b\xf1\x7e\xc3\x8d\xef\xbc\xb3\xb5\
\xaa\xaa\x96\x4b\xea\xeb\xbb\x17\x00\x00\x1c\xd8\xa8\x38\x1e\x1a\
\xcd\x9c\xb9\xcf\x67\x13\xfe\x1f\x01\x54\x57\xff\xbb\xb8\xf9\x03\
\x00\xf2\x47\x6f\xa5\x52\xff\xea\xbb\x09\xaf\x33\x00\xf1\xe4\xc9\
\xa7\x4b\x5a\x24\x29\xc8\x4d\x12\x00\x00\xb0\x24\x23\xe9\xec\x68\
\xc6\x8c\xd7\x7c\x35\xe0\x6d\x06\xe0\x93\x9d\x91\x7e\x25\x6e\xfe\
\x00\x80\xfc\x93\x52\x14\x4d\x8b\xa7\x4e\xf5\x76\x1f\xf6\xf7\x08\
\xa0\x73\xe7\xef\x88\xb7\xfe\x01\x00\xf9\x2a\x8e\x4f\xd5\xf6\xed\
\xdf\xf4\x55\xde\xcb\x23\x80\xf8\xe6\x9b\xdb\xaa\xa8\x68\xad\xa4\
\x6e\x3e\xea\x03\x00\x10\x88\x32\xa5\x52\x03\xa3\x69\xd3\xf6\xb8\
\x2e\xec\x67\x06\xa0\xa8\xe8\x27\xe2\xe6\x0f\x00\x40\x57\x65\x32\
\xff\xc3\x47\x61\xe7\x33\x00\xf1\x94\x29\x9d\x95\xc9\xac\x17\x3b\
\xfe\x01\x00\x20\x49\xfb\x54\x57\xd7\x3f\xba\xe7\x9e\x6d\x2e\x8b\
\xba\x9f\x01\xa8\xab\xfb\x89\xb8\xf9\x03\x00\x50\xaf\x8d\xd2\xe9\
\x3b\x5d\x17\x75\x3a\x03\x10\xdf\x72\x4b\x0f\xa5\xd3\x7f\x97\x54\
\xe8\xb2\x2e\x00\x00\x81\xab\x54\x1c\xf7\x8f\x66\xce\xfc\xd8\x55\
\x41\xb7\x33\x00\xe9\xf4\xed\xe2\xe6\x0f\x00\xc0\x67\x15\x2b\x8a\
\xa6\xb8\x2c\xe8\x6c\x06\xe0\x93\x37\xff\x37\x49\x6a\xef\xaa\x26\
\x00\x00\x09\x52\xa1\x38\xee\xe5\x6a\x8b\x60\x77\x33\x00\x45\x45\
\xdf\x16\x37\x7f\x00\x00\x8e\xa6\x83\xa4\x9b\x5c\x15\x73\x12\x00\
\x3e\xd9\xe9\xe8\x36\x17\xb5\x00\x00\x48\xac\x28\xba\x3d\x76\x34\
\x3b\xef\x66\x06\x60\xc7\x8e\xf3\x25\xf5\x77\x52\x0b\x00\x80\xe4\
\x1a\xa0\x49\x93\xc6\xba\x28\xe4\x26\x00\x64\x32\xdf\x75\x52\x07\
\x00\x80\xa4\x8b\xa2\xef\x38\x29\x63\xbb\x40\x3c\x71\x62\xa9\x0a\
\x0a\xb6\x48\x6a\x65\xbb\x16\x00\x00\x39\xa0\x5a\x2d\x5b\xf6\x88\
\x7e\xf9\xcb\x9d\x36\x8b\xd8\x9f\x01\x28\x28\xb8\x41\xdc\xfc\x01\
\x00\x68\xa8\x42\xd5\xd6\x5e\x6b\xbb\x88\x8b\x47\x00\xd7\x3b\xa8\
\x01\x00\x40\xee\x88\x63\xeb\xf7\x4e\xab\x8f\x00\xe2\x49\x93\xba\
\x29\x8a\xb6\x48\x4a\xdb\xac\x03\x00\x40\x8e\xa9\x53\x8b\x16\x3d\
\xa2\xbb\xee\x2a\xb3\x55\xc0\xf6\x0c\xc0\xb5\xe2\xe6\x0f\x00\x40\
\x63\xa5\x55\x57\xf7\x65\x9b\x05\xec\x06\x80\x28\xba\xcc\xea\xf8\
\x00\x00\xe4\xaa\x38\x1e\x6f\x73\x78\x6b\x8f\x00\xe2\x9b\x6e\x2a\
\x54\xeb\xd6\x3b\x24\x15\xdb\xaa\x01\x00\x40\x0e\xdb\xaf\x54\xaa\
\x53\x34\x6d\xda\x01\x1b\x83\xdb\x9b\x01\x28\x2e\x1e\x2b\x6e\xfe\
\x00\x00\x34\x55\x6b\x65\x32\x67\xdb\x1a\xdc\x5e\x00\x88\xa2\x71\
\xd6\xc6\x06\x00\x20\x3f\x58\xbb\x97\xda\x7c\x07\xc0\x5a\x6a\x01\
\x00\x20\x4f\x58\xbb\x97\x5a\x79\x07\x20\xbe\xe3\x8e\x22\xd5\xd4\
\xec\x92\xd4\xd2\xc6\xf8\x00\x00\xe4\x89\x03\xda\xbf\xbf\x7d\x74\
\xff\xfd\xd5\xd9\x1e\xd8\xce\x0c\x40\x4d\xcd\x68\x71\xf3\x07\x00\
\xa0\xb9\x5a\xa9\xb8\xf8\x14\x1b\x03\xdb\x09\x00\x71\x3c\xda\xca\
\xb8\x00\x00\xe4\x9f\xd3\x6d\x0c\xda\xc2\xc6\xa0\x8a\xa2\x93\xad\
\x8c\x0b\xa0\xe9\x3a\x74\x90\x86\x0f\x97\x86\x0e\x95\x3a\x76\x34\
\x7f\x2d\x49\x15\x15\xd2\xce\x9d\xd2\x8a\x15\xd2\xbb\xef\x9a\xbf\
\x06\x10\x8e\x28\x1a\x66\x63\x58\x3b\x01\x40\x1a\x6e\x69\x5c\x00\
\x8d\xd5\xbe\xbd\x34\x7e\xbc\x34\x66\x8c\x94\x3a\xc2\xa4\x5f\xd7\
\xae\xe6\xe7\xa4\x93\xa4\x6b\xaf\x95\x96\x2d\x93\x1e\x7b\x4c\xda\
\xb1\xc3\x7d\xaf\x00\x3e\x2f\x8a\xac\xdc\x53\xb3\xfe\x12\x60\x3c\
\x75\x6a\x0b\x95\x97\xef\x13\x27\x00\x02\xfe\x0d\x1f\x2e\x7d\xf3\
\x9b\x52\xab\x46\x7e\x1c\xab\xab\xa5\x07\x1e\x90\x96\x2f\xb7\xd3\
\x17\x80\xc6\xa8\xd2\xb6\x6d\x6d\xa3\x39\x73\xea\xb2\x39\x68\xf6\
\xdf\x01\x28\x2f\xef\x27\x6e\xfe\x80\x7f\x63\xc7\x4a\xdf\xfd\x6e\
\xe3\x6f\xfe\x92\x54\x58\x28\x4d\x9c\x68\xc6\x00\xe0\x5b\x91\x4a\
\x4b\x7b\x67\x7b\xd0\xec\x07\x80\x28\xea\x9b\xf5\x31\x01\x34\xce\
\xf0\xe1\xd2\x35\xd7\x48\x51\x33\x26\xf9\xa2\xc8\x8c\x31\xcc\xca\
\xe3\x47\x00\x8d\x91\x4e\xf7\xc9\xf6\x90\xd9\x0f\x00\x99\x4c\x9f\
\xac\x8f\x09\xa0\xe1\xda\xb7\x37\xd3\xfe\xcd\xb9\xf9\xd7\x8b\x22\
\x33\x56\x49\x49\xf3\xc7\x02\xd0\x1c\x59\xff\x72\x6d\x63\x06\x20\
\xeb\xd3\x14\x00\x1a\xe1\xf2\xcb\x9b\x36\xed\x7f\x34\x85\x85\xd2\
\x65\x1c\xec\x09\x78\x15\xc7\x7d\xb2\x3d\xa4\x8d\x00\xd0\x23\xeb\
\x63\x02\x68\x98\x0e\x1d\xa4\xd3\x4e\xcb\xfe\xb8\x67\x9c\x61\x66\
\x16\x00\xf8\xd2\x33\xdb\x03\x66\x3f\x00\xc4\x71\x69\xd6\xc7\x04\
\xd0\x30\x27\x9f\x7c\xe4\xa5\x7e\xcd\x95\x4a\x99\xf7\x0a\x00\xf8\
\xd2\x29\xdb\x03\xda\xd8\x09\x30\xeb\x4d\x02\x68\xa0\xc1\x83\xed\
\x8d\x3d\x64\x88\xbd\xb1\x01\x7c\x91\x44\x04\x00\x66\x00\x00\x5f\
\x3a\x77\xb6\x37\x76\x29\x1f\x6d\xc0\xa3\xac\x7f\x00\x6d\x04\x80\
\x36\x16\xc6\x04\xd0\x10\xed\xda\xd9\x1b\x9b\x77\x00\x00\x9f\xb2\
\xfe\xe1\xb6\x11\x00\xd8\x04\x08\xf0\x25\x9b\x6f\xff\xbb\x1c\x1b\
\xc0\x17\xc9\xfa\x09\xbb\x36\x02\x00\xc7\x00\x03\x00\x90\x5d\x59\
\x4f\xe0\x04\x00\x00\x00\xc2\x97\x88\x19\x00\x5b\x27\x0c\x02\x00\
\x90\xaf\x0a\xb2\x3d\xa0\x8d\x00\x00\x00\x00\x02\x47\x00\x00\x00\
\x20\x0f\x11\x00\x00\x00\xc8\x43\x04\x00\x00\x00\xf2\x10\x01\x00\
\x00\x80\x3c\x44\x00\x00\x00\x20\x0f\x11\x00\x00\x00\xc8\x43\x04\
\x00\x00\x00\xf2\x10\x01\x00\x00\x80\x3c\x44\x00\x00\x00\x20\x0f\
\xb1\x6d\x2f\x50\xaf\x4d\x1b\xa9\x43\x07\xa9\x6d\x5b\xa9\xb6\x56\
\xda\xb3\x47\xda\xbe\x5d\xaa\xab\xf3\xdd\x19\x9a\x22\x95\x92\x3a\
\x75\x92\x4a\x4a\xcc\x49\x86\x7b\xf7\x4a\x15\x15\xe6\x8f\x00\x08\
\x00\xc8\x73\x25\x25\xd2\x59\x67\x49\x43\x87\x4a\xc7\x1f\x2f\x45\
\xd1\xa7\xff\x7e\x75\xb5\xb4\x6a\x95\xb4\x64\x89\xb4\x7c\xb9\x14\
\xc7\x7e\xfa\x44\xc3\x0d\x1e\x2c\x9d\x76\x9a\x34\x64\x88\x54\x54\
\xf4\xf9\xbf\xbf\x75\xab\xb4\x62\x85\xb4\x68\x91\xb4\x73\xa7\xfb\
\xfe\x80\x40\x10\x00\x90\x9f\xba\x76\x95\x2e\xbc\x50\x1a\x3d\x5a\
\x6a\x71\x8c\x8f\x41\x61\xa1\x34\x72\xa4\xf9\xd9\xb4\x49\x7a\xf8\
\x61\x69\xfd\x7a\x77\x7d\xa2\xe1\x7a\xf5\x92\xae\xbd\x56\xea\xd7\
\xef\xd8\xff\x77\x3d\x7a\x98\x9f\x71\xe3\xa4\xb7\xde\x92\x9e\x7f\
\xde\x84\x02\x20\xcf\x10\x00\x90\x5f\x7a\xf5\x92\xc6\x8e\x95\x46\
\x8d\x32\x53\xc4\x8d\xfd\x67\x7f\xf0\x03\xe9\xc9\x27\xa5\xf9\xf3\
\xad\xb4\x87\x26\x1a\x3d\x5a\xfa\xea\x57\xa5\x82\x46\x1c\x98\x96\
\x4a\x99\x7f\x6e\xf4\x68\x13\xea\xe6\xcf\x37\xb3\x3c\x40\x9e\x20\
\x00\x20\x3f\x9c\x74\x92\x34\x7e\xfc\x17\x7f\x3b\xfc\x22\xa9\x94\
\x34\x61\x82\x99\x35\x78\xe6\x99\xec\xf4\x86\xe6\x19\x3b\xd6\x7c\
\xf3\x6f\x8e\x7e\xfd\xa4\xef\x7d\x4f\xda\xb8\x51\x9a\x37\x8f\x20\
\x80\xbc\x40\x00\x40\x6e\x1b\x30\x40\xba\xe2\x0a\xa9\x7f\xff\xec\
\x8e\x7b\xe9\xa5\x52\x59\x99\xb4\x74\x69\x76\xc7\x45\xe3\x0c\x19\
\x22\x5d\x7d\x75\xf6\xc6\xeb\xdd\xfb\x50\x10\x78\xf2\x49\x69\xf5\
\xea\xec\x8d\x0d\x04\x86\x00\x80\xdc\xd4\xbb\xb7\xf9\xc6\x3f\x74\
\xa8\x9d\xf1\xa3\x48\xba\xf1\x46\x69\xcd\x1a\x69\xff\x7e\x3b\x35\
\x70\x6c\x05\x05\xe6\xbf\x41\x63\x1f\xe5\x34\x44\xef\xde\xd2\x6d\
\xb7\x99\x47\x03\x4f\x3d\x25\xad\x5d\x9b\xfd\x1a\x80\x67\x04\x00\
\xe4\x96\xe3\x8e\x93\xae\xbc\x52\x1a\x36\xcc\x7e\xad\xe2\x62\xe9\
\xa2\x8b\xa4\xbf\xfe\xd5\x7e\x2d\x7c\xde\x05\x17\x98\x65\x9b\x36\
\xf5\xeb\x27\x7d\xff\xfb\x66\x25\xc8\xe3\x8f\x4b\x5b\xb6\xd8\xad\
\x07\x38\x44\x00\x40\x6e\x28\x2e\x36\xd3\xf2\x5f\xfa\x92\x9d\x6f\
\x84\x47\x73\xd6\x59\xe6\x1b\x62\x6d\xad\xbb\x9a\x30\x33\x30\xe7\
\x9c\xe3\xae\xde\x49\x27\x49\x27\x9e\x68\x96\x83\x3e\xf6\x98\xd9\
\x23\x02\x48\x38\x02\x00\x92\x2d\x95\x92\xc6\x8c\x31\xcf\xf9\xdb\
\xb4\x71\x5f\xbf\xb0\x50\x1a\x38\x50\x7a\xef\x3d\xf7\xb5\xf3\x59\
\xbf\x7e\x66\x0f\x07\x97\xa2\xc8\xec\x2f\x30\x62\x84\x59\x3a\x38\
\x7f\x3e\xc1\x0f\x89\x46\x00\x40\x72\x0d\x1e\x2c\x5d\x73\x8d\x59\
\xd3\xef\xd3\x09\x27\x10\x00\x5c\x1b\x30\xc0\x5f\xed\x96\x2d\xcd\
\x6c\xd3\x69\xa7\x99\xc7\x3f\xef\xbc\xe3\xaf\x17\xa0\x19\x08\x00\
\x48\x9e\x92\x12\xb3\xec\x6b\xe4\x48\xdf\x9d\x18\xb6\x9f\x43\xe3\
\xf3\x3a\x76\xf4\xdd\x81\x54\x5a\x2a\x7d\xf7\xbb\xd2\xca\x95\xd2\
\x43\x0f\x49\x3b\x76\xf8\xee\x08\x68\x14\x02\x00\x92\xa3\xfe\xb9\
\xef\x95\x57\x9a\xa9\xf7\x50\xb4\x6b\xe7\xbb\x83\xfc\xd3\xb6\xad\
\xef\x0e\x0e\x19\x3c\x58\xfa\xc9\x4f\xa4\xb9\x73\xa5\x97\x5e\x92\
\x32\x19\xdf\x1d\x01\x0d\x42\x00\x40\x32\x74\xef\x2e\x7d\xe5\x2b\
\x52\xdf\xbe\xbe\x3b\xf9\xbc\xaa\x2a\xdf\x1d\xe4\x9f\xea\x6a\xdf\
\x1d\x7c\x5a\xcb\x96\xd2\x97\xbf\x6c\x1e\x0b\xfc\xe9\x4f\x66\x1f\
\x01\x20\x70\x04\x00\x84\x2d\x9d\x36\xeb\xf9\xc7\x8d\x33\x7f\x1e\
\xa2\x7d\xfb\x7c\x77\x90\x7f\x42\x3d\xd1\xaf\x47\x0f\xe9\x1f\xff\
\xd1\xcc\x04\xb0\x3a\x04\x81\x23\x00\x20\x5c\xdd\xba\x49\xdf\xfc\
\xa6\x39\xa5\x2f\x64\x1f\x7c\xe0\xbb\x83\xfc\xb3\x61\x83\xef\x0e\
\x8e\x2e\x95\x32\x7b\x14\x0c\x19\x22\xfd\xee\x77\xe6\x10\x29\x20\
\x40\x0e\x17\x4c\x03\x0d\x14\x45\xe6\x02\xfa\x3f\xff\x67\xf8\x37\
\x7f\x89\xed\x62\x7d\x58\xb3\x26\xfc\x67\xed\xdd\xba\x99\xd9\x80\
\x8b\x2f\x76\xbb\x37\x05\xd0\x40\xfc\x56\x22\x2c\x1d\x3a\x48\x53\
\xa6\x98\xe7\xa9\x8d\x39\xd9\xcd\x97\xf7\xde\x93\x2a\x2a\x7c\x77\
\x91\x7f\x2a\x2b\xa5\x65\xcb\x7c\x77\xf1\xc5\xd2\x69\xb3\x47\xc5\
\x0f\x7f\x28\x75\xee\xec\xbb\x1b\xe0\x53\x08\x00\x08\xc7\xa8\x51\
\xd2\x8f\x7f\x6c\x36\xd6\x49\x8a\x79\xf3\x7c\x77\x90\xbf\x9e\x7d\
\x56\x8a\x63\xdf\x5d\x34\x4c\x9f\x3e\xd2\x3f\xfd\x93\x74\xc6\x19\
\xbe\x3b\x01\xfe\x2f\x02\x00\xfc\x6b\xd1\xc2\xac\xeb\xbf\xe9\x26\
\xa9\xa8\xc8\x77\x37\x0d\xf7\xca\x2b\x3c\xff\xf7\x69\xeb\x56\xe9\
\x85\x17\x7c\x77\xd1\x70\xad\x5a\x49\x5f\xff\xba\xf4\x0f\xff\x60\
\x56\x0d\x00\x9e\xf1\x12\x20\xfc\x2a\x2d\x95\x6e\xbe\x59\xea\xd5\
\xcb\x77\x27\x8d\xb3\x79\xb3\xf4\xe8\xa3\xbe\xbb\xc0\x93\x4f\x9a\
\xa5\xa1\xd9\x3e\xee\xd9\xa6\xd3\x4e\x93\x7a\xf6\x94\xee\xbb\xcf\
\x1c\x29\x0d\x78\xc2\x0c\x00\xfc\x19\x36\x4c\xfa\xd1\x8f\x92\x77\
\xf3\xdf\xb0\x41\x9a\x31\x83\x25\x5e\x21\xa8\xab\x33\xff\x2d\x56\
\xae\xf4\xdd\x49\xe3\x74\xef\x6e\x7e\xf7\x4f\x3d\xd5\x77\x27\xc8\
\x63\x04\x00\xb8\x97\x4a\x49\x57\x5d\x25\x4d\x9c\x68\x4e\xf1\x4b\
\x8a\x4c\x46\x7a\xf9\x65\xe9\xae\xbb\x58\xfb\x1f\x92\x9a\x1a\xe9\
\x57\xbf\x32\x07\xf4\xd4\xd5\xf9\xee\xa6\xe1\x5a\xb5\x92\xbe\xf5\
\x2d\xe9\xba\xeb\xc2\xdd\xe3\x02\x39\x8d\x47\x00\x70\xab\xb0\xd0\
\x4c\xf9\x0f\x1e\xec\xbb\x93\xc6\xe1\x3c\xf8\xb0\xd5\xd5\x99\x63\
\x7a\x5f\x7f\xdd\x1c\x10\x75\xd2\x49\xbe\x3b\x6a\xb8\x73\xcf\x95\
\x8e\x3b\x4e\xba\xf7\x5e\xb3\xba\x01\x70\x84\x00\x00\x77\x4a\x4b\
\xa5\xef\x7d\xcf\x5c\xec\x92\x20\x8e\xcd\x32\xbf\x67\x9e\x61\x6b\
\xd7\xa4\xf8\xf8\x63\xf3\x48\xa0\x47\x0f\xb3\x97\xc4\xa8\x51\xc9\
\x58\x83\x3f\x70\xa0\x79\x24\x70\xcf\x3d\xe6\xdf\x01\x70\x80\x00\
\x00\x37\xfa\xf7\x97\xbe\xf3\x9d\xb0\x0e\x71\x39\x9a\x9a\x1a\x69\
\xc9\x12\x33\xa5\x5c\x5e\xee\xbb\x1b\x34\xc5\xd6\xad\x66\x17\xbe\
\xb9\x73\xa5\xf3\xce\x93\xce\x3c\x33\xfc\x37\xef\x4b\x4b\xa5\x3b\
\xef\x94\x1e\x78\x40\x5a\xbe\xdc\x77\x37\xc8\x03\x04\x00\xd8\x77\
\xd6\x59\xd2\xf5\xd7\x87\xff\x9c\xb3\xb6\xd6\x2c\xed\x7b\xee\x39\
\x9e\xf1\xe7\x8a\x1d\x3b\xa4\x87\x1f\x36\x7b\x06\x8c\x1b\x67\x4e\
\x93\x0c\x79\x83\xa9\xc2\x42\x73\xc4\xf0\xa3\x8f\x4a\x0b\x16\xf8\
\xee\x06\x39\x8e\x00\x00\xbb\xc6\x8d\x93\x26\x4c\xf0\xdd\xc5\xb1\
\xd5\xd5\x99\x67\xc7\xcf\x3c\x23\xed\xda\xe5\xbb\x1b\xd8\xb0\x77\
\xaf\xb9\xa9\xce\x9f\x2f\x9d\x7f\xbe\x34\x76\x6c\xb8\x41\x20\x95\
\x32\xfb\x62\x94\x96\x4a\x8f\x3c\x92\x9c\xcd\x8e\x90\x38\x04\x00\
\xd8\x91\x4a\x49\x37\xdc\x60\xbe\xfd\x87\x2a\x8e\xa5\xc5\x8b\xa5\
\xa7\x9f\x96\x76\xee\xf4\xdd\x0d\x5c\xd8\xbb\xd7\xbc\xcc\xf9\xea\
\xab\xd2\xa5\x97\x9a\x35\xf9\x51\xe4\xbb\xab\x23\x1b\x3b\x56\x6a\
\xdd\x5a\xfa\xc3\x1f\x92\xb5\xba\x01\x89\x41\x00\x40\xf6\xb5\x68\
\x61\x4e\xf1\x1b\x39\xd2\x77\x27\x47\xf7\xc1\x07\xe6\xdb\x55\xc8\
\xa7\xca\xc1\x9e\x1d\x3b\xa4\xdf\xff\xde\x4c\xb3\x5f\x73\x8d\x34\
\x60\x80\xef\x8e\x8e\x6c\xf4\x68\xa9\x5d\x3b\xe9\xd7\xbf\x96\xaa\
\xab\x7d\x77\x83\x1c\x93\x80\xd7\x63\x91\x28\x45\x45\xd2\x6d\xb7\
\x85\x7b\xf3\xaf\xa8\x30\x17\xfe\x5f\xfc\x82\x9b\x3f\xcc\x8e\x8e\
\xff\xfd\xdf\x66\x1f\x81\xed\xdb\x7d\x77\x73\x64\x83\x06\x49\xdf\
\xff\x7e\x32\x5e\xa0\x45\xa2\x30\x03\x80\xec\x69\xd3\xc6\x9c\xe4\
\xd7\xa3\x87\xef\x4e\x3e\xaf\xa6\xc6\x1c\xdc\xf3\xd2\x4b\xec\xe0\
\x87\xcf\x5b\xbe\xdc\x1c\xeb\x7c\xc1\x05\xe6\xf8\xde\xd0\xde\x0f\
\xe8\xd5\x4b\xfa\xc1\x0f\xa4\x69\xd3\x78\x4f\x05\x59\xc3\x0c\x00\
\xb2\xa3\x6d\x5b\xf3\x2d\x25\xc4\x9b\xff\xba\x75\xd2\x7f\xfc\x87\
\x79\xbb\x9f\x9b\x3f\x8e\xa6\xb6\xd6\x84\xc4\x9f\xfe\xd4\x84\x81\
\xd0\x74\xed\x2a\xdd\x71\x87\xd4\xa9\x93\xef\x4e\x90\x23\x08\x00\
\x68\xbe\xfa\x9b\x7f\xf7\xee\xbe\x3b\xf9\xb4\xca\x4a\xe9\xc1\x07\
\xa5\xbb\xef\xe6\xd0\x15\x34\xdc\xf6\xed\xd2\xf4\xe9\xe6\xb0\x9e\
\xd0\x96\x83\x76\xea\x24\xdd\x7e\x3b\x21\x00\x59\x41\x00\x40\xf3\
\x94\x94\x98\xa9\xc9\xd0\x76\xf7\x5b\xb2\x44\xfa\xd7\x7f\x95\x16\
\x2d\x62\x19\x15\x9a\xe6\xed\xb7\xa5\x7f\xfb\x37\xe9\xcd\x37\x7d\
\x77\xf2\x69\x1d\x3b\x9a\xc0\x4d\x08\x40\x33\x11\x00\xd0\x74\xed\
\xdb\x9b\x9b\x7f\xd7\xae\xbe\x3b\x39\xa4\xaa\xca\xec\xa4\xf6\xc0\
\x03\xe1\x7d\x7b\x43\xf2\xec\xdb\x27\xdd\x7f\xbf\x99\x0d\xd8\xbf\
\xdf\x77\x37\x87\x74\xea\x64\x3e\x7b\xa5\xa5\xbe\x3b\x41\x82\x11\
\x00\xd0\x34\xf5\x2f\xfc\x75\xee\xec\xbb\x93\x43\x56\xad\x32\xcf\
\x6f\x97\x2c\xf1\xdd\x09\x72\x4d\xfd\x6c\xc0\x8a\x15\xbe\x3b\x39\
\xa4\x43\x07\xf3\x38\xa0\x63\x47\xdf\x9d\x20\xa1\x08\x00\x68\xbc\
\xfa\xa5\x7e\xa1\x7c\xf3\xaf\xa9\x91\x1e\x7a\x48\x9a\x39\x93\x37\
\xa4\x61\xcf\xde\xbd\x66\xb9\xe0\x9c\x39\xe1\xbc\x4c\xda\xa1\x83\
\x34\x69\x92\x09\xe4\x40\x23\x11\x00\xd0\x38\x05\x05\xe6\x44\xbf\
\x9e\x3d\x7d\x77\x62\x94\x95\x49\x3f\xff\xb9\xd9\xc3\x9f\x67\xfd\
\xb0\x2d\x8e\xa5\x97\x5f\x36\xab\x4a\x3e\xfa\xc8\x77\x37\x46\xb7\
\x6e\x26\x90\x17\x15\xf9\xee\x04\x09\x43\x00\x40\xc3\xa5\xd3\xd2\
\xb7\xbf\x1d\xce\xae\x69\xcb\x96\x99\x9b\xff\x87\x1f\xfa\xee\x04\
\xf9\xe6\xe3\x8f\xa5\xff\xfa\x2f\xe9\xad\xb7\x7c\x77\x62\xf4\xec\
\x69\x0e\x11\x0a\x6d\xff\x02\x04\x8d\x00\x80\x86\x89\x22\xe9\x1b\
\xdf\x90\x86\x0e\xf5\xdd\x89\x74\xf0\xa0\x99\xf2\xbf\xf7\x5e\xf3\
\xd2\x1f\xe0\x43\x75\xb5\xf4\xdb\xdf\x9a\x47\x02\x21\xec\xd5\x3f\
\x70\xa0\xf4\xad\x6f\x99\x73\x38\x80\x06\xe0\x37\x05\x0d\x33\x61\
\x82\x34\x6a\x94\xef\x2e\xcc\x33\xfe\x5f\xfc\xc2\x4c\xf9\x03\x21\
\x78\xf9\x65\xf3\x3b\xb9\x7b\xb7\xef\x4e\xa4\xe1\xc3\xcd\x49\x82\
\x40\x03\x10\x00\xf0\xc5\xc6\x8c\x91\x2e\xbc\xd0\x77\x17\xd2\x96\
\x2d\x66\xda\x75\xd3\x26\xdf\x9d\x00\x9f\xb6\x71\xa3\xf4\xb3\x9f\
\x99\x3f\xfa\xf6\xa5\x2f\x49\xe7\x9d\xe7\xbb\x0b\x24\x00\x01\x00\
\xc7\x76\xc2\x09\xd2\x8d\x37\xfa\xee\x42\x5a\xba\xd4\x7c\xcb\xaa\
\xa8\xf0\xdd\x09\x70\x64\xbb\x77\x9b\x83\x85\x42\x58\x86\x7a\xf5\
\xd5\x66\x36\x00\x38\x06\x02\x00\x8e\xae\x5b\x37\x69\xe2\x44\xf3\
\xf2\x9f\x2f\x71\x2c\x3d\xf9\xa4\x79\xd6\x5a\x53\xe3\xaf\x0f\xa0\
\x21\x6a\x6b\xa5\xdf\xfd\x4e\x9a\x3b\xd7\xef\xaa\x94\x28\x32\x47\
\x72\x1f\x7f\xbc\xbf\x1e\x10\x3c\x02\x00\x8e\xac\x6d\x5b\xe9\xd6\
\x5b\xfd\x2e\x2d\xaa\xab\x33\x3b\xfa\x3d\xfb\x2c\x4b\xfc\x90\x1c\
\x71\x2c\x3d\xf3\x8c\x39\x76\xda\xe7\xcb\x81\xad\x5a\x99\x25\xbb\
\xed\xdb\xfb\xeb\x01\x41\x23\x00\xe0\xf3\x52\x29\xe9\xe6\x9b\xfd\
\xee\x35\x5e\x53\x63\x36\x5d\x09\x6d\x1f\x76\xa0\xa1\xde\x78\xc3\
\x6c\x4e\x55\x5d\xed\xaf\x87\xf6\xed\xcd\xf2\xc0\x16\x9c\xfc\x8e\
\xcf\x23\x00\xe0\xf3\x26\x4c\x30\xcf\xfe\x7d\xa9\xac\x34\xe7\x9e\
\xaf\x5c\xe9\xaf\x07\x20\x1b\xd6\xac\x31\xbf\xcb\x3e\xcf\xa5\xe8\
\xdd\x9b\x95\x01\x38\x22\x02\x00\x3e\x6d\xe4\x48\xe9\xfc\xf3\xfd\
\xd5\xdf\xb9\xd3\x6c\xee\xf3\xc1\x07\xfe\x7a\x00\xb2\x69\xe3\x46\
\xe9\x97\xbf\xf4\xfb\x02\xeb\xd9\x67\x4b\x67\x9c\xe1\xaf\x3e\x82\
\x44\x00\xc0\x21\x5d\xbb\x4a\x5f\xfb\x9a\x79\x81\xc8\x87\x9d\x3b\
\xa5\xbb\xee\x92\xb6\x6d\xf3\x53\x1f\xb0\xa5\xac\xcc\xac\x62\xd9\
\xbe\xdd\x5f\x0f\x37\xdc\x20\xf5\xea\xe5\xaf\x3e\x82\x43\x00\x80\
\xd1\xaa\x95\x79\x56\x58\x58\xe8\xa7\xfe\x8e\x1d\xe6\xe6\xbf\x63\
\x87\x9f\xfa\x80\x6d\x15\x15\xe6\x77\xbc\xbc\xdc\x4f\xfd\x82\x02\
\xf3\x19\xe7\xe0\x20\x7c\x82\x00\x00\xe3\x2b\x5f\x31\xcb\xfe\x7c\
\x28\x2b\x33\x53\xa4\xdc\xfc\x91\xeb\x2a\x2a\xa4\xbb\xef\xf6\x17\
\x02\x3a\x74\xf0\x3b\xcb\x87\xa0\x10\x00\x20\x9d\x7e\xba\xbf\x6d\
\x7e\xcb\xca\xcc\x05\x91\x63\x7c\x91\x2f\x7c\xcf\x04\x0c\x1b\x26\
\x9d\x73\x8e\x9f\xda\x08\x0a\x01\x20\xdf\x95\x96\x4a\xd7\x5d\xe7\
\xa7\x76\x45\x85\x34\x63\x46\x18\x7b\xa8\x03\x2e\xed\xda\x65\x42\
\xc0\xce\x9d\x7e\xea\x7f\xf9\xcb\x52\x8f\x1e\x7e\x6a\x23\x18\x04\
\x80\x7c\x96\x4a\x99\xdd\xc2\x7c\x3c\xf7\xdf\xb7\x4f\x9a\x3e\xdd\
\xdf\x05\x10\xf0\x6d\xd7\x2e\xb3\x44\x70\xef\x5e\xf7\xb5\x0b\x0a\
\xa4\x9b\x6e\xe2\xf8\xe0\x3c\x47\x00\xc8\x67\x97\x5f\x2e\xf5\xed\
\xeb\xbe\x6e\x75\xb5\xf9\xe6\x5f\x56\xe6\xbe\x36\x10\x92\xf2\x72\
\x13\x84\x7d\x1c\x6b\x7d\xdc\x71\x66\xcf\x0f\xe4\x2d\x02\x40\xbe\
\x3a\xe1\x04\x69\xdc\x38\xf7\x75\x6b\x6b\xa5\x59\xb3\xa4\xcd\x9b\
\xdd\xd7\x06\x42\xb4\x75\xab\x34\x7b\xb6\xf9\x6c\xb8\x76\xee\xb9\
\xd2\xe0\xc1\xee\xeb\x22\x08\x04\x80\x7c\xd4\xb2\xa5\xf4\xd5\xaf\
\xba\x7f\x13\x38\x8e\xa5\x3f\xfe\x51\x7a\xff\x7d\xb7\x75\x81\xd0\
\xad\x5b\x67\x0e\x11\x72\x7d\xe6\x45\x14\x99\x55\x01\x3e\xcf\xfc\
\x80\x37\x04\x80\x7c\x74\xf9\xe5\x52\xe7\xce\xee\xeb\x3e\xf1\x04\
\x7b\xfb\x03\x47\xf3\xf6\xdb\xe6\x14\x41\xd7\x4a\x4a\xa4\xab\xae\
\x72\x5f\x17\xde\x11\x00\xf2\x4d\x9f\x3e\xd2\xd8\xb1\xee\xeb\xbe\
\xfe\xba\x34\x7f\xbe\xfb\xba\x40\x92\xcc\x9b\x27\x2d\x5e\xec\xbe\
\xee\x99\x67\x4a\x27\x9d\xe4\xbe\x2e\xbc\x22\x00\xe4\x93\x16\x2d\
\xcc\x74\x5f\xca\xf1\x7f\xf6\x75\xeb\xa4\x07\x1f\x74\x5b\x13\x48\
\xaa\x3f\xfd\x49\x5a\xbb\xd6\x6d\xcd\x28\x92\x6e\xbc\xd1\xec\x08\
\x8a\xbc\x41\x00\xc8\x27\xe3\xc7\x9b\x37\x7f\x5d\xda\xbe\x5d\xfa\
\xf5\xaf\xfd\x9e\x8b\x0e\x24\x49\x5d\x9d\x74\xdf\x7d\xee\x97\xc8\
\x76\xea\x24\x5d\x71\x85\xdb\x9a\xf0\x8a\x00\x90\x2f\xba\x75\x93\
\x2e\xbc\xd0\x6d\xcd\xda\x5a\x73\x21\xab\xac\x74\x5b\x17\x48\xba\
\xfd\xfb\xfd\xac\x0c\x38\xf7\x5c\x73\x7c\x30\xf2\x02\x01\x20\x5f\
\x5c\x7f\xbd\x94\x4e\xbb\xad\xf9\xd0\x43\x2c\xf7\x03\x9a\x6a\xcb\
\x16\xf7\x8f\xce\xa2\xc8\x9c\x1a\xc8\x59\x01\x79\x81\x00\x90\x0f\
\x4e\x3d\x55\x1a\x38\xd0\x6d\xcd\x85\x0b\xcd\x8b\x7f\x00\x9a\xee\
\x8d\x37\xa4\x45\x8b\xdc\xd6\xec\xd5\x4b\x3a\xe3\x0c\xb7\x35\xe1\
\x05\x01\x20\xd7\xb5\x6a\x65\xf6\xfd\x76\x69\xe3\x46\xe9\x91\x47\
\xdc\xd6\x04\x72\xd5\x9c\x39\xd2\xa6\x4d\x6e\x6b\x4e\x98\x20\x15\
\x17\xbb\xad\x09\xe7\x08\x00\xb9\x6e\xfc\x78\xa9\x7d\x7b\x77\xf5\
\x0e\x1c\x90\x1e\x78\x80\x97\xfe\x80\x6c\x39\x78\x50\xfa\xcd\x6f\
\xcc\x16\xda\xae\xb4\x69\x63\xf6\x0b\x41\x4e\x23\x00\xe4\xb2\xae\
\x5d\xa5\xf3\xce\x73\x5b\xf3\xa1\x87\xa4\x6d\xdb\xdc\xd6\x04\x72\
\xdd\xf6\xed\xd2\xc3\x0f\xbb\xad\x79\xf6\xd9\x52\xcf\x9e\x6e\x6b\
\xc2\x29\x02\x40\x2e\x9b\x30\xc1\xed\x8b\x7f\x6f\xbf\x6d\x9e\x59\
\x02\xc8\xbe\xd7\x5f\x97\xde\x7a\xcb\x5d\xbd\x54\x4a\xba\xfa\x6a\
\x77\xf5\xe0\x1c\x01\x20\x57\xf5\xe9\x23\x0d\x1b\xe6\xae\xde\x8e\
\x1d\x66\x03\x13\x00\xf6\xfc\xf9\xcf\x6e\xf7\x07\x18\x38\x90\x1d\
\x02\x73\x18\x01\x20\x57\x5d\x7d\xb5\xbb\xa5\x3c\x71\x2c\xfd\xe1\
\x0f\x7e\x8e\x34\x05\xf2\x49\x55\x95\xf9\xac\xb9\x3c\x34\xe8\xaa\
\xab\x58\x16\x98\xa3\x08\x00\xb9\x68\xf8\x70\xa9\x5f\x3f\x77\xf5\
\x5e\x79\xc5\x6c\xf7\x0b\xc0\xbe\xb5\x6b\xa5\xbf\xfd\xcd\x5d\xbd\
\x1e\x3d\xa4\x51\xa3\xdc\xd5\x83\x33\x04\x80\x5c\x93\x4a\xb9\xdd\
\xce\x73\xe7\x4e\x73\xca\x1f\x00\x77\xfe\xfa\x57\xa9\xa2\xc2\x5d\
\xbd\x2b\xae\x90\x0a\x0a\xdc\xd5\x83\x13\x04\x80\x5c\x73\xda\x69\
\xee\xf6\xfb\x8f\x63\xb3\x53\x99\xcb\xe5\x49\x00\xcc\x67\xee\xcf\
\x7f\x76\x57\xaf\x63\x47\xe9\xac\xb3\xdc\xd5\x83\x13\x04\x80\x5c\
\x92\x4a\x49\x17\x5f\xec\xae\xde\xeb\xaf\x4b\xab\x56\xb9\xab\x07\
\xe0\x90\xf7\xde\x73\x7b\x74\xf0\xb8\x71\xcc\x02\xe4\x18\x02\x40\
\x2e\x19\x3d\x5a\xea\xdc\xd9\x4d\xad\xca\x4a\xe9\xf1\xc7\xdd\xd4\
\x02\x70\x64\x8f\x3d\xe6\xee\xe5\xdb\x92\x12\x69\xcc\x18\x37\xb5\
\xe0\x04\x01\x20\x57\xa4\x52\xd2\x45\x17\xb9\xab\xf7\xc4\x13\xd2\
\xbe\x7d\xee\xea\x01\xf8\xbc\xbd\x7b\xa5\xa7\x9e\x72\x57\x6f\xdc\
\x38\xf7\x87\x8a\xc1\x1a\x02\x40\xae\x38\xe5\x14\xb3\xf3\x9f\x0b\
\x9b\x37\xbb\x7d\x0b\x19\xc0\xd1\xbd\xf2\x8a\x39\x39\xd0\x85\x0e\
\x1d\x38\x28\x28\x87\x10\x00\x72\x41\x14\xb9\xfb\xf6\x1f\xc7\x66\
\xbb\xdf\x4c\xc6\x4d\x3d\x00\xc7\x96\xc9\x48\x7f\xf9\x8b\xbb\xbd\
\x01\x2e\xbe\x98\x59\x80\x1c\x41\x00\xc8\x05\xc3\x86\x49\xdd\xbb\
\xbb\xa9\xb5\x78\xb1\xb4\x61\x83\x9b\x5a\x00\x1a\x66\xfd\x7a\x69\
\xc9\x12\x37\xb5\x3a\x76\x34\x33\x8e\x48\x3c\x02\x40\x2e\xb8\xe0\
\x02\x37\x75\x6a\x6b\xa5\xb9\x73\xdd\xd4\x02\xd0\x38\x4f\x3c\x61\
\x3e\xa3\x2e\x9c\x7f\xbe\x9b\x3a\xb0\x8a\x00\x90\x74\xc7\x1f\x2f\
\xf5\xef\xef\xa6\xd6\x4b\x2f\xb9\xdd\x7c\x04\x40\xc3\xed\xda\x25\
\x2d\x5c\xe8\xa6\xd6\xf1\xc7\x4b\x03\x06\xb8\xa9\x05\x6b\x08\x00\
\x49\xe7\x2a\x89\x57\x56\x4a\xcf\x3f\xef\xa6\x16\x80\xa6\x99\x37\
\x4f\xda\xbf\xdf\x4d\x2d\xd7\x47\x8d\x23\xeb\x08\x00\x49\x56\x52\
\xe2\xee\x59\xdc\xbc\x79\x26\x04\x00\x08\x57\x55\x95\xf4\xdc\x73\
\x6e\x6a\x0d\x1f\x2e\x95\x96\xba\xa9\x05\x2b\x08\x00\x49\x76\xce\
\x39\x6e\xde\xc6\x75\x39\xb5\x08\xa0\x79\x16\x2e\x34\x9f\x59\xdb\
\xa2\x48\x1a\x3b\xd6\x7e\x1d\x58\x43\x00\x48\xaa\x74\xda\xdd\xde\
\xdc\xf3\xe7\x4b\x07\x0f\xba\xa9\x05\xa0\x79\x6a\x6b\xdd\x3d\xae\
\x3b\xe3\x0c\xa9\x65\x4b\x37\xb5\x90\x75\x04\x80\xa4\x1a\x3e\x5c\
\x6a\xdb\xd6\x7e\x9d\x3d\x7b\xd8\xf4\x07\x48\x9a\x45\x8b\xa4\xdd\
\xbb\xed\xd7\x29\x2c\x64\x49\x60\x82\x11\x00\x92\xea\xcc\x33\xdd\
\xd4\x99\x3f\xdf\xdd\xd2\x22\x00\xd9\x51\x5b\x2b\xbd\xf8\xa2\x9b\
\x5a\xae\xae\x45\xc8\x3a\x02\x40\x12\x75\xe8\x20\x0d\x1a\x64\xbf\
\xce\xde\xbd\xe6\x9b\x04\x80\xe4\x79\xe5\x15\xf3\x19\xb6\xad\x5f\
\x3f\xa9\x5b\x37\xfb\x75\x90\x75\x04\x80\x24\x1a\x33\xc6\x1c\xfe\
\x63\xdb\x8b\x2f\x4a\x35\x35\xf6\xeb\x00\xc8\xbe\x9a\x1a\x69\xc1\
\x02\x37\xb5\x98\x05\x48\x24\x02\x40\xd2\x44\x91\x9b\xc3\x38\x6a\
\x6a\x78\xf6\x0f\x24\xdd\x2b\xaf\xb8\x09\xf1\xa7\x9f\x2e\xb5\x68\
\x61\xbf\x0e\xb2\x8a\x00\x90\x34\x27\x9e\x68\xf6\xe2\xb6\x6d\xf1\
\x62\x77\x1b\x8a\x00\xb0\xa3\xb2\xd2\xcd\x19\x01\xad\x5b\x4b\x43\
\x87\xda\xaf\x83\xac\x22\x00\x24\xcd\xa9\xa7\xda\xaf\x11\xc7\xee\
\xa6\x0e\x01\xd8\xf5\xe2\x8b\x6e\x4e\x0a\x74\x71\x6d\x42\x56\x11\
\x00\x92\x24\x9d\x36\xcb\xff\x6c\x7b\xef\x3d\xa9\xac\xcc\x7e\x1d\
\x00\xf6\x95\x95\x49\xab\x57\xdb\xaf\x33\x74\xa8\x59\x16\x88\xc4\
\x20\x00\x24\xc9\xe0\xc1\x52\x71\xb1\xfd\x3a\x2f\xbf\x6c\xbf\x06\
\x00\x77\x5c\x7c\xa6\x0b\x0a\xcc\xd1\xe4\x48\x0c\x02\x40\x92\xb8\
\x98\x62\xab\xa8\x90\xd6\xac\xb1\x5f\x07\x80\x3b\xef\xbd\xe7\xe6\
\x24\x4f\x36\x05\x4a\x14\x02\x40\x52\xb4\x6c\xe9\x26\x5d\xff\xed\
\x6f\x52\x26\x63\xbf\x0e\x00\x77\xe2\x58\x7a\xfd\x75\xfb\x75\x5c\
\xcd\x52\x22\x2b\x08\x00\x49\x31\x78\xb0\xd4\xaa\x95\xdd\x1a\x99\
\x8c\xf4\xda\x6b\x76\x6b\x00\xf0\xe3\xf5\xd7\xed\xbf\x0c\xe8\xea\
\x3d\x25\x64\x05\x01\x20\x29\x5c\x7c\xa8\x56\xae\x74\x73\x8a\x18\
\x00\xf7\x76\xec\x70\xf3\x78\x8f\x00\x90\x18\x04\x80\x24\x48\xa5\
\xcc\x0c\x80\x6d\x2e\xa6\x08\x01\xf8\xe3\x62\x73\xaf\x41\x83\xd8\
\x14\x28\x21\x08\x00\x49\xd0\xa7\x8f\xd4\xa6\x8d\xdd\x1a\xd5\xd5\
\xe6\x45\x21\x00\xb9\x6b\xf9\x72\xf3\x59\xb7\xa9\x55\x2b\xe9\x84\
\x13\xec\xd6\x40\x56\x10\x00\x92\xc0\xc5\x0e\x5b\xcb\x96\x71\xea\
\x1f\x90\xeb\x6a\x6b\xa5\x15\x2b\xec\xd7\x61\x57\xc0\x44\x20\x00\
\x24\x81\x8b\x0f\xd3\xd2\xa5\xf6\x6b\x00\xf0\xef\xad\xb7\xec\xd7\
\x60\x3f\x80\x44\x20\x00\x84\xae\x63\x47\xa9\x7b\x77\xbb\x35\xf6\
\xef\x67\xed\x3f\x90\x2f\x56\xae\x34\x67\x04\xd8\xd4\xb1\xa3\x74\
\xdc\x71\x76\x6b\xa0\xd9\x08\x00\xa1\x1b\x34\xc8\x7e\x8d\x65\xcb\
\xa4\xba\x3a\xfb\x75\x00\xf8\x57\x57\x27\xbd\xf3\x8e\xfd\x3a\x2e\
\xae\x5d\x68\x16\x02\x40\xe8\x06\x0e\xb4\x5f\xc3\xc5\xc5\x00\x40\
\x38\xde\x7d\xd7\x7e\x0d\x17\xd7\x2e\x34\x0b\x01\x20\x74\x03\x06\
\xd8\x1d\xbf\xa6\x46\x5a\xb7\xce\x6e\x0d\x00\x61\x59\xbd\xda\x7c\
\xf6\x6d\x1a\x30\x40\x8a\x22\xbb\x35\xd0\x2c\x04\x80\x90\x75\xee\
\x2c\x75\xe8\x60\xb7\xc6\xea\xd5\xbc\xfd\x0f\xe4\x9b\xda\x5a\xfb\
\xc1\xbf\xb8\x58\xea\xd1\xc3\x6e\x0d\x34\x0b\x01\x20\x64\x2e\xa6\
\xd0\x5c\x2c\x09\x02\x10\x1e\x17\xfb\x7e\xb0\x1f\x40\xd0\x08\x00\
\x21\xb3\x3d\xfd\x1f\xc7\xe6\x8d\x60\x00\xf9\x67\xf9\x72\xfb\x67\
\x03\x10\x00\x82\x46\x00\x08\x99\xed\x00\xb0\x75\x2b\x7b\xff\x03\
\xf9\xaa\xa2\x42\x2a\x2b\xb3\x5b\x83\xf7\x00\x82\x46\x00\x08\x55\
\xbb\x76\xf6\x9f\xff\xaf\x5d\x6b\x77\x7c\x00\x61\xb3\x7d\x0d\x28\
\x2e\x96\x4a\x4b\xed\xd6\x40\x93\x11\x00\x42\xd5\xbb\xb7\xfd\x1a\
\x7f\xff\xbb\xfd\x1a\x00\xc2\xe5\x62\x05\x90\x8b\x6b\x19\x9a\x84\
\x00\x10\xaa\x5e\xbd\xec\x8e\x1f\xc7\xd2\xfb\xef\xdb\xad\x01\x20\
\x6c\xeb\xd6\xd9\x7f\x0f\xc0\xf6\xb5\x0c\x4d\x46\x00\x08\x95\xed\
\xd4\xbc\x65\x8b\xd9\x02\x18\x40\xfe\xda\xb7\x4f\xfa\xf8\x63\xbb\
\x35\x98\x01\x08\x16\x01\x20\x54\xb6\x53\x33\xd3\xff\x00\x24\xfb\
\x8f\x01\x8e\x3f\x5e\x4a\x71\xab\x09\x11\xff\x55\x42\xd4\xa9\x93\
\xd4\xa6\x8d\xdd\x1a\x1b\x36\xd8\x1d\x1f\x40\x32\xd8\xbe\x16\xb4\
\x6c\x29\x75\xeb\x66\xb7\x06\x9a\x84\x00\x10\x22\xdb\xa7\xff\x49\
\xd2\xc6\x8d\xf6\x6b\x00\x08\x9f\x8b\x6b\x81\x8b\x6b\x1a\x1a\x8d\
\x00\x10\x22\xdb\x69\xb9\xb2\x52\xda\xb1\xc3\x6e\x0d\x00\xc9\xb0\
\x6d\x9b\x54\x55\x65\xb7\x46\xd7\xae\x76\xc7\x47\x93\x10\x00\x42\
\x64\x3b\x00\x6c\xdc\x68\xff\xcd\x5f\x00\xc9\x10\xc7\xd2\xe6\xcd\
\x76\x6b\x1c\x77\x9c\xdd\xf1\xd1\x24\x04\x80\x10\xb9\x08\x00\x00\
\x50\x6f\xd3\x26\xbb\xe3\xf3\x0e\x40\x90\x08\x00\xa1\x89\x22\xfb\
\xd3\x65\x5b\xb6\xd8\x1d\x1f\x40\xb2\xd8\x9e\x01\xe8\xd2\x45\x4a\
\xa7\xed\xd6\x40\xa3\x11\x00\x42\xd3\xbe\xbd\x54\x58\x68\xb7\x86\
\xed\x75\xbf\x00\x92\xc5\xf6\x35\x21\x95\x32\x21\x00\x41\x21\x00\
\x84\xc6\xf6\x87\xa4\xae\x4e\x2a\x2f\xb7\x5b\x03\x40\xb2\x6c\xdb\
\x26\x65\x32\x76\x6b\xf0\x22\x60\x70\x08\x00\xa1\xe9\xd4\xc9\xee\
\xf8\xe5\xe5\x26\x04\x00\x40\xbd\xda\x5a\xfb\x2b\x83\x3a\x76\xb4\
\x3b\x3e\x1a\x8d\x00\x10\x1a\xdb\x27\x00\x32\xfd\x0f\xe0\x48\x3e\
\xfa\xc8\xee\xf8\xb6\xaf\x6d\x68\x34\x02\x40\x68\x6c\xa7\x64\x02\
\x00\x80\x23\xb1\x7d\x6d\x60\x06\x20\x38\x04\x80\xd0\xd8\xfe\x90\
\xb0\x01\x10\x80\x23\xb1\x7d\x6d\x60\x06\x20\x38\x04\x80\xd0\xd8\
\x0e\x00\x3b\x77\xda\x1d\x1f\x40\x32\x55\x54\xd8\x1d\x9f\x19\x80\
\xe0\x10\x00\x42\x92\x4a\x99\x65\x80\x36\x11\x00\x00\x1c\x89\xed\
\x6b\x43\x9b\x36\xe6\x60\x20\x04\x83\x00\x10\x92\xd6\xad\xed\x6e\
\x96\x11\xc7\xd2\xae\x5d\xf6\xc6\x07\x90\x5c\x2e\xbe\x1c\xb4\x6b\
\x67\xbf\x06\x1a\x8c\x00\x10\x12\xdb\x47\x00\xef\xd9\x63\x96\xfb\
\x00\xc0\x67\xd5\xd4\x48\xfb\xf7\xdb\xad\xd1\xba\xb5\xdd\xf1\xd1\
\x28\x04\x80\x90\x14\x17\xdb\x1d\x9f\x6f\xff\x00\x8e\xc5\xf6\x35\
\xc2\xf6\x97\x1c\x34\x0a\x01\x20\x24\x6d\xdb\xda\x1d\x7f\xdf\x3e\
\xbb\xe3\x03\x48\x36\xdb\xd7\x08\x66\x00\x82\x42\x00\x08\x89\xed\
\x0f\x87\xed\xe9\x3d\x00\xc9\x66\xfb\x1a\xc1\x0c\x40\x50\x08\x00\
\x21\x21\x00\x00\xf0\x89\x19\x80\xbc\x42\x00\x08\x89\xed\x77\x00\
\x08\x00\x00\x8e\x85\x97\x00\xf3\x0a\x01\x20\x24\xb6\xd7\xc8\x12\
\x00\x00\x1c\x8b\xed\x6b\x04\xfb\x00\x04\x85\x00\x10\x12\xdb\x1f\
\x8e\xea\x6a\xbb\xe3\x03\x48\x36\xdb\xd7\x88\x82\x02\xbb\xe3\xa3\
\x51\x08\x00\x21\x69\xd1\xc2\xee\xf8\xec\x01\x00\xe0\x58\x0e\x1e\
\xb4\x3b\xbe\xed\x6b\x1c\x1a\x85\x00\x10\x12\xdb\x33\x00\x04\x00\
\x00\xc7\x52\x53\x63\x77\x7c\x1e\x01\x04\x85\x00\x10\x12\x66\x00\
\x00\xf8\x64\xfb\x1a\xc1\x0c\x40\x50\x08\x00\x21\xb1\xfd\x7c\x8c\
\x00\x00\xe0\x58\x6c\x3f\x02\xe0\x1d\x80\xa0\x10\x00\x42\x62\xf3\
\x20\x20\xc9\xfe\x87\x1b\x40\xb2\x31\x03\x90\x57\x08\x00\x00\x00\
\x37\xe2\xd8\x77\x07\x38\x0c\x01\x20\x24\x99\x8c\xdd\xf1\xa3\xc8\
\xee\xf8\xf0\xcf\xe6\x2c\x0f\x8f\x90\x72\x5f\xca\xf2\x2d\x81\x00\
\x10\x14\x02\x40\x48\x6c\x7f\x38\x6c\x7f\xb8\xe1\xdf\xee\xdd\xc9\
\x1c\x1b\x61\xb0\xfd\x25\xc1\xf6\x97\x1c\x34\x0a\x77\x84\x90\x30\
\x03\x80\xe6\xb2\x79\x9c\x2b\xc7\x49\xe7\x3e\xdb\xd7\x08\x66\x00\
\x82\x42\x00\x08\x09\x33\x00\x68\xae\x35\x6b\xec\x8d\xbd\x7a\xb5\
\xbd\xb1\x11\x06\x66\x00\xf2\x0a\x77\x84\x90\xd8\xfe\x70\xd8\x5e\
\x65\x00\xff\xde\x79\xc7\xde\xd8\xef\xbe\x6b\x6f\x6c\x84\xc1\xf6\
\x35\x82\x19\x80\xa0\x10\x00\x42\x62\x7b\x99\x5e\xab\x56\x76\xc7\
\x87\x7f\x5b\xb7\xda\x99\x05\x58\xb5\x4a\xfa\xf0\xc3\xec\x8f\x8b\
\xb0\x14\x16\xda\x1d\x9f\xa5\xc8\x41\x21\x00\x84\xe4\xc0\x01\xbb\
\xe3\xdb\xfe\x70\x23\x0c\x8f\x3f\x9e\xdd\x6f\x5a\x71\x6c\xc6\x44\
\xee\xb3\x7d\x8d\xe0\x40\xb2\xa0\x10\x00\x42\x52\x55\x65\x77\x7c\
\x66\x00\xf2\xc3\xa6\x4d\xd2\xd3\x4f\x67\x6f\xbc\xa7\x9e\x92\xb6\
\x6c\xc9\xde\x78\x08\x97\xed\x6b\x04\x01\x20\x28\x04\x80\x90\x30\
\x03\x80\x6c\x99\x37\x4f\x7a\xf3\xcd\xe6\x8f\xb3\x64\x89\xf4\xdc\
\x73\xcd\x1f\x07\xc9\xc0\x0c\x40\x5e\x21\x00\x84\xc4\xf6\x87\x83\
\x19\x80\xfc\x11\xc7\xd2\x03\x0f\x98\x99\x80\xa6\x3c\x0e\x88\x63\
\x69\xfe\x7c\xe9\x77\xbf\xe3\xc5\xad\x7c\x42\x00\xc8\x2b\x6c\xcc\
\x1c\x12\xdb\x1f\x8e\xd6\xad\xed\x8e\x8f\xb0\xc4\xb1\x09\x00\x1b\
\x36\x48\x57\x5d\x25\x75\xef\xde\xb0\x7f\xee\xc3\x0f\xa5\xbf\xfe\
\xd5\xbc\xf8\x87\xfc\x52\x5c\x6c\x77\x7c\x02\x40\x50\x08\x00\x21\
\xb1\xfd\xe1\x28\x29\xb1\x3b\x3e\xc2\xb4\x72\xa5\x59\xc3\x3f\x7c\
\xb8\x34\x62\x84\x34\x64\x88\x54\x54\xf4\xe9\xff\x9b\xaa\x2a\xe9\
\xbd\xf7\xa4\x65\xcb\xcc\x52\x42\xbe\xf5\xe7\x27\xdb\xd7\x08\x02\
\x40\x50\x08\x00\x21\xd9\xbf\xdf\xee\xf8\xed\xda\xd9\x1d\x1f\xe1\
\xca\x64\xcc\xcd\x7d\xd9\x32\xf3\xd7\x6d\xda\x1c\xfa\x7d\xd8\xb3\
\x47\xda\xb7\xcf\x5f\x6f\x08\x87\xed\x6b\x04\xbf\x67\x41\x21\x00\
\x84\xc4\xf6\x5e\xeb\xcc\x00\xa0\xde\xbe\x7d\x5c\x8c\xf1\x79\xb6\
\xaf\x11\x9c\x27\x11\x14\x5e\x02\x0c\xc9\x9e\x3d\x76\xc7\x2f\x29\
\xe1\x3c\x00\x92\xf7\xf6\x00\x00\x1d\x92\x49\x44\x41\x54\x00\x00\
\x47\x16\x45\x52\xdb\xb6\x76\x6b\xd8\xbe\xc6\xa1\x51\x08\x00\x21\
\xd9\xbb\xd7\xee\x76\xc0\xe9\xb4\xfd\x97\x7c\x00\x24\x53\x9b\x36\
\xf6\xcf\x0b\xd9\xbb\xd7\xee\xf8\x68\x14\x02\x40\x48\x32\x19\xfb\
\xd3\xb2\x9d\x3a\xd9\x1d\x1f\x40\x32\xd9\xbe\x36\x1c\x38\xc0\x4b\
\x80\x81\x21\x00\x84\xc6\xf6\x14\x59\x69\xa9\xdd\xf1\x01\x24\x53\
\xe7\xce\x76\xc7\x67\xfa\x3f\x38\x04\x80\xd0\xd8\x7e\x49\xc6\xf6\
\x87\x1c\x40\x32\xd9\xfe\x72\x40\x00\x08\x0e\x01\x20\x34\x3b\x76\
\xd8\x1d\x9f\x00\x00\xe0\x48\x6c\x5f\x1b\xb6\x6f\xb7\x3b\x3e\x1a\
\x8d\x00\x10\x9a\xf2\x72\xbb\xe3\x13\x00\x00\x1c\x89\xed\x6b\x83\
\xed\x6b\x1b\x1a\x8d\x00\x10\x1a\x02\x00\x00\x1f\x08\x00\x79\x87\
\x00\x10\x1a\xdb\x1f\x92\x76\xed\xec\xaf\xf5\x05\x90\x2c\x25\x25\
\x66\x19\xa0\x4d\x04\x80\xe0\x10\x00\x42\xb3\x7d\xbb\xdd\xbd\x00\
\x24\xa9\x67\x4f\xbb\xe3\x03\x48\x96\x1e\x3d\xec\xd7\xe0\x1d\x80\
\xe0\x10\x00\x42\x53\x57\x27\x55\x54\xd8\xad\xe1\xe2\xc3\x0e\x20\
\x39\x6c\x7f\x29\xd8\xb7\x4f\xaa\xac\xb4\x5b\x03\x8d\x46\x00\x08\
\xd1\xb6\x6d\x76\xc7\x67\x06\x00\xc0\xe1\x1a\x7a\x54\x74\x53\x31\
\xfd\x1f\x24\x02\x40\x88\xb6\x6e\xb5\x3b\x3e\x33\x00\x00\x0e\x67\
\xfb\x4b\x81\xed\x6b\x1a\x9a\x84\x00\x10\x22\xdb\x1f\x96\xae\x5d\
\xa5\x96\x2d\xed\xd6\x00\x90\x0c\x2d\x5b\x4a\x5d\xba\xd8\xad\x41\
\x00\x08\x12\x01\x20\x44\x5b\xb6\xd8\x1d\x3f\x95\x92\xfa\xf4\xb1\
\x5b\x03\x40\x32\xf4\xed\x6b\xff\x10\xa0\xcd\x9b\xed\x8e\x8f\x26\
\x21\x00\x84\xa8\xac\x4c\xaa\xad\xb5\x5b\xa3\x5f\x3f\xbb\xe3\x03\
\x48\x06\xdb\xd7\x82\x38\x96\x3e\xfa\xc8\x6e\x0d\x34\x09\x01\x20\
\x44\x99\x8c\xfd\x0f\x0c\x01\x00\x80\x64\xff\x5a\x50\x5e\x6e\x4e\
\x02\x44\x70\x08\x00\xa1\xb2\xfd\x18\xa0\x5f\x3f\xfb\xd3\x7e\x00\
\xc2\xe6\xe2\x71\x20\xcf\xff\x83\xc5\x1d\x20\x54\xb6\x9f\x99\x15\
\x16\x4a\xc7\x1d\x67\xb7\x06\x80\xb0\x75\xef\x2e\x15\x15\xd9\xad\
\xc1\xf3\xff\x60\x11\x00\x42\xb5\x7e\xbd\xfd\x1a\x03\x06\xd8\xaf\
\x01\x20\x5c\x27\x9c\x60\xbf\x86\x8b\x6b\x19\x9a\x84\x00\x10\xaa\
\x0f\x3f\x94\xaa\xaa\xec\xd6\x38\xe9\x24\xbb\xe3\x03\x08\xdb\xe0\
\xc1\x76\xc7\xaf\xab\x93\x36\x6d\xb2\x5b\x03\x4d\x46\x00\x08\x55\
\x1c\x4b\x1b\x36\xd8\xad\x31\x70\xa0\xd4\xa2\x85\xdd\x1a\x00\xc2\
\x54\x50\x20\xf5\xef\x6f\xb7\xc6\xc6\x8d\x52\x4d\x8d\xdd\x1a\x68\
\x32\x02\x40\xc8\x6c\x4f\x9d\xb5\x6c\x69\xff\x02\x00\x20\x4c\x03\
\x06\xd8\xdf\x10\x8c\xe9\xff\xa0\x11\x00\x42\xf6\xfe\xfb\xf6\x6b\
\xf0\x18\x00\xc8\x4f\x2e\x3e\xfb\x04\x80\xa0\x11\x00\x42\xb6\x61\
\x83\xfd\xa3\x81\x6d\x3f\x03\x04\x10\x26\xdb\x01\x20\x8e\x09\x00\
\x81\x23\x00\x84\xac\xa6\xc6\x3c\x43\xb3\xa9\x7b\x77\xa9\xb4\xd4\
\x6e\x0d\x00\x61\xe9\xdc\xd9\xfe\x32\xe0\x8f\x3e\x32\xc7\x00\x23\
\x58\x04\x80\xd0\xad\x5a\x65\xbf\xc6\x88\x11\xf6\x6b\x00\x08\xc7\
\xc8\x91\xf6\x6b\xb8\xb8\x76\xa1\x59\x08\x00\xa1\x5b\xb9\xd2\x7e\
\x0d\x17\x17\x03\x00\xe1\x70\x11\xfa\x5d\x5c\xbb\xd0\x2c\x04\x80\
\xd0\x6d\xda\x24\x55\x56\xda\xad\xd1\xab\x97\xd4\xb1\xa3\xdd\x1a\
\x00\xc2\xd0\xa9\x93\x74\xfc\xf1\x76\x6b\xd4\xd6\xf2\xfc\x3f\x01\
\x08\x00\xa1\xcb\x64\xa4\xd5\xab\xed\xd6\x88\x22\xe9\xe4\x93\xed\
\xd6\x00\x10\x86\x11\x23\xcc\x67\xde\xa6\xb5\x6b\xed\x9f\x68\x8a\
\x66\x23\x00\x24\x81\x8b\x67\x69\xa7\x9c\x62\xbf\x06\x00\xff\x5c\
\x7c\xd6\x79\xfe\x9f\x08\x04\x80\x24\x58\xb5\xca\x2c\xa9\xb1\xa9\
\x6f\x5f\xa9\x6b\x57\xbb\x35\x00\xf8\xd5\xad\x9b\xd4\xbb\xb7\xfd\
\x3a\x04\x80\x44\x20\x00\x24\xc1\xae\x5d\x6e\xf6\xd3\x3e\xfd\x74\
\xfb\x35\x00\xf8\x73\xc6\x19\xf6\x6b\x7c\xfc\xb1\x54\x56\x66\xbf\
\x0e\x9a\x8d\x00\x90\x14\x6f\xbf\x6d\xbf\xc6\x69\xa7\x99\xf3\xc1\
\x01\xe4\x9e\x54\x4a\x1a\x35\xca\x7e\x1d\x17\xd7\x2a\x64\x05\x57\
\xfb\xa4\x70\xf1\xa1\x6a\xdf\x5e\x1a\x34\xc8\x7e\x1d\x00\xee\x9d\
\x74\x92\xf9\x8c\xdb\xb6\x6c\x99\xfd\x1a\xc8\x0a\x02\x40\x52\xec\
\xd8\x21\x6d\xd9\x62\xbf\x8e\x8b\x29\x42\x00\xee\xb9\x78\xc4\x57\
\x5e\x2e\x6d\xdd\x6a\xbf\x0e\xb2\x82\x00\x90\x24\x2e\x92\xf5\x88\
\x11\x6e\xbe\x25\x00\x70\xa7\xa4\xc4\xcd\x52\x5f\xa6\xff\x13\x85\
\x00\x90\x24\x2e\x3e\x5c\xe9\xb4\x74\xe6\x99\xf6\xeb\x00\x70\xe7\
\xec\xb3\xcd\x67\xdb\x36\xa6\xff\x13\x85\x00\x90\x24\x65\x65\x6e\
\xa6\xd7\xce\x3a\xcb\xcd\xc5\x02\x80\x7d\xe9\xb4\xf9\x4c\xdb\xb6\
\x7d\xbb\xb4\x79\xb3\xfd\x3a\xc8\x1a\x02\x40\xd2\x2c\x5e\x6c\xbf\
\x46\x49\x09\x07\x04\x01\xb9\xe2\x94\x53\xa4\x76\xed\xec\xd7\x59\
\xbc\xd8\xfe\x7e\x25\xc8\x2a\x02\x40\xd2\x2c\x59\x22\xd5\xd5\xd9\
\xaf\x73\xee\xb9\xf6\x6b\x00\xb0\xcf\xc5\x67\x39\x8e\xdd\x7c\x39\
\x41\x56\x11\x00\x92\x66\xef\x5e\x37\xa7\x6c\xf5\xeb\x67\x7e\x00\
\x24\xd7\x09\x27\x48\x7d\xfa\xd8\xaf\xb3\x6e\x9d\xb4\x73\xa7\xfd\
\x3a\xc8\x2a\x02\x40\x12\xbd\xfe\xba\x9b\x3a\x17\x5d\xe4\xa6\x0e\
\x00\x3b\x5c\x7d\x86\xf9\xf6\x9f\x48\x04\x80\x24\x5a\xb1\x42\xda\
\xb7\xcf\x7e\x9d\xa1\x43\xed\x1f\x1b\x0a\xc0\x8e\x9e\x3d\xa5\x13\
\x4f\xb4\x5f\xe7\xc0\x01\xde\xfe\x4f\x28\x02\x40\x12\xd5\xd5\x99\
\x77\x01\x5c\x18\x37\xce\x4d\x1d\x00\xd9\x75\xc9\x25\xf6\x8f\xfd\
\x95\xa4\xa5\x4b\x4d\x08\x40\xe2\x10\x00\x92\x6a\xe1\x42\x37\x6f\
\xdc\x8e\x18\x21\x75\xe9\x62\xbf\x0e\x80\xec\xe9\xda\xd5\xcd\xc6\
\x3f\x92\xf4\xca\x2b\x6e\xea\x20\xeb\x08\x00\x49\x55\x5e\xee\xe6\
\xc8\xcd\x54\x4a\x1a\x3f\xde\x7e\x1d\x00\xd9\x73\xd9\x65\x6e\xbe\
\xfd\xaf\x5f\xef\xe6\xa4\x52\x58\x41\x00\x48\xb2\x85\x0b\xdd\xd4\
\x19\x35\xca\x3c\x4f\x04\x10\xbe\x1e\x3d\xa4\x91\x23\xdd\xd4\x5a\
\xb0\xc0\x4d\x1d\x58\x41\x00\x48\xb2\xf7\xde\x93\xb6\x6d\xb3\x5f\
\x27\x8a\xcc\x37\x0a\x00\xe1\x9b\x30\xc1\xcd\xb7\xff\xdd\xbb\xa5\
\x77\xde\xb1\x5f\x07\xd6\x10\x00\x92\x2c\x8e\xa5\x57\x5f\x75\x53\
\x6b\xd8\x30\xb3\xa6\x18\x40\xb8\xfa\xf7\x97\x06\x0f\x76\x53\xeb\
\xd5\x57\xdd\x6c\x4a\x06\x6b\x08\x00\x49\xf7\xda\x6b\xee\xde\xc0\
\x65\x16\x00\x08\xdb\x84\x09\x6e\xea\x1c\x3c\xe8\xee\xcb\x07\xac\
\x21\x00\x24\x5d\x55\x95\xb4\x68\x91\x9b\x5a\x03\x06\xb8\x7b\xb3\
\x18\x40\xe3\x9c\x72\x8a\xbb\xdd\x3b\x17\x2f\x36\xbb\x92\x22\xd1\
\x08\x00\xb9\xe0\x85\x17\xa4\xda\x5a\x37\xb5\xae\xbd\x56\x6a\xd9\
\xd2\x4d\x2d\x00\x0d\x53\x50\xe0\xee\xdb\x7f\x26\x23\x3d\xff\xbc\
\x9b\x5a\xb0\x8a\x00\x90\x0b\x76\xef\x96\xde\x78\xc3\x4d\xad\x0e\
\x1d\xa4\x0b\x2e\x70\x53\x0b\x40\xc3\x5c\x74\x91\xd4\xa9\x93\x9b\
\x5a\x4b\x97\x9a\x65\xc8\x48\x3c\x02\x40\xae\x98\x3f\xdf\x24\x73\
\x17\x5c\x5e\x6c\x00\x1c\x9b\xcb\x50\x1e\xc7\xd2\x73\xcf\xb9\xa9\
\x05\xeb\x08\x00\xb9\x62\xfb\x76\x93\xcc\x5d\x28\x28\x90\xae\xba\
\xca\x4d\x2d\x00\xc7\x76\xcd\x35\xee\x1e\xcb\xad\x58\x21\x7d\xf8\
\xa1\x9b\x5a\xb0\x8e\x00\x90\x4b\x9e\x7b\xce\xcd\xf6\xc0\x92\xd9\
\x68\x64\xc8\x10\x37\xb5\x00\x1c\xd9\xd0\xa1\x66\xbb\x6e\x57\x9e\
\x7d\xd6\x5d\x2d\x58\x47\x00\xc8\x25\x1f\x7e\xe8\x6e\x16\x40\x92\
\xbe\xfa\x55\xa9\xa8\xc8\x5d\x3d\x00\x87\x14\x16\x4a\x37\xdc\xe0\
\xae\xde\x8a\x15\xd2\x86\x0d\xee\xea\xc1\x3a\x02\x40\xae\x79\xea\
\x29\x77\x9b\x73\x94\x94\x48\x57\x5c\xe1\xa6\x16\x80\x4f\xbb\xea\
\x2a\xf3\xfc\xdf\x85\x38\x36\xd7\x16\xe4\x14\x02\x40\xae\x29\x2f\
\x37\x9b\x03\xb9\x72\xce\x39\x66\xf7\x31\x00\xee\x9c\x70\x82\x74\
\xd6\x59\xee\xea\xbd\xf9\xa6\xb4\x65\x8b\xbb\x7a\x70\x82\x00\x90\
\x8b\x9e\x79\x46\xaa\xa9\x71\x53\x2b\x8a\xcc\xa3\x80\x82\x02\x37\
\xf5\x80\x7c\xd7\xb2\xa5\xf9\xcc\xb9\xd8\xef\x5f\x32\x33\x8a\x73\
\xe7\xba\xa9\x05\xa7\x08\x00\xb9\x68\xf7\x6e\xe9\xe5\x97\xdd\xd5\
\xeb\xda\x95\x55\x01\x80\x2b\x57\x5f\x2d\x75\xee\xec\xae\xde\xab\
\xaf\x9a\x55\x46\xc8\x39\x04\x80\x5c\x35\x7f\xbe\x54\x59\xe9\xae\
\xde\x97\xbe\xe4\xee\x10\x12\x20\x5f\x0d\x1d\xea\x76\xea\xff\xc0\
\x01\xde\xfc\xcf\x61\x04\x80\x5c\x55\x59\x29\x3d\xfd\xb4\xbb\x7a\
\x51\x24\x7d\xe3\x1b\x52\xdb\xb6\xee\x6a\x02\xf9\xa4\x4d\x1b\xb7\
\x53\xff\x92\xb9\xf9\xef\xd9\xe3\xae\x1e\x9c\x22\x00\xe4\xb2\x85\
\x0b\xa5\xad\x5b\xdd\xd5\x6b\xdb\xd6\x84\x00\x97\x17\x28\x20\x1f\
\x44\x91\xf4\xf5\xaf\x4b\xed\xda\xb9\xab\xb9\x7d\xbb\xf4\xd2\x4b\
\xee\xea\xc1\x39\x02\x40\x2e\xcb\x64\xa4\x47\x1e\x71\x5b\x73\xf0\
\x60\xf3\x38\x00\x40\xf6\x8c\x1d\x6b\xa6\xff\x5d\x7a\xe4\x11\x77\
\x87\x8c\xc1\x0b\x02\x40\xae\x5b\xbb\x56\x7a\xfb\x6d\xb7\x35\xaf\
\xbe\xda\xdd\xb1\xa4\x40\xae\xeb\xd3\xc7\xfd\x4b\xb6\xab\x57\x4b\
\xcb\x97\xbb\xad\x09\xe7\x08\x00\xf9\xe0\xd1\x47\xdd\x2d\x0b\x94\
\xa4\x74\x5a\xba\xf9\x66\xf3\xcc\x12\x40\xd3\xb5\x6d\x2b\x7d\xe7\
\x3b\xe6\x33\xe5\x4a\x5d\x9d\x34\x67\x8e\xbb\x7a\xf0\x86\x00\x90\
\x0f\x2a\x2a\xdc\x9f\xe0\xd5\xbe\xbd\xf4\xad\x6f\x49\x29\x7e\xc5\
\x80\x26\x49\xa5\xcc\x67\xa8\x7d\x7b\xb7\x75\x5f\x7a\x49\x2a\x2b\
\x73\x5b\x13\x5e\x70\x75\xce\x17\xf3\xe7\xbb\x3f\xc5\x6b\xd0\x20\
\xe9\xb2\xcb\xdc\xd6\x04\x72\xc5\x95\x57\x4a\x03\x07\xba\xad\x59\
\x5e\xee\x76\xf5\x10\xbc\x22\x00\xe4\x8b\xba\x3a\xe9\x8f\x7f\x34\
\x2f\x06\xba\x74\xd1\x45\xd2\xe8\xd1\x6e\x6b\x02\x49\x77\xfa\xe9\
\xd2\x85\x17\xba\xad\x19\xc7\xd2\x9f\xff\xec\xf6\x71\x21\xbc\x22\
\x00\xe4\x93\x8d\x1b\xa5\x05\x0b\xdc\xd6\xac\xdf\x2a\xb8\x6f\x5f\
\xb7\x75\x81\xa4\xea\xd7\x4f\xfa\xca\x57\xdc\xd7\x5d\xb4\x48\x5a\
\xb3\xc6\x7d\x5d\x78\x43\x00\xc8\x37\x4f\x3d\xe5\x7e\x5b\xcf\x82\
\x02\xe9\x7b\xdf\x93\x4a\x4b\xdd\xd6\x05\x92\xa6\x53\x27\xe9\xbb\
\xdf\x95\x5a\xb4\x70\x5b\x77\xf7\x6e\xe9\xf1\xc7\xdd\xd6\x84\x77\
\x04\x80\x7c\x53\x53\x23\x3d\xf8\xa0\x99\xee\x73\xa9\x4d\x1b\x69\
\xe2\x44\x73\x86\x39\x80\xcf\x2b\x2c\x94\x6e\xb9\xc5\xcf\x6e\x9a\
\x0f\x3d\x24\x55\x55\xb9\xaf\x0b\xaf\x08\x00\xf9\x68\xcd\x1a\x33\
\xdd\xe7\x5a\xf7\xee\x26\x04\x70\x72\x20\xf0\x69\xe9\xb4\x59\xee\
\x77\xdc\x71\xee\x6b\x2f\x5e\x2c\xbd\xfb\xae\xfb\xba\xf0\x8e\x00\
\x90\xaf\x1e\x79\xc4\xfd\xaa\x00\xc9\xbc\xd5\xcc\xf2\x40\xe0\x90\
\x54\x4a\xba\xe9\x26\xe9\xc4\x13\xdd\xd7\xde\xb1\x83\x35\xff\x79\
\x8c\xab\x70\xbe\xaa\xad\x95\x7e\xff\x7b\xb3\x3a\xc0\xb5\xe1\xc3\
\xa5\xaf\x7d\x8d\x33\x03\x80\x28\x92\x6e\xbc\x51\x1a\x39\xd2\x7d\
\xed\x38\x96\xfe\xf0\x07\xa9\xba\xda\x7d\x6d\x04\x81\x00\x90\xcf\
\x36\x6f\x36\x2f\x05\xfa\x70\xfa\xe9\xd2\xe5\x97\xfb\xa9\x0d\x84\
\x62\xc2\x04\xe9\xcc\x33\xfd\xd4\x9e\x37\x4f\x5a\xb7\xce\x4f\x6d\
\x04\x81\x00\x90\xef\x9e\x7f\xde\x9c\x17\xe0\xc3\xc5\x17\x4b\xe3\
\xc7\xfb\xa9\x0d\xf8\x76\xe1\x85\xee\xd7\xfa\xd7\xdb\xb4\xc9\x04\
\x00\xe4\x35\x02\x40\xbe\x8b\x63\xf3\x28\x60\xff\x7e\x3f\xf5\x2f\
\xbb\xcc\x04\x01\x20\x9f\x8c\x1f\xef\xfe\x80\x9f\x7a\xd5\xd5\xd2\
\x6f\x7f\xeb\xe7\xf1\x1f\x82\x42\x00\x80\x39\x2b\xe0\x37\xbf\x71\
\xbf\x4b\x60\xbd\x2b\xae\x90\x2e\xb9\xc4\x4f\x6d\xc0\xb5\x0b\x2f\
\xf4\xb7\x45\x76\x1c\x9b\x1d\x41\xcb\xcb\xfd\xd4\x47\x50\x08\x00\
\x30\xd6\xac\xf1\x3b\x25\x78\xf9\xe5\x66\xdb\x60\x20\x97\x5d\x7c\
\xb1\xbf\x6f\xfe\x92\xf4\xe2\x8b\xee\x8f\x07\x47\xb0\x08\x00\x38\
\xe4\x99\x67\xa4\x95\x2b\xfd\xd5\xbf\xf2\x4a\xf3\x52\x14\x90\x8b\
\xc6\x8d\x33\xb3\x5d\xbe\xac\x5f\x2f\x3d\xf1\x84\xbf\xfa\x08\x0e\
\x01\x00\x87\xc4\xb1\x74\xff\xfd\x66\x6d\xb0\x2f\xe3\xc6\x99\x65\
\x51\x2c\x11\x44\xae\x48\xa5\xcc\xef\xb4\xcf\x70\xbb\x77\xaf\x74\
\xdf\x7d\x3c\xf7\xc7\xa7\x10\x00\xf0\x69\x95\x95\xe6\x7d\x80\xda\
\x5a\x7f\x3d\x9c\x7d\xb6\xd9\x2c\x28\x9d\xf6\xd7\x03\x90\x0d\xe9\
\xb4\xf9\x5d\x3e\xfb\x6c\x7f\x3d\xd4\xd5\x99\x9b\xff\xee\xdd\xfe\
\x7a\x40\x90\x08\x00\xf8\xbc\x8d\x1b\xa5\x3f\xfd\xc9\xfd\x79\x01\
\x87\x3b\xe5\x14\xb3\x2f\x7a\xab\x56\xfe\x7a\x00\x9a\xa3\x7e\x6f\
\x7f\x1f\x9b\xfc\x1c\xee\x2f\x7f\x91\xfe\xfe\x77\xbf\x3d\x20\x48\
\x04\x00\x1c\xd9\x92\x25\xd2\xb3\xcf\xfa\xed\xe1\xa4\x93\xa4\x7f\
\xfc\x47\xa9\x43\x07\xbf\x7d\x00\x8d\x55\x52\x22\xdd\x7e\xbb\xf9\
\x1d\xf6\xe9\xc5\x17\xfd\x9c\xfb\x81\x44\x20\x00\xe0\xe8\xe6\xce\
\x95\xde\x7c\xd3\x6f\x0f\xdd\xbb\x4b\x77\xde\x29\xf5\xee\xed\xb7\
\x0f\xa0\xa1\x7a\xf6\x34\xbf\xb3\xc7\x1f\xef\xb7\x8f\x95\x2b\xa5\
\xc7\x1e\xf3\xdb\x03\x82\x46\x00\xc0\xd1\xd5\xaf\x19\xde\xb0\xc1\
\x6f\x1f\x25\x25\xd2\x0f\x7e\x20\x9d\x7a\xaa\xdf\x3e\x80\x2f\x32\
\x62\x84\xf4\xc3\x1f\xfa\x9f\xb5\xfa\xf8\x63\xb3\xd9\x8f\xaf\xbd\
\x3d\x90\x08\x04\x00\x1c\x5b\x6d\xad\xf4\xeb\x5f\x9b\xcd\x82\x7c\
\x2a\x28\x30\x27\xa6\x5d\x7c\x31\x2b\x04\x10\x9e\x28\x32\x9b\x59\
\x7d\xfb\xdb\x52\xcb\x96\x7e\x7b\xd9\xbb\x57\x9a\x35\x4b\xaa\xaa\
\xf2\xdb\x07\x82\x47\x00\xc0\x17\xdb\xbd\x5b\xba\xfb\x6e\x73\x61\
\xf1\x29\x8a\xcc\x3a\xea\xef\x7d\x4f\x2a\x2e\xf6\xdb\x0b\x50\xaf\
\xb0\x50\xfa\xce\x77\xcc\x66\x56\xbe\xc3\x69\x75\xb5\x34\x73\xa6\
\xdf\xa5\xbc\x48\x0c\x02\x00\x1a\xa6\xbc\x5c\xba\xe7\x1e\xe9\xc0\
\x01\xdf\x9d\x48\x43\x87\x4a\xff\xfc\xcf\xbc\x17\x00\xff\x7a\xf6\
\x94\xfe\xe9\x9f\xa4\x93\x4f\xf6\xdd\x89\x99\xad\xfb\xd5\xaf\xcc\
\x29\x9f\x40\x03\x10\x00\xd0\x70\x1b\x37\x4a\xf7\xde\x1b\xc6\x66\
\x22\x1d\x3a\x98\xf7\x02\x4e\x3f\xdd\x77\x27\xc8\x57\x63\xc6\x98\
\x55\x2a\xa5\xa5\xbe\x3b\x31\xcf\xfa\x7f\xfb\x5b\x8e\xf7\x45\xa3\
\x10\x00\xd0\x38\xab\x56\xf9\x3d\x38\xe8\x70\x05\x05\xd2\x37\xbe\
\x61\x9e\xbb\xf2\x48\x00\xae\x14\x15\x49\xdf\xfc\xa6\xf4\xb5\xaf\
\x99\xdf\x41\xdf\xe2\x58\x7a\xf0\x41\xe9\xdd\x77\x7d\x77\x82\x84\
\x21\x00\xa0\xf1\xde\x79\x47\x7a\xf8\x61\xbf\x1b\x05\x1d\x6e\xe4\
\x48\x33\x0d\xdb\xbf\xbf\xef\x4e\x90\xeb\x06\x0c\x90\x7e\xfc\x63\
\x69\xf4\x68\xdf\x9d\x1c\xf2\xd8\x63\xd2\x6b\xaf\xf9\xee\x02\x09\
\x44\x00\x40\xd3\x2c\x5c\x28\x3d\xf2\x48\x38\x21\xa0\x63\x47\xb3\
\xf1\xca\x65\x97\x99\xbd\xd7\x81\x6c\x4a\xa7\xcd\x0b\xa8\xdf\xff\
\xbe\xff\x25\x7e\x87\x7b\xe2\x09\xe9\x85\x17\x7c\x77\x81\x84\x6a\
\xe1\xbb\x01\x24\xd8\x82\x05\xd2\xc1\x83\xd2\x0d\x37\xf8\x7f\xfb\
\x59\x32\x37\xfe\xf1\xe3\xa5\xe1\xc3\xcd\xfe\x05\x9b\x36\xf9\xee\
\x08\xb9\xa0\x47\x0f\x33\xdd\xdf\xab\x97\xef\x4e\x3e\xed\xa9\xa7\
\xa4\xe7\x9e\xf3\xdd\x05\x12\x8c\x00\x80\xe6\x79\xf5\x55\xf3\xc7\
\x50\x42\x80\x64\x2e\xd8\x77\xde\x69\xbe\x19\xcd\x9d\x6b\x42\x0a\
\xd0\x58\xe9\xb4\x74\xfe\xf9\x66\x79\x5f\x68\x07\x53\x3d\xf5\x94\
\x34\x6f\x9e\xef\x2e\x90\x70\x04\x00\x34\xdf\xab\xaf\x4a\x2d\x5a\
\x48\xd7\x5c\x13\x4e\x08\x48\xa5\xcc\xd1\xc2\x23\x46\x98\xd9\x00\
\x0e\x43\x41\x63\xf4\xed\x6b\xbe\xf5\x77\xeb\xe6\xbb\x93\xcf\x9b\
\x3b\x97\x9b\x3f\xb2\x82\x00\x80\xec\x58\xb0\xc0\xac\x0c\xb8\xee\
\xba\x70\x42\x80\x24\x75\xee\x6c\xde\x0d\x58\xb4\x48\x7a\xf2\x49\
\x69\xff\x7e\xdf\x1d\x21\x64\x6d\xda\x98\x67\xfd\x67\x9e\x19\xd6\
\xef\xb1\x64\xde\xb7\x79\xfc\x71\xe9\xf9\xe7\x7d\x77\x82\x1c\x41\
\x00\x40\xf6\x2c\x5c\x28\x55\x56\x9a\xa5\x79\x21\x4d\x99\x46\x91\
\x39\x8f\xfd\x94\x53\xa4\xa7\x9f\x36\x7d\x86\xb0\x8c\x11\xe1\x88\
\x22\xe9\xb4\xd3\xa4\x2f\x7f\xd9\x84\x80\xd0\x64\x32\xd2\x43\x0f\
\x71\xb2\x1f\xb2\x8a\x00\x80\xec\x7a\xf3\x4d\xb3\x07\x79\x08\x7b\
\xa2\x7f\x56\x71\xb1\x74\xed\xb5\xe6\x42\xff\x97\xbf\xf8\x3f\xe4\
\x08\x61\xe8\xd7\xcf\xcc\x5c\xf9\x3e\xbd\xef\x68\x0e\x1e\x94\xee\
\xbf\x5f\x5a\xb6\xcc\x77\x27\xc8\x31\x59\x9f\xe3\x8a\x27\x4f\x0e\
\x64\x5d\x18\xbc\xea\xdd\x5b\x9a\x34\x49\x6a\xdd\xda\x77\x27\x47\
\xb7\x66\x8d\x59\xca\xf8\xe1\x87\xbe\x3b\x81\x0f\x5d\xbb\x9a\x17\
\xfc\x46\x8c\x08\x6f\xba\xbf\x5e\x4d\x8d\x39\x8c\x6b\xd5\x2a\xdf\
\x9d\x20\x00\xd1\x8c\x19\x59\xfd\x45\x25\x00\xc0\x9e\x1e\x3d\x4c\
\x08\x28\x29\xf1\xdd\xc9\xd1\xd5\xd5\x99\x4d\x54\x9e\x79\xc6\x1c\
\x7a\x84\xdc\x57\x52\x22\x5d\x7a\xa9\xd9\xca\x37\xe4\x3d\x23\xf6\
\xed\x33\xa7\xfa\x6d\xdc\xe8\xbb\x13\x04\x82\x00\x80\x64\x69\xdf\
\x5e\xba\xe5\x16\x73\x68\x4a\xc8\x6a\x6a\xa4\x97\x5e\x32\x3f\xfb\
\xf6\xf9\xee\x06\x36\xb4\x69\x23\x5d\x70\x81\x74\xee\xb9\xe1\x3d\
\x9e\xfa\xac\x8f\x3f\x36\x87\x6f\x6d\xdf\xee\xbb\x13\x04\x84\x00\
\x80\xe4\x69\xd9\x52\xba\xe9\x26\xb3\x41\x4f\xe8\x6a\x6a\xa4\xbf\
\xfd\x4d\x9a\x3f\x9f\x19\x81\x5c\xd1\xb6\xad\x74\xce\x39\x66\x4d\
\x7f\x61\xa1\xef\x6e\xbe\xd8\x9a\x35\xe6\xd0\xad\xaa\x2a\xdf\x9d\
\x20\x30\x04\x00\x24\x53\x2a\x25\x5d\x75\x95\xb9\x08\x27\x41\x6d\
\xad\x09\x02\xcf\x3f\x2f\x55\x54\xf8\xee\x06\x4d\xd1\xa1\x83\xd9\
\x0b\x62\xcc\x98\x30\x0e\xed\x69\x88\x45\x8b\xcc\x0b\xaa\x21\x9c\
\xb8\x89\xe0\x64\x3b\x00\xb0\x0a\x00\x6e\x64\x32\xd2\xa3\x8f\x4a\
\x65\x65\xd2\xf5\xd7\x87\xb5\x4c\xf0\x48\x0a\x0a\xcc\x54\xf1\xd9\
\x67\x4b\x6f\xbf\x6d\xf6\x39\x60\xd5\x40\x32\xf4\xed\x2b\x9d\x77\
\x9e\x74\xf2\xc9\xe1\xff\x9e\xd5\x8b\x63\x73\xa8\x0f\xfb\xfa\xc3\
\x21\x02\x00\xdc\x5a\xb4\xc8\x3c\xdf\xbc\xf9\xe6\xb0\x5f\x0e\xac\
\x97\x4e\x4b\xa3\x46\x99\x9f\x4d\x9b\xa4\x97\x5f\x36\x4b\x1d\xf9\
\x86\x16\x96\x74\xda\x3c\x62\x3a\xef\x3c\xb3\xac\x2f\x49\xf6\xef\
\x37\xcb\xfc\x78\xd3\x1f\x8e\xf1\x08\x00\x7e\x94\x94\x98\x10\x90\
\xc4\x23\x7c\x77\xed\x92\x16\x2f\x36\xab\x07\x78\x49\xcb\xaf\xce\
\x9d\xa5\x33\xce\x30\x3f\x49\x08\x94\x9f\xb5\x71\xa3\x79\xde\xcf\
\x63\x26\x34\x00\xef\x00\x20\x77\xa4\x52\x66\xdb\xd5\x0b\x2f\x0c\
\x77\x1d\xf6\x17\xd9\xb4\xc9\xcc\x6a\x2c\x59\x62\x5e\x20\x84\x7d\
\x05\x05\xd2\xd0\xa1\xe6\xf1\xcc\xc0\x81\xc9\xfd\xdd\x79\xe3\x0d\
\xe9\xc1\x07\xcd\xfb\x26\x40\x03\xf0\x0e\x00\x72\x47\x26\x63\xf6\
\x36\xdf\xbc\xd9\x1c\xbc\xd2\xaa\x95\xef\x8e\x1a\xaf\x57\x2f\xf3\
\x73\xd5\x55\x66\xa7\xb6\xa5\x4b\xcd\x5b\xdc\x6c\x35\x9c\x5d\xe9\
\xb4\x34\x68\x90\x34\x72\xa4\xd9\xb8\xa7\xa8\xc8\x77\x47\x4d\x57\
\x5b\x2b\xfd\xf9\xcf\x66\x16\x09\xf0\x88\x00\x00\xff\x96\x2e\x35\
\x53\xa1\xdf\xfc\x66\xf2\x9e\xdf\xd6\x2b\x2a\x32\x6f\x9b\x8f\x19\
\x63\xce\x43\x58\xb1\xc2\xbc\x3c\xb8\x72\x25\xef\x0b\x34\x55\x2a\
\x65\x5e\xe8\x1b\x39\x52\x3a\xf5\x54\xb3\x9c\x2f\xe9\x3e\xfa\xc8\
\x3c\xef\xdf\xba\xd5\x77\x27\x00\x8f\x00\x10\x90\x54\x4a\xba\xe4\
\x12\xf3\x13\xf2\x0e\x6d\x8d\x51\x59\x69\x66\x04\x56\xaf\x36\xa1\
\x80\xbd\x05\x8e\xad\x4d\x1b\xe9\x84\x13\xa4\x61\xc3\xcc\x34\x7f\
\x71\xb1\xef\x8e\xb2\x23\x8e\xcd\xb2\xd2\x47\x1e\xe1\x51\x11\x9a\
\x8c\x47\x00\xc8\x5d\x99\x8c\x39\xad\x6f\xdd\x3a\xe9\x1f\xfe\xc1\
\xac\xe3\x4e\xba\xe2\x62\xf3\x0d\x76\xe4\x48\x73\x13\xd8\xb8\x51\
\x7a\xef\x3d\x69\xed\x5a\xf3\xe7\x07\x0f\xfa\xee\xd0\xaf\x16\x2d\
\xcc\xb9\x11\x83\x06\x49\x43\x86\x98\xc7\x29\x49\x7d\xa6\x7f\x34\
\x7b\xf6\x48\xbf\xff\x3d\x6f\xf9\x23\x38\xcc\x00\x20\x4c\xc5\xc5\
\xd2\x57\xbe\x62\x6e\x9c\xb9\xaa\xb6\xd6\xec\x2d\xb0\x6e\x9d\xf4\
\xf7\xbf\x9b\x3f\xcf\xf5\x6f\x87\x2d\x5b\x9a\x69\xfd\x01\x03\xcc\
\x4f\x9f\x3e\xc9\xd9\xa4\xa7\x29\x96\x2f\x97\xfe\xf8\x47\xb6\x97\
\x46\x56\x30\x03\x80\xfc\x50\x59\x29\xdd\x77\x9f\x99\x0a\xbe\xe1\
\x06\x73\xa6\x40\xae\x29\x28\x30\xd3\xdd\x27\x9c\x60\xfe\x3a\x93\
\x91\xb6\x6d\x33\x2b\x0b\x36\x6d\x32\x2f\x47\x6e\xde\x9c\xdc\x50\
\xd0\xb2\xa5\x39\x62\xb7\x5b\x37\xe9\xb8\xe3\xcc\xb7\xfb\xde\xbd\
\x93\xb3\x39\x4f\x73\x54\x55\x99\x8d\x7d\x16\x2d\xf2\xdd\x09\x70\
\x54\x04\x00\x84\x6d\xf9\x72\x69\xfd\x7a\xe9\x9a\x6b\xa4\xd3\x4e\
\xf3\xdd\x8d\x5d\xa9\x94\xb9\x59\x76\xeb\x76\xe8\xdf\x35\x93\x91\
\x76\xee\x34\x3b\x28\xd6\xff\x6c\xdb\x66\x7e\xf6\xec\x31\x8f\x15\
\x7c\x8a\x22\xa9\x5d\x3b\xa9\x4b\x17\x73\xbc\x6e\x97\x2e\xa6\xff\
\x2e\x5d\xa4\x8e\x1d\x73\xe7\x5d\x8e\xc6\x78\xfb\x6d\xb3\x9d\xef\
\xde\xbd\xbe\x3b\x01\x8e\x89\x00\x80\xf0\xed\xdf\x2f\xfd\xee\x77\
\xd2\x5b\x6f\x49\x37\xde\x98\x1b\xef\x06\x34\x54\x2a\x25\x95\x96\
\x9a\x9f\x21\x43\x3e\xfd\xf7\xea\xea\xcc\xa6\x44\xbb\x76\x99\x8d\
\x64\x76\xef\x36\x7f\x5e\x55\x65\x66\x50\x0e\xff\xa9\xa9\x31\x61\
\xa2\xba\xfa\xd8\xf5\x0a\x0b\x4d\xcd\x56\xad\xcc\xca\x86\xe2\xe2\
\x4f\xff\x94\x94\x98\x9f\x0e\x1d\xcc\xac\x4c\xfb\xf6\xf9\xf1\x8d\
\xbe\x21\x76\xef\x36\x37\xfe\x77\xde\xf1\xdd\x09\xd0\x20\x04\x00\
\x24\xc7\x7b\xef\x49\x3f\xfd\xa9\xd9\x3c\xe8\x9c\x73\xf2\xf3\xdb\
\xe5\xe1\xd2\x69\xa9\x53\x27\xf3\xd3\x58\x75\x75\xd2\x81\x03\xe6\
\xcf\x5b\xb5\xe2\x26\xde\x1c\xf5\x6f\xf8\x3f\xfe\xb8\x09\x5b\x40\
\x42\x10\x00\x90\x2c\xd5\xd5\xd2\x9c\x39\xd2\xc2\x85\xe6\x50\xa1\
\x41\x83\x7c\x77\x94\x4c\xe9\x74\xee\x2c\xb1\xf3\x69\xd3\x26\xf3\
\xad\x9f\x83\xa2\x90\x40\x04\x00\x24\x53\x59\x99\x34\x6d\x9a\x79\
\x49\xf0\xfa\xeb\xf3\xeb\xb1\x00\xfc\xab\xac\x34\x4b\x56\x5f\x7e\
\xd9\xff\x7b\x18\x40\x13\x11\x00\x90\x6c\xcb\x97\x9b\x65\x74\xe3\
\xc7\x4b\x63\xc7\x32\x95\x0d\xbb\xea\xea\xa4\x57\x5f\x95\x9e\x7a\
\xca\xbc\x6b\x01\x24\x18\x01\x00\xc9\x57\x5d\x2d\xfd\xf5\xaf\xd2\
\x82\x05\x66\x17\xc1\x31\x63\x78\x3f\x00\xd9\xb7\x62\x85\xd9\xc9\
\xaf\xbc\xdc\x77\x27\x40\x56\x10\x00\x90\x3b\x2a\x2a\xcc\xe9\x6a\
\x0b\x16\x48\x97\x5e\x9a\xdb\x9b\x08\xc1\x9d\xf5\xeb\xcd\x0b\x7e\
\xef\xbf\xef\xbb\x13\x20\xab\x08\x00\xc8\x3d\x1f\x7d\x64\x36\x11\
\x1a\x38\x50\x9a\x30\xc1\x6c\x3e\x03\x34\xd6\x96\x2d\xd2\x13\x4f\
\x98\x03\x9d\x80\x1c\x44\x00\x40\xee\x5a\xbb\x56\xfa\xcf\xff\x94\
\xfa\xf7\x97\x2e\xbb\xcc\x04\x02\xe0\x8b\x6c\xdd\x2a\xcd\x9b\x67\
\x8e\x77\xe6\x05\x3f\xe4\x30\x02\x00\x72\xdf\xfb\xef\x4b\x77\xdf\
\x6d\x82\xc0\xb8\x71\xe6\x94\x39\xe0\xb3\xd6\xaf\x97\xe6\xcf\x37\
\xcf\xfa\xb9\xf1\x23\x0f\x10\x00\x90\x3f\xde\x7f\xdf\xfc\xf4\xeb\
\x27\x5d\x7c\xb1\x34\x78\x70\xee\x9d\x3c\x87\xc6\x5b\xb3\xc6\x7c\
\xe3\x5f\xb7\xce\x77\x27\x80\x53\x04\x00\xe4\x9f\xf5\xeb\xa5\x59\
\xb3\xa4\xce\x9d\xa5\x73\xcf\x95\xce\x3c\xd3\x1c\x5c\x83\xfc\x71\
\xf0\xa0\xb4\x74\xa9\xf4\xc2\x0b\x66\xca\x1f\xc8\x43\x04\x00\xe4\
\xaf\xf2\x72\xe9\xe1\x87\xcd\x9a\xee\x33\xce\x90\xce\x3b\xaf\x69\
\xdb\xea\x22\x39\xf6\xec\x31\xeb\xf8\x17\x2e\xe4\x88\x5e\xe4\x3d\
\x02\x00\x50\x5d\x6d\x96\x0e\x2e\x5c\x28\x0d\x1f\x2e\x9d\x75\x96\
\x74\xe2\x89\x3c\x1e\xc8\x15\x71\x6c\xa6\xf7\x17\x2d\x32\x2f\xf6\
\xd5\xd5\xf9\xee\x08\x08\x02\x01\x00\xa8\x97\xc9\x98\x1b\xc4\xb2\
\x65\xe6\x94\xbb\xd1\xa3\x4d\x18\x28\x2d\xf5\xdd\x19\x9a\x62\xf7\
\x6e\xe9\x8d\x37\xcc\x8d\x7f\xfb\x76\xdf\xdd\x00\xc1\x21\x00\x00\
\x47\xb2\x6b\x97\x79\x23\xfc\xf9\xe7\xcd\xf2\xc1\x31\x63\xcc\xec\
\x00\xef\x0a\x84\xad\xb6\xd6\xbc\xc5\xff\xda\x6b\xd2\xea\xd5\x26\
\xd4\x01\x38\x22\x02\x00\x70\x2c\x71\x6c\xde\x12\x5f\xb3\x46\x2a\
\x28\x30\x8f\x06\x46\x8e\x94\x4e\x3e\xd9\x1c\xa3\x0b\xff\x0e\x1e\
\x34\x37\xfb\xb7\xdf\x96\xde\x79\xc7\x3c\xd2\x01\xf0\x85\x08\x00\
\x40\x43\xd5\xd6\x9a\xc3\x87\x96\x2f\x37\x37\xff\x61\xc3\xa4\x53\
\x4e\x91\x4e\x3a\xc9\x84\x03\xb8\x53\x7f\xd3\x5f\xba\xd4\xfc\xf7\
\xe0\x60\x1e\xa0\xd1\x08\x00\x40\x53\x1c\x38\x20\xbd\xf9\xa6\xf9\
\x29\x28\x30\x7b\x0b\x9c\x78\xa2\x79\x4c\xd0\xb5\xab\xef\xee\x72\
\xd3\xde\xbd\xd2\xaa\x55\xe6\x86\xbf\x6a\x15\xdf\xf4\x81\x66\x22\
\x00\x00\xcd\x55\x5b\x7b\xe8\x31\xc1\xe3\x8f\x4b\xdd\xba\x49\x43\
\x86\x98\x9f\xbe\x7d\x99\x1d\x68\xaa\x83\x07\xa5\x0f\x3e\x30\x7b\
\xf1\xaf\x5c\xc9\x7a\x7d\x20\xcb\x08\x00\x40\xb6\x7d\xfc\xb1\xf9\
\x79\xe1\x05\x73\x2c\x71\xcf\x9e\xd2\xa0\x41\x66\x2b\xe2\xfe\xfd\
\xa5\xa2\x22\xdf\x1d\x86\xa9\xa6\xc6\x1c\xc0\xf3\xfe\xfb\x66\x7a\
\x7f\xfd\x7a\x13\xae\x00\x58\x41\x00\x00\x6c\xca\x64\xa4\x4d\x9b\
\xcc\xcf\xfc\xf9\x26\x10\x1c\x7f\xbc\x99\x19\xe8\xd5\xcb\xfc\x74\
\xe9\x62\xfe\xf7\x7c\x12\xc7\xd2\xb6\x6d\xd2\xe6\xcd\xe6\xff\x37\
\x1f\x7c\x60\xfe\xc8\x1a\x7d\xc0\x19\x02\x00\xe0\x52\x26\x23\x6d\
\xdc\x68\x7e\xea\xb5\x6a\x65\x66\x09\x8e\x3f\xde\xfc\x1c\x77\x9c\
\x09\x05\x85\x85\xfe\xfa\xcc\xa6\x9a\x1a\xa9\xac\xcc\xcc\x8a\xd4\
\xdf\xf0\xb7\x6c\xe1\x19\x3e\xe0\x19\x01\x00\xf0\xed\xc0\x81\x43\
\x07\x15\x1d\xae\x7d\x7b\x13\x04\xba\x74\x31\x2f\x16\x76\xe9\x22\
\x75\xe8\x60\xfe\xf7\xe2\x62\x3f\xbd\x1e\x4d\x55\x95\xd9\x3b\xa1\
\xa2\xc2\x6c\xb1\x5c\x56\x66\x7e\xb6\x6d\x33\xff\x1b\x80\xe0\x10\
\x00\x80\x50\xed\xda\x65\x7e\xd6\xae\xfd\xfc\xdf\x6b\xd9\xf2\x50\
\x18\x68\xdf\x5e\x6a\xd7\x4e\x6a\xdd\xda\xbc\x5f\x50\x5c\x6c\x7e\
\x0e\xff\x73\xc9\x3c\x66\xf8\xa2\x59\x85\x03\x07\x0e\x4d\xc3\x57\
\x55\x49\x95\x95\x87\x7e\x0e\xff\xeb\xdd\xbb\xcd\xcf\xae\x5d\xd2\
\xce\x9d\xe6\x5b\x3e\x80\x44\x21\x00\x00\x49\x54\x3f\xad\x5e\x56\
\xd6\xb4\x7f\xfe\xf0\x30\x70\xf8\x4d\x1f\x40\xde\xb0\x11\x00\x0e\
\x5a\x1a\x17\x40\xb6\x64\x32\xe6\x9b\x3c\x80\xa4\xc8\xfa\x92\x18\
\x1b\xaf\x1e\x33\x17\x08\x00\x40\x76\x65\xfd\xde\x4a\x00\x00\x00\
\x20\x7c\x07\xb2\x3d\xa0\x8d\x00\x90\xf5\x26\x01\x00\xc8\x73\x09\
\x98\x01\x88\xe3\x3d\x59\x1f\x13\x00\x80\xfc\xb6\x2b\xdb\x03\xda\
\x98\x01\xd8\x61\x61\x4c\x00\x00\xf2\x59\xd6\xef\xad\xd9\x0f\x00\
\xa9\x14\x01\x00\x00\x80\xec\x4a\x40\x00\x88\xe3\xed\x59\x1f\x13\
\x00\x80\xfc\x96\x80\x00\x20\x7d\x68\x61\x4c\x00\x00\xf2\x59\xd6\
\xcf\xc3\xce\x7e\x00\x88\xa2\x0d\x59\x1f\x13\x00\x80\xfc\xf6\x41\
\xb6\x07\xcc\x7e\x00\xc8\x64\x36\x64\x7d\x4c\x00\x00\xf2\x99\x85\
\x2f\xd7\xd9\x0f\x00\x2d\x5a\x64\x3d\xa5\x00\x00\x90\xe7\x12\x30\
\x03\xd0\xb1\xe3\x07\x92\x38\xe8\x1b\x00\x80\xec\xa8\x52\x59\xd9\
\xa6\x6c\x0f\x9a\xf5\x00\x10\x4d\x9d\x7a\x50\x71\xbc\x2a\xdb\xe3\
\x02\x00\x90\xa7\x56\x44\x73\xe6\x64\xfd\xc8\x4e\x1b\xab\x00\xa4\
\x28\x7a\xd7\xca\xb8\x00\x00\xe4\x9f\xe5\x36\x06\xb5\x13\x00\xe2\
\xd8\x4a\xb3\x00\x00\xe4\x9d\x38\x5e\x61\x63\x58\x3b\x01\x20\x9d\
\x7e\xc3\xca\xb8\x00\x00\xe4\x9b\x28\x7a\xdd\xc6\xb0\x76\x02\x80\
\xf4\x86\x38\x15\x10\x00\x80\xe6\x3a\xa0\x54\x6a\xa9\x8d\x81\xad\
\x04\x80\x68\xda\xb4\x03\x8a\xe3\xb7\x6d\x8c\x0d\x00\x40\xde\x88\
\xe3\x37\xa2\x69\xd3\xac\x7c\xa1\xb6\x35\x03\x20\x45\xd1\x22\x6b\
\x63\x03\x00\x90\x0f\x52\x29\x6b\xf7\x52\x9b\x01\x60\xbe\xb5\xb1\
\x01\x00\xc8\x07\x99\xcc\x73\xb6\x86\xb6\x17\x00\xf6\xed\x7b\x59\
\x52\xa5\xb5\xf1\x01\x00\xc8\x6d\xfb\x95\x4e\xff\xcd\xd6\xe0\xd6\
\x02\x40\x74\xff\xfd\xd5\x8a\xe3\x97\x6d\x8d\x0f\x00\x40\x8e\x7b\
\xde\xd6\xf3\x7f\xc9\xe6\x0c\x80\xf1\x94\xe5\xf1\x01\x00\xc8\x4d\
\x51\xf4\xb4\xcd\xe1\x6d\x07\x80\x47\x25\x65\x7d\xfb\x42\x00\x00\
\x72\xdc\x41\x1d\x3c\xf8\x98\xcd\x02\x56\x03\x40\x34\x73\xe6\xc7\
\x92\x16\xda\xac\x01\x00\x40\xce\x89\xa2\x17\xa3\x7b\xee\xd9\x66\
\xb3\x84\xed\x19\x00\x49\x9a\xe3\xa0\x06\x00\x00\xb9\x23\x8e\xad\
\xdf\x3b\xed\x07\x80\xda\xda\x39\x62\x57\x40\x00\x00\x1a\xaa\x5a\
\x99\xcc\x23\xb6\x8b\x58\x0f\x00\xd1\xec\xd9\xdb\x15\xc7\x56\x9f\
\x63\x00\x00\x90\x33\xe2\xf8\xe1\x68\xd6\xac\x0a\xdb\x65\x5c\x3c\
\x02\x90\xa2\xe8\xd7\x4e\xea\x00\x00\x90\x74\xa9\xd4\x7d\x2e\xca\
\x44\x2e\x8a\xc4\x52\xa4\xc9\x93\xd7\x4a\x1a\xe0\xa2\x1e\x00\x00\
\x89\x14\xc7\xeb\x34\x73\xe6\xa0\x48\x8a\x6d\x97\x72\x32\x03\xf0\
\xc9\xbf\xc8\x34\x17\xb5\x00\x00\x48\xb0\xff\x76\x71\xf3\x97\x5c\
\x3d\x02\x90\xa4\xa2\xa2\xfb\x24\xed\x70\x56\x0f\x00\x80\x64\xd9\
\xa9\xe2\xe2\x07\x5c\x15\x73\x16\x00\xa2\x9f\xff\x7c\xbf\xa4\x7b\
\x5d\xd5\x03\x00\x20\x51\xa2\x68\xc6\x27\xf7\x4a\x27\xdc\xcd\x00\
\x48\x52\x6d\xed\x5d\x92\xaa\x9c\xd6\x04\x00\x20\x7c\xfb\x75\xf0\
\xe0\x74\x97\x05\x9d\x06\x80\x68\xf6\xec\x8f\x24\xcd\x72\x59\x13\
\x00\x80\xe0\x45\xd1\x34\xdb\x3b\xff\x7d\x96\xdb\x19\x00\x49\xaa\
\xad\xfd\x3f\x92\xf6\x3a\xaf\x0b\x00\x40\x98\xf6\x29\x8a\x7e\xe1\
\xba\xa8\xf3\x00\x10\xcd\x9e\xbd\x5d\xac\x08\x00\x00\xc0\x88\xa2\
\xff\x8a\xa6\x4d\x2b\x77\x5d\xd6\xfd\x0c\x80\x24\x55\x55\xfd\xbb\
\xa2\xe8\x23\x2f\xb5\x01\x00\x08\xc7\x56\x15\x16\xfe\xa7\x8f\xc2\
\x5e\x02\x40\xf4\x9b\xdf\xec\x95\xf4\xbf\x7c\xd4\x06\x00\x20\x20\
\xff\xec\xf2\xcd\xff\xc3\xf9\x99\x01\x90\xa4\xd2\xd2\xdf\x4a\x5a\
\xea\xad\x3e\x00\x00\x7e\xbd\xa1\x19\x33\xfe\xe0\xab\xb8\xb7\x00\
\x10\x4d\x9d\x9a\x51\x1c\xdf\x22\xa9\xce\x57\x0f\x00\x00\x78\x52\
\xa7\x4c\x66\x92\xab\x5d\xff\x8e\xc4\xdf\x0c\x80\xa4\x68\xe6\xcc\
\x25\xe2\x85\x40\x00\x40\xfe\xf9\x45\x34\x6b\xd6\x5b\x3e\x1b\xf0\
\x1a\x00\x24\x49\xb5\xb5\x3f\x91\xb4\xde\x77\x1b\x00\x00\x38\xb2\
\x41\x45\x45\xff\xe2\xbb\x09\xef\x01\x20\x9a\x3d\xbb\x52\xd2\x44\
\x49\x19\xdf\xbd\x00\x00\x60\x59\x46\x51\xf4\x2d\x5f\x2f\xfe\x1d\
\xce\x7b\x00\x90\xa4\x68\xc6\x8c\x17\x24\xfd\xd2\x77\x1f\x00\x00\
\x58\x15\x45\x3f\x8b\xa6\x4f\x5f\xe0\xbb\x0d\x29\x90\x00\x20\x49\
\x4a\xa5\x7e\x22\x69\x99\xef\x36\x00\x00\xb0\x64\xa9\x4a\x4b\xff\
\x5f\xdf\x4d\xd4\x8b\x7c\x37\x70\xb8\xf8\xb6\xdb\x4e\x54\x1c\xbf\
\x21\xa9\xad\xef\x5e\x00\x00\xc8\xa2\xdd\x4a\xa7\x47\x47\x77\xdf\
\xbd\xce\x77\x23\xf5\xc2\x99\x01\x90\x14\x4d\x9f\xbe\x5a\xd2\x37\
\xe4\x71\x59\x04\x00\x00\x59\x16\x2b\x8e\x6f\x0e\xe9\xe6\x2f\x05\
\x16\x00\x24\x29\x9a\x31\xe3\x71\xc5\xb1\x97\x6d\x11\x01\x00\xc8\
\xba\x38\xfe\xdf\xd1\xcc\x99\x8f\xfa\x6e\xe3\xb3\x82\x0b\x00\x92\
\xa4\xf2\xf2\x1f\x4b\x9a\xe7\xbb\x0d\x00\x00\x9a\x25\x8a\xe6\xaa\
\xbc\x3c\x98\xe7\xfe\x87\x0b\x32\x00\x44\x73\xe6\xd4\xa9\xaa\xea\
\x7a\xf1\x52\x20\x00\x20\xa9\xe2\xf8\x6d\x65\x32\x37\x46\x73\xe6\
\x04\xb9\xe3\x6d\x90\x01\x40\xfa\xe4\xc0\xa0\x28\xba\x4c\xd2\x66\
\xdf\xbd\x00\x00\xd0\x48\x5b\x95\x4e\x5f\x19\xcd\x9c\xb9\xcf\x77\
\x23\x47\x13\x6c\x00\x90\xa4\x68\xfa\xf4\x0f\x55\x57\x77\xa9\xa4\
\x1d\xbe\x7b\x01\x00\xa0\x81\xb6\x2b\x95\xba\x28\x9a\x36\x6d\x8b\
\xef\x46\x8e\x25\xe8\x00\x20\x49\xd1\x3d\xf7\xac\x50\x1c\x5f\x28\
\xa9\xc2\x77\x2f\x00\x00\x7c\x81\x3d\x8a\xa2\xf1\xd1\xb4\x69\x2b\
\x7d\x37\xf2\x45\x82\x0f\x00\x92\x14\xcd\x9c\xb9\x4c\x71\x7c\xa5\
\x24\xef\x5b\x27\x02\x00\x70\x14\xfb\x15\x45\x97\x46\xd3\xa7\xbf\
\xe9\xbb\x91\x86\x48\x44\x00\x90\xa4\x68\xe6\xcc\x57\x15\xc7\xe7\
\x49\xda\xe9\xbb\x17\x00\x00\x3e\x63\xb7\xa2\xe8\xe2\x68\xfa\xf4\
\x45\xbe\x1b\x69\xa8\xc4\x04\x00\xe9\xff\x1e\x1f\x3c\x4e\xd2\x76\
\xdf\xbd\x00\x00\xf0\x89\x9d\x4a\xa5\x2e\x4a\xd2\xcd\x5f\x0a\x6c\
\x2b\xe0\x86\x8a\x6f\xb9\x65\xa8\xd2\xe9\x79\x92\x7a\xf8\xee\x05\
\x00\x90\xd7\x36\x2b\x95\xba\x24\x09\xcf\xfc\x3f\x2b\x51\x33\x00\
\xf5\xa2\x7b\xee\x59\xa1\x28\x3a\x4d\xd2\x52\xdf\xbd\x00\x00\xf2\
\xd6\xbb\x8a\xe3\xb3\x92\x78\xf3\x97\x12\x1a\x00\xa4\x4f\x96\x08\
\x56\x55\x8d\x55\x1c\x3f\xe3\xbb\x17\x00\x40\xde\x79\x4a\x71\x7c\
\x56\x34\x73\x66\x62\xf7\xaa\x49\x6c\x00\x90\x3e\xd9\x2c\xa8\xbc\
\xfc\x0a\x45\xd1\xbf\x48\xca\xf8\xee\x07\x00\x90\xf3\x62\x49\xff\
\xa1\x6d\xdb\xae\x0a\x79\x93\x9f\x86\x48\xe4\x3b\x00\x47\x12\x4f\
\x9a\x74\x85\xa2\xe8\x77\x92\xda\xfb\xee\x05\x00\x90\x93\xf6\x2a\
\x8a\xbe\x15\x4d\x9f\xfe\x88\xef\x46\xb2\x21\x67\x02\x80\x24\xc5\
\xb7\xde\x3a\x48\x51\xf4\xa0\xa2\x68\xa4\xef\x5e\x00\x00\x39\xe5\
\x4d\xa5\xd3\x5f\x0d\xed\x48\xdf\xe6\x48\xf4\x23\x80\xcf\x8a\x66\
\xcd\x5a\xa3\x83\x07\x4f\xe7\x91\x00\x00\x20\x4b\x62\x49\x77\xab\
\x73\xe7\xb3\x72\xe9\xe6\x2f\xe5\xd8\x0c\xc0\xe1\xe2\xdb\x6e\x3b\
\x5f\x71\x7c\x9f\xa4\x3e\xbe\x7b\x01\x00\x24\xd2\x7a\x45\xd1\xb7\
\xa3\xe9\xd3\x17\xf8\x6e\xc4\x86\x9c\x9a\x01\x38\x5c\x34\x7d\xfa\
\x8b\xaa\xad\x1d\x22\xe9\x3f\x24\x05\x79\x14\x23\x00\x20\x48\x07\
\x25\xdd\xad\x38\x3e\x39\x57\x6f\xfe\x52\x0e\xcf\x00\x1c\x2e\x9e\
\x34\x69\xb4\x52\xa9\x59\x8a\xe3\x53\x7d\xf7\x02\x00\x08\xda\x1b\
\x92\x6e\x8d\x66\xcc\xc8\xf9\x7d\x66\xf2\x22\x00\x48\x52\x2c\x45\
\xba\xed\xb6\x6b\x15\xc7\x3f\x97\xd4\xcb\x77\x3f\x00\x80\xa0\x7c\
\xa8\x28\xfa\x17\x95\x96\xde\x1b\x4d\x9d\x9a\x17\xef\x90\xe5\x4d\
\x00\xa8\x17\xdf\x7c\x73\x5b\x15\x15\xfd\x48\xd2\x0f\x24\xb5\xf1\
\xdd\x0f\x00\xc0\xab\x3d\x8a\xa2\x5f\xaa\xb0\xf0\x3f\xa3\x9f\xff\
\x3c\xaf\x4e\x9c\xcd\xbb\x00\x50\x2f\x9e\x3c\xb9\x93\xa2\x68\x8a\
\xe2\xf8\x87\x92\xda\xfa\xee\x07\x00\xe0\xd4\x7e\x49\xf7\xa9\x45\
\x8b\xff\x1d\xdd\x75\x57\x99\xef\x66\x7c\xc8\xdb\x00\x50\x2f\xbe\
\xfd\xf6\xae\x3a\x78\xf0\xfb\x92\x6e\x91\xd4\xd1\x77\x3f\x00\x00\
\xab\x76\x48\x9a\xa5\xba\xba\x69\xd1\x3d\xf7\x6c\xf3\xdd\x8c\x4f\
\x79\x1f\x00\xea\xc5\x77\xde\xd9\x5a\x95\x95\xdf\x52\x14\xdd\x2e\
\x69\x80\xef\x7e\x00\x00\x59\x14\xc7\xeb\x14\x45\x77\xa9\xb6\xf6\
\xb7\xd1\xec\xd9\x95\xbe\xdb\x09\x01\x01\xe0\x08\xe2\x5b\x6f\x3d\
\x55\xa9\xd4\x44\x49\x5f\x97\x54\xec\xbb\x1f\x00\x40\x93\x1c\x90\
\xf4\x84\x52\xa9\xd9\x9a\x36\xed\x85\xc8\x6c\xea\x83\x4f\x10\x00\
\x8e\x21\xbe\xe3\x8e\x8e\xaa\xad\xbd\x56\x71\x7c\xbd\xa4\xb1\x92\
\xd2\x9e\x5b\x02\x00\x1c\x5b\x9d\xa4\x17\x25\xfd\x45\x99\xcc\x23\
\xd1\xac\x59\x15\xbe\x1b\x0a\x15\x01\xa0\x81\xe2\x5b\x6e\xe9\xa2\
\x16\x2d\xae\x56\x1c\x5f\x2a\xe9\x7c\x49\xad\x7d\xf7\x04\x00\x90\
\x24\xed\x93\xf4\xa2\xe2\xf8\x69\xa5\xd3\x8f\x46\xd3\xa6\x95\xfb\
\x6e\x28\x09\x08\x00\x4d\x10\x4f\x99\xd2\x4a\x99\xcc\xd9\x92\xc6\
\x49\x3a\x5b\xd2\x28\x49\xad\xfc\x76\x05\x00\x79\xa3\x5a\xd2\x9b\
\x8a\xa2\x57\x25\xcd\x57\x69\xe9\xab\xd1\xd4\xa9\x35\xbe\x9b\x4a\
\x1a\x02\x40\x16\xc4\x53\xa6\xb4\x52\x1c\x8f\x52\x26\x73\x9a\xa2\
\x68\x98\xa2\x68\xb8\xe2\x78\xb0\xa4\x22\xdf\xbd\x01\x40\xc2\x55\
\x49\x7a\x4f\xd2\x72\xc5\xf1\x72\x49\x8b\x95\x4e\xbf\x15\x4d\x9b\
\x76\xc0\x73\x5f\x89\x47\x00\xb0\x24\xbe\xee\xba\xb4\x4a\x4b\x7b\
\x2b\x95\xea\xab\x28\xea\xa3\x38\xee\x23\xa9\xa7\xa4\x4e\x87\xfd\
\x74\x90\x54\x20\x73\x26\x43\x89\xaf\x5e\x01\xc0\xb1\xdd\x32\x27\
\xb6\xd6\x48\xda\x25\xb3\x34\xaf\xfe\x67\x8b\xa2\x68\x83\xa4\x0f\
\x54\x57\xb7\x41\xdb\xb7\x6f\x8c\xe6\xcc\xe1\x3c\x17\x00\x00\x00\
\x00\x00\x00\x00\x00\x00\x00\x00\x00\x00\x00\x00\x00\x00\x00\x00\
\x00\x00\x00\x00\x00\x00\x00\x00\x00\x00\x00\x00\x00\x00\x00\x00\
\x00\x00\x00\x00\x00\x00\x00\x00\x00\x00\x00\x00\x00\x00\x00\x00\
\x00\x00\x00\x00\x00\x00\x00\x00\xd0\x60\xff\x3f\x14\xff\xbf\xcc\
\x76\x29\x5b\x23\x00\x00\x00\x00\x49\x45\x4e\x44\xae\x42\x60\x82\
\
\x00\x00\x10\xbe\
\x00\
\x00\x01\x00\x01\x00\x20\x20\x00\x00\x01\x00\x20\x00\xa8\x10\x00\
\x00\x16\x00\x00\x00\x28\x00\x00\x00\x20\x00\x00\x00\x40\x00\x00\
\x00\x01\x00\x20\x00\x00\x00\x00\x00\x00\x00\x00\x00\x00\x00\x00\
\x00\x00\x00\x00\x00\x00\x00\x00\x00\x00\x00\x00\x00\x00\x00\x00\
\x00\x00\x00\x00\x00\x00\x00\x00\x00\x00\x00\x00\x00\x00\x00\x00\
\x00\x00\x00\x00\x00\x00\x00\x00\x00\x00\x00\x00\x00\x00\x00\x00\
\x00\x00\x00\x00\x00\x00\x00\x00\x00\x00\x00\x00\x00\x00\x00\x00\
\x00\x00\x00\x00\x00\x00\x00\x00\x00\x00\x00\x00\x00\x00\x00\x00\
\x00\x00\x00\x00\x00\x00\x00\x00\x00\x00\x00\x00\x00\x00\x00\x00\
\x00\x00\x00\x00\x00\x00\x00\x00\x00\x00\x00\x00\x00\x00\x00\x00\
\x00\x00\x00\x00\x00\x00\x00\x00\x00\x00\x00\x00\x00\x00\x00\x00\
\x00\x00\x00\x00\x00\x00\x00\x00\x00\x00\x00\x00\x00\x00\x00\x00\
\x00\x00\x00\x00\x00\x00\x00\x00\x00\x00\x00\x00\x00\x00\x00\x00\
\x00\x00\x00\x00\x00\x00\x00\x00\x00\x00\x00\x00\x00\x00\x00\x00\
\x00\x00\x00\x00\x00\x00\x00\x00\x00\x00\x00\x00\x00\x00\x00\x00\
\x00\x00\x00\x00\x00\x00\x00\x00\x00\x00\x00\x00\x00\x00\x00\x00\
\x00\x00\x00\x00\x00\x00\x00\x00\x00\x00\x00\x00\x00\x00\x00\x00\
\x00\x00\x00\x00\x00\x00\x00\x00\x00\x00\x00\x00\x00\x00\x00\x00\
\x00\x00\x00\x00\x00\x00\x00\x00\x00\x00\x00\x00\x00\x00\x00\x00\
\x00\x00\x00\x00\x00\x00\x00\x00\x00\x00\x00\x00\x00\x00\x00\x00\
\x00\x00\x00\x00\x00\x00\x00\x00\x00\x00\x00\x00\x00\x00\x00\x00\
\x00\x00\x00\x00\x00\x00\x00\x00\x00\x00\x00\x00\x00\x00\x00\x00\
\x00\x00\x00\x00\x00\x00\x00\x00\x00\x00\x00\x00\x00\x00\x00\x00\
\x00\x00\x00\x00\x00\x00\x00\x00\x00\x00\x00\x00\x00\x00\x00\x00\
\x00\x00\x00\x00\x00\x00\x00\x00\x00\x00\x00\x00\x00\x00\x00\x00\
\x00\x00\x00\x00\x00\x00\x00\x00\x00\x00\x00\x00\x00\x00\x00\x00\
\x00\x00\x00\x00\x00\x00\x00\x00\x00\x00\x00\x00\x00\x00\x00\x00\
\x00\x00\x00\x00\x00\x00\x00\x00\x00\x00\x00\x00\x00\x00\x00\x00\
\x00\x00\x00\x00\x00\x00\x00\x00\x00\x00\x00\x00\x00\x00\x00\x00\
\x00\x00\x00\x00\x00\x00\x00\x00\x00\x00\x00\x00\x00\x00\x00\x00\
\x00\x00\x00\x00\x00\x00\x00\x00\x00\x00\x00\x00\x00\x00\x00\x00\
\x00\x00\x00\x00\x00\x00\x00\x00\x00\x00\x00\x00\x00\x00\x00\x00\
\x00\x00\x00\x00\x00\x00\x00\x00\x00\x00\x00\x00\x00\x00\x00\x00\
\x00\x00\x00\x00\x00\x00\x00\x00\x00\x00\x00\x00\x00\x00\x00\x00\
\x00\x00\x00\x00\x00\x00\x00\x00\x00\x00\x00\x00\x00\x00\x00\x00\
\x00\x00\x00\x00\x00\x00\x00\x00\x00\x00\x00\x00\x00\x00\x00\x00\
\x00\xb8\xba\xc2\x0c\xb9\xb6\xbc\x72\xb6\xb3\xb9\xa2\xaf\xaf\xb5\
\xa6\xad\xac\xb2\xaa\xa9\xaa\xb3\xac\xac\xad\xb7\xae\xa1\xa1\xab\
\xae\xac\xac\xb7\xae\xa5\xa8\xb6\xae\xaa\xae\xbc\xae\xac\xb1\xbf\
\xae\xb3\xba\xc9\xae\xb2\xb9\xc7\xae\xb5\xbc\xca\xae\xb3\xb9\xc9\
\xae\xb2\xb8\xc7\xae\xa0\xa7\xb3\xae\x93\x91\x96\xae\x91\x8d\x91\
\xae\x8a\x85\x8a\xae\x90\x8d\x93\xae\x93\x93\x99\xae\x9b\x9a\xa2\
\xae\x83\x84\x92\xae\x85\x87\x93\xaa\x7c\x7f\x8a\xa6\x79\x7c\x89\
\xa2\x76\x79\x88\x74\x80\x84\x8f\x0c\x00\x00\x00\x00\xa5\xa6\xb4\
\x14\xa6\xa9\xb6\xd4\xa0\xa3\xb0\xff\xab\xac\xb9\xff\xa5\xa8\xb5\
\xff\xa4\xa6\xb1\xff\xad\xaf\xbb\xff\xae\xb0\xba\xff\xbb\xbc\xc5\
\xff\xb6\xb9\xc2\xff\xb5\xba\xc3\xff\xb9\xbb\xc6\xff\xb5\xbb\xc7\
\xff\xbc\xbe\xc9\xff\xbf\xc3\xcf\xff\xc2\xc7\xd3\xff\xbd\xc0\xce\
\xff\xaa\xb1\xbf\xff\xa3\xa5\xad\xff\xb1\xae\xb0\xff\xb0\xaf\xb1\
\xff\xa3\x9f\xa3\xff\xa0\x9d\xa2\xff\xa8\xa7\xad\xff\xab\xab\xb3\
\xff\xa8\xa9\xb4\xff\xa8\xa9\xb4\xff\x8f\x91\x9d\xff\x85\x89\x98\
\xff\x72\x79\x88\xff\x76\x7a\x85\xd6\x71\x73\x7e\x14\x9a\x9c\xa7\
\x98\x9a\x9c\xa8\xff\x9f\xa4\xb1\xff\xa2\xa7\xb7\xff\xa5\xa7\xb8\
\xff\xa8\xaa\xb7\xff\xad\xb1\xbd\xff\xaa\xaf\xbe\xff\xa2\xaa\xbc\
\xff\xa7\xaa\xba\xff\xab\xb0\xbe\xff\xab\xae\xbc\xff\xac\xb2\xbf\
\xff\xab\xaf\xc0\xff\xb0\xb5\xc8\xff\xa7\xb0\xc4\xff\xb0\xbb\xcd\
\xff\xaf\xb7\xc7\xff\xa9\xa9\xac\xff\xaa\xa7\xa9\xff\xa7\xa4\xa7\
\xff\xa9\xa6\xa9\xff\xa9\xa8\xad\xff\xa3\xa2\xa7\xff\x97\x97\x9d\
\xff\x9a\x99\xa1\xff\x90\x91\x9b\xff\x88\x8c\x95\xff\x7e\x82\x8c\
\xff\x83\x84\x8e\xff\x7e\x80\x88\xff\x77\x79\x83\x9c\xa4\xa6\xb0\
\xe2\x98\x9c\xa7\xff\x8d\x93\x9e\xff\x86\x88\x90\xff\x8d\x90\x96\
\xff\x88\x87\x8b\xff\x89\x89\x8c\xff\x8a\x8c\x94\xff\x8a\x8d\x99\
\xff\x8f\x93\x9f\xff\x8c\x91\x9d\xff\x8f\x92\x99\xff\x92\x91\x98\
\xff\x91\x8f\x96\xff\x96\x95\x9d\xff\x90\x91\x99\xff\x8a\x8c\x96\
\xff\x8f\x8f\x95\xff\x8c\x89\x8b\xff\x94\x91\x94\xff\x97\x93\x98\
\xff\x8c\x8c\x8e\xff\x91\x8f\x94\xff\x96\x93\x98\xff\x91\x90\x98\
\xff\x8e\x8e\x94\xff\x8a\x8d\x93\xff\x8b\x8b\x92\xff\x87\x87\x8f\
\xff\x86\x86\x90\xff\x7a\x7c\x84\xff\x75\x76\x7f\xe6\x8b\x8e\x93\
\xe6\x81\x85\x8c\xff\x7f\x82\x89\xff\x7a\x7c\x7f\xff\x7f\x7d\x7f\
\xff\x83\x7f\x82\xff\x87\x85\x85\xff\x91\x8c\x90\xff\x90\x90\x93\
\xff\x95\x94\x97\xff\x8e\x8e\x90\xff\x8e\x8b\x8d\xff\x88\x85\x88\
\xff\x88\x86\x87\xff\x86\x84\x87\xff\x7e\x7d\x7f\xff\x82\x7f\x81\
\xff\x80\x7e\x80\xff\x7d\x7a\x7c\xff\x7b\x78\x7a\xff\x7c\x79\x7b\
\xff\x80\x7b\x7e\xff\x7e\x7e\x7e\xff\x7a\x78\x7b\xff\x72\x72\x76\
\xff\x7a\x7b\x7f\xff\x76\x77\x7c\xff\x72\x74\x7a\xff\x6e\x6e\x74\
\xff\x64\x66\x6e\xff\x62\x65\x6c\xff\x58\x5d\x66\xea\x8d\x8c\x90\
\xe8\x91\x90\x94\xff\x89\x8d\x92\xff\x83\x86\x8f\xff\x7b\x7d\x82\
\xff\x73\x72\x76\xff\x6c\x6c\x6c\xff\x70\x6d\x6e\xff\x76\x73\x74\
\xff\x76\x75\x74\xff\x75\x74\x74\xff\x79\x77\x78\xff\x7b\x77\x76\
\xff\x7d\x7a\x7a\xff\x80\x7d\x7d\xff\x86\x83\x83\xff\x8b\x88\x89\
\xff\x89\x84\x86\xff\x82\x80\x80\xff\x84\x81\x84\xff\x7e\x7b\x7d\
\xff\x7d\x7a\x7c\xff\x78\x77\x79\xff\x7b\x78\x7b\xff\x72\x72\x75\
\xff\x71\x70\x74\xff\x6d\x6e\x6f\xff\x62\x64\x68\xff\x5d\x60\x63\
\xff\x5c\x5e\x64\xff\x57\x5c\x62\xff\x57\x59\x63\xea\x87\x86\x8b\
\xe8\x8a\x86\x8a\xff\x87\x85\x87\xba\x90\x8d\x92\x78\x8c\x8b\x93\
\x7c\x8b\x8b\x91\xff\x8d\x8c\x97\xff\x84\x86\x8e\xff\x84\x84\x8c\
\xff\x7e\x81\x85\xff\x75\x78\x7b\xff\x74\x75\x79\xff\x6b\x6c\x71\
\xff\x6f\x6d\x6f\xff\x70\x6e\x6e\xff\x6e\x6b\x6c\xff\x69\x67\x67\
\xff\x6b\x68\x69\xff\x6b\x69\x6a\xff\x6f\x6e\x6e\xff\x70\x6e\x6e\
\xff\x6f\x6d\x6d\xff\x6c\x6b\x6a\xff\x6c\x69\x6b\xff\x5f\x60\x62\
\xff\x5d\x5d\x5f\xff\x5c\x60\x61\xff\x5c\x5e\x5f\x7c\x57\x5b\x5c\
\x78\x52\x54\x58\xba\x4e\x52\x53\xff\x4e\x50\x56\xea\x8f\x91\x9d\
\xe8\x83\x85\x8e\xff\x82\x86\x8a\x7c\x7d\x7f\x87\x16\x81\x82\x86\
\x5a\x81\x7e\x85\xff\x81\x82\x86\xff\x80\x80\x87\xff\x86\x86\x8a\
\xff\x8b\x8b\x8f\xff\x87\x89\x8f\xff\x90\x8f\x97\xff\x91\x91\x9b\
\xff\x8f\x90\x9d\xff\x84\x87\x92\xff\x84\x86\x90\xff\x81\x85\x8b\
\xff\x83\x82\x8a\xff\x77\x79\x81\xff\x76\x76\x7d\xff\x76\x75\x79\
\xff\x71\x70\x73\xff\x6b\x6d\x70\xff\x6b\x6b\x6f\xff\x62\x64\x66\
\xff\x62\x62\x65\xff\x61\x60\x62\xff\x61\x64\x66\x5a\x68\x69\x6d\
\x18\x59\x5b\x5c\x7a\x56\x5a\x5b\xff\x57\x59\x5d\xec\x95\x97\xa0\
\xea\x8b\x8c\x96\xff\x8e\x8e\x97\x7c\x78\x7a\x82\x42\x79\x79\x7e\
\xff\x78\x79\x7e\xff\x7a\x79\x7b\xc0\x84\x85\x8b\xda\x81\x82\x88\
\xff\x80\x80\x89\xee\x80\x80\x8a\xb8\x80\x84\x8d\xf2\x84\x86\x8b\
\xff\x8f\x8e\x97\xda\x85\x86\x92\xc0\x90\x8f\x98\xff\x91\x92\x9b\
\xff\x90\x91\x9b\xc0\x92\x94\x9f\xda\x93\x95\xa0\xff\x97\x97\xa2\
\xf2\x8a\x8b\x97\xb8\x7c\x80\x8b\xee\x7e\x83\x8e\xff\x7c\x7f\x8b\
\xda\x71\x72\x7e\xc0\x6a\x6e\x77\xff\x61\x64\x69\xff\x58\x5b\x60\
\x44\x52\x55\x5a\x7a\x51\x55\x58\xff\x53\x55\x59\xec\x9a\x9b\x9f\
\xea\x95\x96\x9f\xff\x89\x8b\x94\x7c\x85\x86\x8e\x42\x85\x89\x90\
\xff\x7f\x81\x87\xff\x7f\x7f\x84\x64\x83\x84\x88\x1a\x8a\x88\x8d\
\xee\x88\x87\x8d\x56\x87\x8a\x8f\x20\x83\x84\x8c\xf6\x89\x8a\x95\
\xff\x86\x87\x8f\xbc\x93\x96\x9e\x00\x8c\x8c\x96\xac\x8b\x8d\x98\
\xb0\x8c\x8e\x99\x00\x88\x8a\x94\xba\x87\x87\x91\xff\x8a\x89\x93\
\xf6\x82\x81\x8a\x22\x83\x86\x8c\x54\x82\x84\x8e\xf0\x83\x85\x93\
\x1c\x84\x86\x8f\x60\x7d\x7f\x8a\xff\x74\x76\x7c\xff\x70\x73\x78\
\x44\x60\x60\x63\x7a\x63\x63\x67\xff\x5c\x60\x64\xec\x92\x92\x98\
\xea\x89\x8b\x91\xff\x90\x92\x9a\x7c\x92\x95\x99\x42\x8e\x92\x9a\
\xff\x90\x93\x9c\xff\x8d\x90\x95\xe8\x83\x82\x8b\x10\x7f\x7d\x83\
\x3c\x81\x7d\x82\x00\x84\x83\x85\xac\x95\x94\x98\xff\x94\x93\x9b\
\xff\x87\x88\x92\xff\x8a\x8c\x94\x54\x89\x89\x95\x1c\x8b\x8b\x95\
\x1e\x96\x97\xa3\x50\x9f\xa1\xac\xff\xa4\xa7\xb1\xff\xa4\xa6\xb0\
\xff\x9b\x9d\xa7\xae\x82\x84\x85\x00\x7c\x7d\x81\x3c\x81\x7d\x83\
\x10\x78\x76\x78\xe6\x76\x74\x75\xff\x74\x71\x74\xff\x6d\x6c\x6f\
\x44\x62\x61\x64\x7c\x5d\x5f\x60\xff\x5e\x5e\x62\xee\x97\x97\x9d\
\xea\x96\x94\x9b\xff\x9a\x9a\xa0\x7c\x95\x97\x9f\x42\x8d\x8f\x98\
\xff\x8b\x8d\x97\xff\x81\x84\x8b\xff\x7d\x7f\x84\x92\x00\x00\x00\
\x00\x7e\x7e\x84\x44\x83\x82\x87\xff\x83\x80\x85\xff\x86\x86\x8b\
\xff\x8d\x8f\x96\xff\x90\x8f\x97\xe0\x8c\x8d\x97\x0a\x9b\x9a\xa3\
\x0a\xa0\x9f\xa6\xde\xa7\xa9\xb0\xff\xac\xae\xb7\xff\xa6\xa7\xb3\
\xff\xa0\xa1\xaf\xff\x9c\x9f\xad\x46\x00\x00\x00\x00\x84\x86\x8c\
\x90\x80\x7e\x81\xff\x76\x74\x75\xff\x72\x6f\x71\xff\x71\x6f\x6f\
\x44\x69\x69\x6a\x7c\x66\x64\x66\xff\x62\x61\x66\xee\x99\x9b\xa2\
\xec\x9a\x99\xa0\xff\x98\x9a\xa1\x7c\x8d\x90\x99\x42\x97\x99\xa0\
\xff\x98\x98\xa3\xff\x97\x99\xa2\xff\x97\x99\xa4\x88\x00\x00\x00\
\x00\x7d\x7e\x87\x36\x7f\x81\x86\xfc\x76\x78\x7a\xff\x7c\x7b\x7d\
\xff\x76\x76\x79\xff\x77\x78\x7a\xda\x82\x82\x88\x08\x82\x82\x88\
\x06\x80\x80\x86\xd8\x83\x82\x85\xff\x83\x83\x84\xff\x92\x94\x97\
\xff\x88\x89\x91\xfc\x92\x94\x9e\x3a\x00\x00\x00\x00\x8b\x8b\x91\
\x86\x7a\x79\x7a\xff\x77\x76\x78\xff\x6b\x6d\x71\xff\x61\x64\x68\
\x44\x5e\x60\x67\x7c\x5f\x61\x67\xff\x5f\x61\x66\xee\x9d\x9c\x9f\
\xec\x9e\x9c\xa0\xff\xa8\xaa\xac\x7c\x98\x96\xa1\x42\x99\x9a\xa3\
\xff\x98\x98\xa2\xff\x90\x92\x9e\xe2\x9b\x9d\xa7\x0c\x8d\x94\x9b\
\x4a\x7f\x82\x8a\x02\x82\x84\x8c\xa2\x7a\x7d\x82\xff\x7a\x7b\x7f\
\xff\x80\x81\x87\xff\x75\x76\x78\x4a\x7c\x7a\x7a\x24\x79\x74\x75\
\x26\x7d\x7c\x7e\x46\x7a\x77\x78\xff\x72\x71\x73\xff\x74\x74\x74\
\xff\x6f\x6f\x70\xa4\x6c\x6b\x6d\x02\x67\x67\x69\x4c\x70\x71\x75\
\x0c\x68\x68\x6c\xe0\x5e\x60\x66\xff\x57\x5b\x60\xff\x51\x55\x5b\
\x44\x4b\x4d\x55\x7e\x4a\x50\x56\xff\x49\x4d\x55\xee\x91\x92\x98\
\xec\x97\x96\x99\xff\x96\x96\x99\x7e\x90\x8f\x94\x42\x96\x93\x98\
\xff\x94\x93\x98\xff\x90\x92\x99\x5c\x91\x8d\x93\x1e\x8a\x8c\x92\
\xf2\x86\x87\x8d\x60\x76\x79\x7e\x1a\x81\x82\x84\xf4\x7d\x7f\x81\
\xff\x82\x80\x85\xb4\x82\x7d\x7f\x00\x85\x82\x84\xb6\x84\x82\x82\
\xb8\x87\x82\x83\x00\x7f\x7d\x7d\xb2\x7c\x79\x7a\xff\x7a\x7a\x7a\
\xf4\x77\x75\x77\x1c\x73\x75\x76\x5e\x6f\x6f\x71\xf4\x6d\x6d\x71\
\x20\x61\x64\x69\x5a\x5f\x62\x6a\xff\x54\x56\x60\xff\x4e\x50\x5a\
\x44\x49\x4e\x56\x7e\x40\x46\x4e\xff\x41\x42\x4e\xee\x9c\x9c\xa2\
\xee\x97\x95\x99\xff\x8d\x8c\x8e\x7e\x8d\x8c\x8f\x42\x88\x88\x8a\
\xff\x8f\x8b\x90\xff\x88\x85\x88\xd0\x91\x8d\x8e\xe4\x8c\x8c\x8d\
\xff\x8b\x8a\x8d\xf0\x83\x84\x88\xcc\x82\x82\x87\xf6\x75\x78\x7c\
\xff\x74\x76\x7a\xe4\x7b\x79\x7a\xd0\x7f\x7b\x7f\xff\x7d\x7a\x7a\
\xff\x7b\x76\x78\xd0\x79\x77\x77\xe2\x7a\x78\x79\xff\x7c\x7a\x7a\
\xf6\x7b\x77\x78\xcc\x76\x73\x74\xf0\x74\x73\x73\xff\x75\x73\x75\
\xe4\x6d\x6e\x6f\xd0\x67\x6a\x70\xff\x5e\x60\x66\xff\x5c\x5e\x63\
\x44\x4f\x51\x5a\x80\x48\x4c\x53\xff\x43\x45\x4e\xee\xa7\xa4\xa8\
\xee\xa3\xa1\xa5\xff\x98\x96\x9a\x80\x97\x96\x9a\x12\x93\x94\x98\
\x46\x9b\x99\x9f\xff\xa1\x9f\xa4\xff\x99\x97\x9d\xff\x94\x93\x9b\
\xff\x91\x91\x96\xff\x8f\x8f\x94\xff\x91\x91\x99\xff\x8e\x8f\x98\
\xff\x83\x81\x87\xff\x86\x85\x89\xff\x83\x80\x86\xff\x85\x83\x87\
\xff\x84\x81\x85\xff\x82\x7f\x82\xff\x81\x7c\x7d\xff\x7e\x7c\x7b\
\xff\x7f\x7c\x7c\xff\x79\x76\x77\xff\x7b\x76\x78\xff\x7f\x7d\x7e\
\xff\x79\x76\x77\xff\x6f\x6e\x6e\xff\x61\x60\x62\x48\x5e\x5d\x5f\
\x12\x5d\x5c\x5e\x80\x5c\x5b\x5d\xff\x59\x5a\x60\xee\xa7\xa4\xa9\
\xee\xad\xa8\xad\xff\xa8\xa3\xa6\xc2\xae\xa9\xab\x7c\xad\xaa\xac\
\x7e\xa3\xa2\xa6\xff\x98\x96\x9d\xff\x8f\x8e\x97\xff\x91\x8f\x95\
\xff\x96\x93\x9c\xff\x95\x94\x9c\xff\x9f\x9c\xa5\xff\x97\x93\x9c\
\xff\x8f\x8f\x98\xff\x8d\x8c\x94\xff\x9d\x9a\xa2\xff\x95\x94\x9d\
\xff\x94\x91\x9a\xff\x8b\x89\x92\xff\x8c\x8a\x90\xff\x8f\x8d\x91\
\xff\x8d\x8b\x8e\xff\x7f\x7e\x83\xff\x85\x84\x85\xff\x76\x76\x7a\
\xff\x74\x74\x78\xff\x6f\x70\x70\xff\x69\x68\x6a\x82\x6a\x69\x6b\
\x80\x6a\x6a\x6b\xc2\x6f\x6d\x70\xff\x66\x65\x66\xee\xa2\xa4\xa8\
\xea\xa9\xa6\xa8\xff\xa8\xa5\xa9\xff\xa6\xa5\xa9\xff\xa7\xa4\xaa\
\xff\xa6\xa3\xa7\xff\xa4\xa2\xa9\xff\x9b\x9c\xa2\xff\x96\x99\x9e\
\xff\x98\x96\x9c\xff\xa0\x9e\xa7\xff\x90\x90\x98\xff\x93\x8e\x94\
\xff\x8f\x8d\x93\xff\x8e\x8b\x90\xff\x92\x8f\x95\xff\x9a\x97\x9d\
\xff\xa3\xa1\xa7\xff\x9d\x9c\xa4\xff\x9c\x98\xa0\xff\x9c\x9c\xa4\
\xff\x9c\x9b\xa3\xff\x95\x95\x9c\xff\x89\x87\x8b\xff\x83\x83\x85\
\xff\x85\x83\x88\xff\x76\x78\x78\xff\x73\x72\x73\xff\x6c\x6d\x70\
\xff\x6a\x69\x6d\xff\x66\x67\x69\xff\x64\x62\x65\xec\xa6\xa7\xad\
\xe6\xa8\xa6\xad\xff\xa5\xa4\xa8\xff\xa3\xa0\xa4\xff\x9f\x9f\xa7\
\xff\xa0\x9e\xa9\xff\xa3\xa3\xac\xff\xaa\xa6\xac\xff\x9f\xa2\xa7\
\xff\xa5\xa5\xab\xff\xa3\xa3\xa9\xff\xa0\x9f\xa8\xff\x9f\x9f\xa4\
\xff\xa4\xa3\xaa\xff\x9e\x9c\xa3\xff\xa2\x9d\xa3\xff\xa6\xa3\xa9\
\xff\xa3\x9f\xa2\xff\xae\xaa\xac\xff\xab\xa5\xa9\xff\xae\xaa\xb0\
\xff\x9e\x9e\xa6\xff\xa2\xa1\xa8\xff\x95\x94\x96\xff\x80\x80\x81\
\xff\x86\x84\x85\xff\x7b\x7a\x7c\xff\x71\x6d\x72\xff\x6f\x6f\x70\
\xff\x6f\x6f\x70\xff\x78\x76\x76\xff\x71\x71\x73\xea\x9e\x9f\xa5\
\xd8\x9f\x9f\xa5\xff\x9a\x9c\xa2\xff\x93\x93\x9c\xff\x94\x96\x9d\
\xff\x98\x97\xa0\xff\x9c\x9d\xa5\xff\x9d\x9e\xa3\xff\x9c\x9c\xa3\
\xff\x98\x94\x9e\xff\x8a\x89\x92\xff\x9b\x9b\xa2\xff\x9a\x9b\xa3\
\xff\xa3\xa1\xaa\xff\xa3\xa2\xa9\xff\x9c\x9a\xa4\xff\xa5\xa5\xaf\
\xff\xa3\xa4\xae\xff\x9f\x9e\xa6\xff\x96\x93\x98\xff\x90\x8d\x90\
\xff\x8e\x8a\x8c\xff\x90\x8b\x8b\xff\x8c\x87\x89\xff\x95\x90\x8f\
\xff\x87\x82\x83\xff\x86\x81\x82\xff\x87\x81\x84\xff\x7f\x7d\x7e\
\xff\x81\x7e\x80\xff\x7a\x79\x7b\xff\x74\x70\x72\xdc\x98\x93\x96\
\x92\x93\x90\x90\xff\x90\x8d\x8f\xff\x93\x8f\x94\xff\x87\x86\x8a\
\xff\x8b\x89\x8f\xff\x8a\x8a\x91\xff\x87\x89\x91\xff\x89\x8c\x96\
\xff\x87\x8a\x93\xff\x84\x84\x8d\xff\x87\x85\x8d\xff\x84\x88\x91\
\xff\x87\x88\x90\xff\x8f\x90\x98\xff\x9c\x9c\xa3\xff\xa1\xa1\xa8\
\xff\xa1\xa1\xaa\xff\x99\x99\xa2\xff\x99\x9b\xa4\xff\x8f\x92\x99\
\xff\x8a\x8c\x90\xff\x89\x86\x88\xff\x83\x81\x81\xff\x81\x7f\x7e\
\xff\x7c\x79\x7b\xff\x77\x73\x75\xff\x72\x6f\x71\xff\x6d\x6c\x6e\
\xff\x6b\x6a\x6d\xff\x67\x67\x6a\xff\x6c\x6b\x6e\x90\x9c\x9a\xa0\
\x0e\x9f\xa0\xa4\xc8\x99\x98\x9d\xff\x97\x95\x9c\xff\x91\x91\x97\
\xff\x99\x98\x9e\xff\x9b\x9a\x9f\xff\x9d\x9c\xa0\xff\x9c\x9b\xa4\
\xff\x93\x93\x9a\xff\x90\x90\x97\xff\x84\x83\x88\xff\x78\x77\x7c\
\xff\x78\x78\x7c\xff\x81\x80\x84\xff\x8c\x8a\x8e\xff\x92\x8e\x93\
\xff\x8c\x8b\x8e\xff\x82\x81\x83\xff\x84\x82\x85\xff\x83\x80\x82\
\xff\x7d\x7a\x7c\xff\x7f\x7e\x7e\xff\x77\x76\x77\xff\x73\x6f\x72\
\xff\x72\x6e\x71\xff\x72\x70\x71\xff\x74\x73\x75\xff\x6e\x6c\x6e\
\xff\x71\x71\x75\xff\x67\x69\x6c\xcc\x61\x61\x67\x10\x00\x00\x00\
\x00\xa1\xa4\xa9\x06\x9d\xa0\xa5\x64\x95\x97\x9e\x8c\x92\x94\x9e\
\x90\x96\x97\xa1\x94\x95\x94\x9d\x96\x9b\x9d\xa6\x96\x92\x94\x9d\
\x98\x85\x87\x92\x9a\x83\x85\x8e\x9a\x81\x82\x8c\x9c\x82\x84\x8d\
\x9c\x81\x82\x8c\x9c\x80\x81\x8b\x9c\x93\x93\x9d\x9c\x94\x95\x9e\
\x9e\x90\x8e\x98\x9e\x82\x80\x85\x9e\x84\x80\x85\x9e\x83\x7f\x81\
\x9c\x82\x7d\x7f\x9c\x79\x79\x7b\x9c\x81\x7e\x80\x9a\x82\x7e\x81\
\x9a\x8d\x89\x8e\x98\x8a\x87\x89\x98\x88\x84\x89\x96\x89\x86\x88\
\x92\x88\x87\x8b\x62\x83\x84\x88\x06\x00\x00\x00\x00\x00\x00\x00\
\x00\x00\x00\x00\x00\x00\x00\x00\x00\x00\x00\x00\x00\x00\x00\x00\
\x00\x00\x00\x00\x00\x00\x00\x00\x00\x00\x00\x00\x00\x00\x00\x00\
\x00\x00\x00\x00\x00\x00\x00\x00\x00\x00\x00\x00\x00\x00\x00\x00\
\x00\x00\x00\x00\x00\x00\x00\x00\x00\x00\x00\x00\x00\x00\x00\x00\
\x00\x00\x00\x00\x00\x00\x00\x00\x00\x00\x00\x00\x00\x00\x00\x00\
\x00\x00\x00\x00\x00\x00\x00\x00\x00\x00\x00\x00\x00\x00\x00\x00\
\x00\x00\x00\x00\x00\x00\x00\x00\x00\x00\x00\x00\x00\x00\x00\x00\
\x00\x00\x00\x00\x00\x00\x00\x00\x00\x00\x00\x00\x00\x00\x00\x00\
\x00\x00\x00\x00\x00\x00\x00\x00\x00\x00\x00\x00\x00\x00\x00\x00\
\x00\x00\x00\x00\x00\x00\x00\x00\x00\x00\x00\x00\x00\x00\x00\x00\
\x00\x00\x00\x00\x00\x00\x00\x00\x00\x00\x00\x00\x00\x00\x00\x00\
\x00\x00\x00\x00\x00\x00\x00\x00\x00\x00\x00\x00\x00\x00\x00\x00\
\x00\x00\x00\x00\x00\x00\x00\x00\x00\x00\x00\x00\x00\x00\x00\x00\
\x00\x00\x00\x00\x00\x00\x00\x00\x00\x00\x00\x00\x00\x00\x00\x00\
\x00\x00\x00\x00\x00\x00\x00\x00\x00\x00\x00\x00\x00\x00\x00\x00\
\x00\x00\x00\x00\x00\x00\x00\x00\x00\x00\x00\x00\x00\x00\x00\x00\
\x00\x00\x00\x00\x00\x00\x00\x00\x00\x00\x00\x00\x00\x00\x00\x00\
\x00\x00\x00\x00\x00\x00\x00\x00\x00\x00\x00\x00\x00\x00\x00\x00\
\x00\x00\x00\x00\x00\x00\x00\x00\x00\x00\x00\x00\x00\x00\x00\x00\
\x00\x00\x00\x00\x00\x00\x00\x00\x00\x00\x00\x00\x00\x00\x00\x00\
\x00\x00\x00\x00\x00\x00\x00\x00\x00\x00\x00\x00\x00\x00\x00\x00\
\x00\x00\x00\x00\x00\x00\x00\x00\x00\x00\x00\x00\x00\x00\x00\x00\
\x00\x00\x00\x00\x00\x00\x00\x00\x00\x00\x00\x00\x00\x00\x00\x00\
\x00\x00\x00\x00\x00\x00\x00\x00\x00\x00\x00\x00\x00\x00\x00\x00\
\x00\x00\x00\x00\x00\x00\x00\x00\x00\x00\x00\x00\x00\x00\x00\x00\
\x00\x00\x00\x00\x00\x00\x00\x00\x00\x00\x00\x00\x00\x00\x00\x00\
\x00\x00\x00\x00\x00\x00\x00\x00\x00\x00\x00\x00\x00\x00\x00\x00\
\x00\x00\x00\x00\x00\x00\x00\x00\x00\x00\x00\x00\x00\x00\x00\x00\
\x00\x00\x00\x00\x00\x00\x00\x00\x00\x00\x00\x00\x00\x00\x00\x00\
\x00\x00\x00\x00\x00\x00\x00\x00\x00\x00\x00\x00\x00\x00\x00\x00\
\x00\x00\x00\x00\x00\x00\x00\x00\x00\x00\x00\x00\x00\x00\x00\x00\
\x00\x00\x00\x00\x00\x00\x00\x00\x00\x00\x00\x00\x00\xff\xff\xff\
\xff\xff\xff\xff\xff\xff\xff\xff\xff\xff\xff\xff\xff\xe0\x00\x00\
\x07\x80\x00\x00\x01\x00\x00\x00\x00\x00\x00\x00\x00\x00\x00\x00\
\x00\x00\x00\x00\x00\x18\x00\x00\x18\x38\x00\x00\x1c\x30\x00\x00\
\x0c\x33\x62\x46\xcc\x31\xc3\xc3\x8c\x30\xc1\x83\x0c\x30\xc1\x83\
\x0c\x31\xc3\xc3\x8c\x33\x62\x46\xcc\x30\x00\x00\x08\x18\x00\x00\
\x18\x18\x00\x00\x00\x00\x00\x00\x00\x00\x00\x00\x00\x00\x00\x00\
\x00\x00\x00\x00\x00\x80\x00\x00\x01\xe0\x00\x00\x07\xff\xff\xff\
\xff\xff\xff\xff\xff\xff\xff\xff\xff\xff\xff\xff\xff\
\x00\x00\x04\x46\
\x00\
\x00\x25\xbe\x78\x9c\xed\x5a\x41\x68\x13\x41\x14\xfd\x31\x62\x2e\
\xd2\x96\x22\x22\xa5\xd8\x20\x2a\xa5\x78\xe8\x59\xc4\x88\x48\x11\
\x91\x9e\x44\xc4\x93\x27\xf1\x20\x22\x22\xa5\x48\x69\x96\x22\xd2\
\xa3\x88\x07\x11\xd1\xe2\x41\x8a\x14\x11\x91\xd2\x93\x04\x11\x11\
\x0f\x22\x3d\x88\x88\xc8\x22\x1e\x44\x4a\xc8\x31\x4a\xec\xfa\x5f\
\x76\x46\xd7\x36\x3b\x3b\x7f\x67\x8c\x08\x7e\x79\x9d\xba\xd9\xfc\
\x79\xff\xcf\xdb\xd9\x3f\x33\x25\x2a\xf0\xbf\xd1\x51\xe2\x9f\x65\
\x9a\xdf\x45\xb4\x95\x88\x86\x19\x7c\x89\x4e\x51\x7c\xfd\xbf\x89\
\xac\x87\xe2\x14\x6e\xf4\xe4\x6f\x80\xe2\x61\xe9\x96\xcd\x30\x5e\
\x32\x0e\x79\xf0\x35\xc8\xb8\xc7\x98\x63\x6c\xf3\xe0\xcf\x64\x7d\
\x8c\x80\x11\x29\x34\x28\x8e\x21\xef\x38\xec\x61\x2c\x32\x5a\x0a\
\x8b\xea\xda\x9f\x30\xcd\xbd\x4e\xbf\xf8\x03\x6f\x19\xe3\x8c\x4d\
\x42\x7f\xc8\xbb\xe6\xae\x7d\xe1\xf7\x25\x46\xd9\x07\xe1\x35\x16\
\xd0\x7a\xee\xba\x4f\xc4\x20\xd1\x92\xd6\x4c\x92\x7b\xd2\xdf\x02\
\xf9\x8b\x61\xad\x66\xd2\x00\x2d\x1d\xa4\x6c\x2d\x25\x35\x63\xf2\
\xf7\x84\xe2\x29\xd6\x07\xf7\x4e\x79\xef\x84\xe7\x8c\x9d\x06\x7f\
\xdb\x2d\xb9\xeb\x71\xb8\xea\xc8\x7f\x5a\xc0\x1d\x98\x60\x6c\x36\
\x70\x9f\xb7\xe4\x0e\xbc\x61\x8c\xe5\xe4\xdd\xa7\xb8\xdb\xf2\x5e\
\x61\x4c\x1a\xfc\x41\x33\x4b\x02\xee\x2f\x18\x7b\x1d\xb9\xdb\xe6\
\x1d\xdc\x2f\x51\xfc\x4e\xeb\x64\x9d\xe6\x19\x13\xde\x31\xf6\xe5\
\xe4\x0e\x9b\x12\x70\x8f\x32\xb8\xe3\xbd\x9a\x36\xcf\x74\xc2\x7b\
\x8a\xe7\xe2\x3c\xd6\xa7\xb8\xd8\xf2\xae\xab\xfb\xd3\x6c\x84\xf1\
\x58\xc0\xfd\x15\xe3\x40\x4e\xee\x3d\x8a\x8b\x6d\xde\x71\xdf\x94\
\x8a\xb9\x93\x0d\x08\xb9\x7f\xa0\x78\xee\xcd\x6b\x78\xf6\x56\x2c\
\xfb\x02\xa6\x33\xb8\xdf\x15\x72\x3f\xc6\xd8\x90\x83\xb7\xce\xbb\
\x44\x33\xd3\x06\x7f\xa8\x49\x1f\x09\xb8\xbf\xa6\x38\xef\x79\xb9\
\x4b\xf2\xae\xb9\xa7\xe5\x1d\xf5\xef\x43\xc6\x37\x4b\x7f\x21\xc5\
\x35\x47\x1e\xee\xb0\x09\x01\x77\x20\xc8\xe0\x7e\x9b\xec\xf3\x0e\
\xee\x2e\x9a\xb9\x28\xe8\xab\xae\xb8\xa7\x19\xea\x85\x05\x81\x3f\
\x68\x26\x6f\xde\xc1\x5d\x92\x77\xcd\x3d\x2d\xef\x5b\x14\xf7\x6e\
\x69\xe6\x02\xe3\x8b\x65\x5f\xc0\x8c\x81\x7b\x3f\xe3\x86\x90\xbb\
\x8b\x66\xc0\xdd\x76\x8c\x51\x0b\x5f\x36\xf8\x2b\x53\x5c\x8b\xd9\
\x72\x5f\xa6\xfc\x79\xdf\x4c\xb2\xbc\x6b\xee\xa6\xbc\xa3\x26\x68\
\x5a\xfa\x0b\x1d\xb8\xc3\xce\x09\xb8\x47\x8a\x7b\x7f\x8a\x2f\xc4\
\x74\x8d\xec\xf3\xfe\x91\x71\xdc\x81\x3b\xec\x0c\xe3\xb3\x80\xff\
\xac\x81\x3f\xae\x5f\x17\xf0\xc7\x3c\x71\xda\x91\x3f\xf4\x73\x56\
\x10\x03\xf4\x73\x25\x23\x06\x89\x7e\x30\xf6\xe3\x9e\x62\x90\x3c\
\xbf\xb3\x86\x3e\xcb\x24\x7b\x7e\xb1\x96\x3a\xea\x18\x03\xa9\x18\
\x24\xcf\x42\x96\x96\x24\xf3\xe7\x27\xc6\x49\xc7\x18\x30\x0e\xe7\
\x05\x31\xd8\x68\xe9\xbe\x30\x86\xc3\x1e\x62\xc0\x9c\xe4\x4b\x4b\
\x3b\x84\x31\xe0\x5d\x30\xe6\x18\x03\x4c\x32\x0e\x59\x5a\x42\x1d\
\x71\x93\xec\x73\x82\x79\xf5\x84\x63\x0c\x79\xde\x6b\x26\x2d\x49\
\x6b\x21\xc4\xe0\x3a\x0e\x79\xea\x0a\x93\x96\x50\x8b\x3e\x10\xf8\
\xf3\xa5\x25\xc4\x20\x59\x0b\x98\xb4\x84\xb5\xc0\x2d\x41\x0c\x21\
\xb9\xbf\xa3\x75\x5d\xed\x4b\x4b\x88\x01\xe3\x20\xa9\x4d\x7d\x68\
\x09\x31\xf8\xaa\x51\x77\xd3\xdf\xd1\x92\x74\x5d\x69\x5a\x23\xe0\
\x3c\x65\x4e\x10\x43\x48\xf9\xd7\x08\xda\x7c\xaf\xeb\x11\x83\x64\
\x5d\xef\xba\x17\x94\x8c\xc1\x76\x0c\xea\x64\xde\xbf\x1d\x56\x31\
\x74\x63\x2f\x2e\x69\x93\x64\xbf\x27\x07\x6e\x98\xc7\xd2\xf6\xcf\
\xa5\x5a\xc2\x5e\xe8\x11\x47\xfe\x18\x07\xc9\x7e\xee\x53\x8a\xf7\
\xf9\xd3\x0c\x31\x60\x7f\xcb\x46\x4b\x3e\xce\x2f\x60\xb6\xfb\xba\
\x78\x5e\xf6\x53\xf6\xf9\x91\xcd\x1e\x9d\x3e\x8b\x1c\xf1\xc0\x5f\
\x5b\xda\x99\x00\xfa\x5a\x56\xdc\x6d\xcd\xa4\x25\x5c\xc3\xfa\x68\
\xd0\x13\x6f\x6d\x69\xe7\x1a\xe0\x8e\x9a\x58\x7a\x06\xdc\x49\x4b\
\xe0\x8e\x7d\xeb\x01\x3f\x94\xd7\xd9\xda\x73\x25\xbc\xaf\x71\x56\
\x92\xf7\xfc\x3a\x39\x2f\xb5\xd4\xef\xc3\xee\x34\x33\x0d\x31\x3c\
\x23\xb7\x73\x1e\x6d\x5a\x4b\xa8\xbf\xbb\xf5\x37\x10\x98\x97\xb0\
\x6e\xf1\xf5\xf7\x1b\xe0\x9d\x56\x4b\xfd\xd3\x16\xb5\x2d\xd9\x7e\
\x8d\xa2\x3b\x68\x1b\x51\xd4\x8b\x36\xac\xae\x96\xd0\xd6\x2a\xad\
\x22\xda\x60\xa8\x59\x40\x4b\xbd\x8d\xf6\xf7\x69\x28\xc4\xff\x57\
\xa9\x52\xc3\xe7\x2d\xaa\x06\xb8\xbf\xc9\xfa\xc7\xf7\x1b\x85\x55\
\x1a\xe2\x36\x2c\xb6\xa8\xc2\x6d\xad\xd4\xa4\x2a\xb7\x01\x7f\x1d\
\xfd\xe1\xeb\xdc\xf2\x4d\xb5\x62\x04\x91\x57\x82\x52\x84\xcd\x97\
\x2a\xf5\x46\x28\x02\xf9\x13\x6e\xc3\x02\x7f\xc2\x6d\xad\xc8\x9f\
\x70\x1b\x94\x1a\xe8\xfb\x67\xab\xaf\xeb\xfb\xf4\xf7\xb4\x1f\xed\
\x57\xf7\xc3\xe4\xda\xfd\x46\x6d\x07\xe0\x55\x8c\x79\xb5\x1d\x80\
\x37\xc5\xbc\xdb\x0e\x12\x71\xe9\x38\x75\xdc\xed\x40\xda\xf9\x51\
\x79\x09\x55\x9e\x1a\x2a\x6f\x4d\x95\xc7\xef\x2a\xaf\xbf\xe7\xfb\
\x07\x4b\x80\x45\xaf\
\x00\x00\x04\x9b\
\x00\
\x00\x25\xbe\x78\x9c\xed\x59\x51\x48\x15\x41\x14\x1d\x33\x4a\x24\
\x28\x22\x42\x24\x52\xa2\x22\x24\x42\x42\x22\x22\x32\xfc\x08\x79\
\x88\xf4\xd9\x47\x84\xf4\xd5\x47\x44\x48\x84\x44\x54\x44\x5f\x11\
\x11\x7e\xf4\x15\x11\xd1\x47\x44\x44\x84\xf4\x11\x12\x22\x7d\x88\
\x44\x44\x44\x44\x84\x3c\xe4\x11\x11\x11\x22\x12\x8f\x90\x37\x9d\
\xe3\xcc\xea\x6d\xde\xec\xba\xbb\xba\x5b\xd2\xbb\x72\xbc\x77\x77\
\x67\xf6\x9e\x99\xbd\x7b\xf7\xce\x3c\xa5\xea\xf0\xd7\xde\xae\xf0\
\xbf\x55\x3d\xdc\xa1\xd4\x66\xa5\xd4\x2e\x00\xa7\x54\x9f\x32\xe7\
\x6b\x52\x93\x9a\xc4\x13\xad\xf5\xaa\x4a\xa5\xb2\x1f\xba\x00\x7d\
\x04\x7a\x53\xde\x1c\xe0\x77\x23\x7d\x03\xbd\xc0\x3e\x72\x8a\xd3\
\x0f\xed\x1a\x81\x01\xe0\x13\x50\x02\x26\xd1\xff\x29\x74\x7b\xd6\
\x9c\x05\x87\xbd\x00\x7d\x4e\x02\x5f\xc8\x05\x1c\x2e\x02\x8d\x51\
\xfd\x70\xbd\x01\x6d\xd9\xee\xa7\xae\x96\x11\x60\x5b\x0e\xdc\xb7\
\xc3\xff\x68\xe0\x14\x76\x60\xce\xc0\xbe\x00\xbd\x26\x82\xff\x56\
\x5c\x1f\x96\xfd\xa8\xad\xcd\x31\x1d\xcd\x81\xff\x31\xa0\x2c\x78\
\x4b\x2e\xc3\xe4\x18\xc1\x7f\x27\x9a\xbd\xf6\x8c\x3d\xb0\xcf\xe4\
\xc0\xff\x8c\xe7\xd9\x07\xf2\x0e\x3c\xda\x22\xf8\xb7\xb1\x4d\x44\
\xff\x81\xac\xf9\x83\x43\xbf\x6f\xee\xad\x7c\x00\x76\x87\xf5\xc5\
\x35\xf2\x7f\x1f\x12\x3f\xb9\xf0\x87\x8f\x73\x21\xcf\x3e\x0e\xff\
\xdd\xb6\x4d\x58\xfc\xe4\xc1\x7f\x20\xe2\xf9\x57\xf1\xc7\xf1\x13\
\x6d\x72\x0b\x31\x0e\xcc\x84\x75\xc6\x18\x26\x44\xdb\xac\x30\x11\
\x11\x3f\x33\x96\x63\xd0\x96\xdc\xbf\xc8\x58\x71\xfb\xc9\xf8\x09\
\xbb\xef\xdf\xb2\xb5\xf9\x36\x94\x9c\x18\xcf\xc2\x4f\x56\x42\xfe\
\x93\x59\xfb\xcd\xf0\x39\x90\x7f\x71\x05\xc7\x4f\x29\xe0\xbf\x12\
\xe3\x07\x3e\xc8\xff\xf3\x0a\x8e\x9f\xa2\x16\xfc\x9d\xeb\x33\xf6\
\xfa\xd4\x5f\x8c\x9f\xaf\xda\xe4\x97\x5f\x21\x6d\xc8\xef\x93\x1b\
\x3f\xb0\x59\x43\x14\x80\x76\xe0\x20\x30\x94\x73\xfc\xb0\xd6\xbc\
\x09\xdd\x01\xcd\x5a\xba\x0f\xfa\xbb\xa7\xdd\x44\xc0\x5f\xf8\x7d\
\x03\xd5\xe6\x7c\xe3\x9a\x70\xfe\x31\xf4\x6c\x1a\x32\x09\xc7\xcb\
\x3a\xf7\x12\xd0\x20\x39\xe0\x7a\x41\x8e\xc1\xb6\xff\x0c\x7c\x70\
\xe6\xea\x96\xa7\x2f\xc7\x70\xda\xc6\x54\x1a\x4e\x49\x6c\xce\xe9\
\x21\xb7\xae\xc0\xb5\xad\x15\x53\x3f\x4b\xae\x5c\x63\xbd\x77\xe2\
\xe7\x1a\xb0\xda\x53\x97\x9c\x04\xa6\xd2\xf0\x4a\x28\x1f\x81\x0e\
\x8f\xff\x66\xe0\x99\xa7\xed\x5b\xe7\xdc\x0b\xf8\xfe\x63\x9d\x85\
\xe3\x0d\x38\x7f\x47\xa7\x8c\x9f\x84\xc2\x39\x3a\xab\x9d\x75\x16\
\x8e\xbb\xb4\xc9\x27\x52\xb8\x1e\x18\x75\xf2\x0b\xe3\xef\x36\xec\
\x56\xe8\xd5\xc0\x66\xe0\xa2\x36\xb9\x40\xb6\x8b\x65\xa7\x8c\x21\
\xc6\xc4\x71\xe8\xc6\x8a\x59\xd3\xf2\x3d\x7e\xe9\x69\xff\x0a\xb8\
\x21\x07\x64\x63\xa9\x0c\xf3\x0d\x34\x6b\xbc\x31\x60\x5a\x2f\x41\
\xdc\x6f\x78\x4c\x9b\xb5\x01\xd7\xc1\x23\xb0\xe7\x73\xa4\x33\x2f\
\xcc\x51\x7b\xec\x78\xab\x7c\xfa\xec\x7f\x41\x2c\x1f\xae\x05\xc8\
\x7d\x0d\x70\x02\xe7\x26\xe3\xf2\xcc\x21\x7e\x22\x6d\x6d\xea\x9e\
\x13\xda\xe6\x49\x6d\xf6\x7c\xba\x75\x75\x2e\x5a\x16\x49\x19\x3f\
\x5e\x5b\x9b\x79\xe7\xb7\xb5\x6a\x2f\x88\xe3\x01\xae\x02\x3f\x45\
\x9f\xe7\x50\xdc\x77\x39\x6f\xd1\x2f\x81\xeb\xcc\x15\x73\xf0\xd9\
\xd4\x21\x08\xfa\xf7\x07\xb6\x36\x6b\x5f\xfa\xe0\x1a\x92\x39\xe3\
\xb9\x98\x03\xbe\x93\x37\xa0\xd7\xb9\xbc\x9d\x31\x74\x68\x93\x57\
\x03\x79\x18\xd5\x3e\x4b\x81\xef\x47\x82\x07\xdf\xe1\xfd\x31\xfa\
\xf0\x7d\xb8\x2f\xfa\x31\xf7\x34\xe5\xc1\xd7\xe1\xd1\x0c\xbe\xd3\
\x22\x7e\x1e\xe8\x88\xbd\x37\xa7\x2f\xf7\x4b\x7f\x89\x31\x30\xa6\
\x62\xed\x9f\x2e\x87\xd0\x97\x36\x75\x40\x20\xe4\xb2\x2f\x61\xff\
\x31\xd1\x9f\x76\xe8\xbe\xdd\x72\x0b\x7c\xb5\x62\xce\xc7\x45\x1e\
\x19\x4b\x3a\x7f\x68\x7f\x4a\x2f\xd4\x0b\xdf\x71\x2f\xe6\xab\xac\
\x28\xcf\x8b\xad\x15\xfb\x80\x1f\xf6\xbd\x9d\x05\x4e\x25\xbd\x8f\
\x36\xfb\xc0\xf2\x19\x3c\xc9\xe3\x3d\xd0\xa6\x56\x7f\xea\x3c\xfb\
\xed\x29\xee\xc3\x5c\x7a\x8d\x79\xab\xb2\xb0\x16\xea\xca\x82\xb3\
\xe3\x97\x75\xda\x37\xcb\xbd\x6c\x39\x34\x2c\xde\xb3\xea\x3e\xc4\
\x61\x60\x42\xe4\x80\xc1\x2c\x38\x3b\x7e\x07\xc5\xdc\x17\xed\x78\
\xd2\xde\x8b\xf5\xe7\x5d\x71\x3f\xd6\xa6\xfc\x3e\x34\x27\x01\xc6\
\xee\xb5\xc5\xf1\x16\xe6\x07\x6d\x7e\x77\x99\x16\xef\xed\x3d\xed\
\x59\x8b\x24\x1c\xc3\x81\xca\x9f\xeb\x67\xee\x4f\x3f\x8b\x0b\xb4\
\x9f\x83\x6b\x5b\x0c\x59\xf0\x3b\xcb\x75\x87\xdc\x3b\x66\xee\xa8\
\x5a\x87\xa5\x79\x06\xb8\xd7\xd0\x52\xea\xa2\x94\xb5\x1a\xd7\xdb\
\xb1\xbe\x57\x31\xc6\xd0\xa4\xcd\xba\x98\xf3\xc3\xdf\xd4\x4a\xb6\
\x3e\x0f\x45\x70\xdd\x69\xc7\x7e\xac\x1d\x4b\x3e\xdb\x1e\xb3\x76\
\xb9\xae\x97\xf9\x37\x4f\x6d\xf2\x11\xe3\xb3\x1b\x7e\x7a\xa0\x7b\
\x09\xd8\x47\x7d\xb6\x05\xdb\xf5\xe0\xbc\xb4\xa9\x59\x3f\x16\x1c\
\xbb\x60\xef\xcd\x6f\x7f\xe2\x7c\x53\x93\x9a\xfc\x8f\x62\x32\xd6\
\xe2\x7a\xb6\x13\xc5\x5c\xa7\x52\xe5\x16\x7c\xd4\x5b\x94\x9a\xa2\
\x5e\xbf\xb8\x5e\xaa\xd4\x5f\x51\xaa\x6e\x44\xa9\xb5\x44\xd1\x03\
\x7b\xbe\x7e\xc4\x20\x90\x2b\xfc\x57\xa7\xd4\xdc\xa9\x7a\xa5\x8a\
\xd4\x6b\xc1\xeb\x32\xf2\x33\x78\x95\xa9\x5b\x16\x74\x30\xbe\x40\
\x57\xa8\x2f\x43\x73\x1c\x42\xeb\xf5\xdc\xa0\x12\x9a\xfc\xa4\x26\
\x8f\x18\xf3\x19\xe8\xdf\x31\xba\x64\x9f\
\x00\x00\x06\x80\
\x00\
\x00\x25\xbe\x78\x9c\xc5\x5a\x6f\x64\x9d\x57\x18\x3f\xc9\x3d\x72\
\x23\x26\x77\x6a\xa2\x26\x7a\xa3\xb6\x8a\x98\x8a\x99\xaa\x99\xde\
\xaa\x9a\x8a\xda\x87\xaa\x9a\x88\x98\x7e\xaa\x88\xa9\xa9\xa9\xaa\
\xe6\x6a\xaa\xed\xa7\x99\x99\x9a\x8a\x7d\x98\x98\xa8\xaa\x9a\x99\
\x7e\xa8\xb8\x9d\x98\xa8\x99\x99\x88\x99\x98\xbb\xa8\x98\x89\xb9\
\x26\xea\x9a\xd7\x7d\xf7\xfc\x72\x9e\x77\x7d\x77\xee\x73\xce\xfb\
\x27\xb9\x5d\xeb\xd7\xd3\xbe\x3d\xef\xf3\xef\xfc\xce\xf3\x3c\xe7\
\xbc\x51\xaa\x8b\x7e\x8f\x8e\x2a\xfa\x73\x48\x2d\xbc\xaa\xd4\x80\
\x52\x6a\x98\x40\x8f\xd4\x7b\xca\x3c\xef\xc4\x2f\xad\xab\xdd\x84\
\x7e\xc2\x01\xc2\xdb\x84\x0f\x08\x73\x84\x6f\x09\xab\x84\x75\xc2\
\x13\xc2\x2f\x84\x65\xc2\x3c\xe1\x0a\xe1\x1d\xc2\x6b\x84\x97\x20\
\xa3\x23\xc6\xf9\xed\x06\x5e\x26\x9c\x25\xdc\x26\x7c\x4f\x78\x4a\
\x08\x53\x22\x20\xac\xb0\x3f\xef\x13\x5e\x79\x5e\x7e\x90\x9e\x17\
\x59\xe7\x12\xe1\xcf\x0c\x36\xbb\xf0\x17\xfb\x5f\x45\x4c\x3a\x64\
\x33\xb0\x87\x70\x9a\xf0\xeb\x2e\xd8\xec\x02\xe2\x31\xc5\x6b\xbb\
\x6b\xeb\xc1\x5c\xbd\x9d\x22\xde\xe0\xc5\x06\xe1\x31\xa1\x46\x58\
\x64\xe0\xef\xdf\x11\xea\x84\x66\x82\x8c\x2d\xc2\x7d\xc2\xd1\x5d\
\xb2\x7d\x84\xd7\xd7\xa7\xf7\x0f\xc2\x67\x84\x33\x84\x37\xb4\xd9\
\xcf\x43\x16\xc0\xf1\x51\x6d\xf6\xee\xcd\x84\x75\x44\x1c\xd6\x08\
\x27\xb0\xf6\x39\xed\xee\x61\x5d\x6b\x0e\x1d\x0d\xc2\x03\xc2\x38\
\xa1\x3f\x87\xfc\x5e\x6d\x72\xd6\x02\xe1\x77\x4f\x5c\xb0\xd7\xfa\
\x72\xc8\x87\xed\x2b\x8e\xd8\xfc\xc0\x72\xf7\x64\x95\xeb\xf0\x63\
\x9c\x63\x21\xe5\xb0\x0d\xd6\x95\x45\xe6\xb0\x27\xee\x0b\xcc\x83\
\x9e\x9d\xda\x1e\xd3\xd7\xcd\x1c\xbb\xc6\xf1\x91\xd6\x61\x2c\x85\
\x9c\xc8\xf6\xc7\x0e\x19\xa8\x3d\x1d\xcd\xd3\x24\x7f\x82\x63\x67\
\xfb\x81\xfd\x72\xdc\xa7\x5f\x9b\xdc\xfe\x89\xb0\x57\x61\xfb\x85\
\x3c\x3c\xcf\x61\x7f\x0f\xe7\x01\x7b\x7f\xc3\x9f\xaf\x09\xfb\x3c\
\xef\x9e\x64\x5b\xed\xd8\x5f\x95\x6c\x67\xee\x0e\x62\xcc\x69\x2b\
\xfa\x87\xbd\x0e\x1f\x26\x84\x35\xc0\xfe\xb8\xe0\x90\xd5\x27\xec\
\xd7\x80\xf9\xde\xb6\x66\x6c\xfb\x25\xf6\xf7\x52\x56\x1f\xb4\xc9\
\xa7\xf7\xb4\xe9\x8f\x0e\x39\x74\x54\x85\x3d\x8d\x7a\xbd\x5f\x98\
\x3b\x2e\xc4\xfd\x47\xc2\xeb\x0e\x5f\xcf\x69\x53\x6b\xa2\x9a\x83\
\x7f\xa7\xca\x73\x34\x6f\x80\x6d\xff\x9b\xdf\x47\x7d\x39\x6a\xfb\
\x00\xae\x30\x67\xec\x75\xf8\x98\xa0\x63\xf3\xc0\xfb\x07\x82\x9f\
\xe0\x7c\x8f\x25\xb3\x97\x6d\xdd\xb0\xe6\x6f\xf0\x73\xef\x3a\xb0\
\xed\x73\x96\x4d\x01\xfb\x70\xc8\x9a\x8b\xbc\x74\x5a\xd0\x05\x9e\
\x1c\xe4\x39\x8a\xf7\x8b\x5d\x43\x16\x1d\xdc\x1c\x67\xdf\x5c\xb5\
\xdf\xc9\xa5\x18\x67\xa4\x1c\x09\xa0\xdf\x1e\xb0\xde\xc1\x5e\xf8\
\x5c\xd8\x07\x17\xb1\x06\xcc\x85\x8f\x04\x99\x53\x0e\x1b\x8e\x68\
\x93\x5f\x5d\x36\x88\x5c\x12\x38\x63\x03\xcf\xbf\xd4\x42\x4d\xa4\
\x67\x87\x05\x7d\xe8\x91\xf6\x6a\x53\x37\x16\x05\x1b\x06\x6c\x39\
\x2c\x4b\x33\x57\xa5\xda\x1c\xe7\xd2\x54\xb4\x0e\x0e\xce\x48\xb6\
\x0f\x79\x74\xfe\x64\xbd\x83\x5e\x10\x75\xf4\x4d\xdd\xde\x57\xde\
\x91\xe4\x58\x32\x0f\xb0\x4c\x97\x4d\x58\xe3\xcb\xda\xf4\xae\x3e\
\xce\xc0\xf6\x4f\xa5\xb8\x5b\xfa\x2e\x0a\xef\x22\xc7\x4e\x0a\xcf\
\xcf\x25\xd9\xcf\x32\xc1\xa5\xe5\x04\x2e\xd5\x3c\x9c\x69\xba\x38\
\x23\xe8\x3a\xa6\xdb\xf7\x1d\xf2\xd0\x75\xeb\x19\xe6\x1c\x49\x69\
\xbf\x66\x1f\xec\xb5\x4d\x03\x2f\x67\x04\x5d\x23\x82\x1e\xe4\xcc\
\xbb\xd6\x33\x9c\xb5\x0f\xa6\x91\x19\x93\x0d\x2e\xad\x78\xd6\x21\
\x17\x67\x2c\x1d\x83\xba\x3d\xc7\xc3\x56\x7b\xef\xc2\xc7\x91\x2c\
\xf6\xb3\x7c\xec\x69\x5f\x5e\x4a\xcc\x33\x09\xf2\x91\x6b\xee\x5b\
\xb2\x36\x98\xbf\xf1\x67\xa8\xb9\xc3\x39\xec\x07\x97\x4e\x69\xd3\
\x0f\xf8\xec\x7f\x98\x53\x3e\xec\xbf\xd7\x41\xfb\x93\x6a\x53\x7c\
\x4f\x23\x2f\x65\xed\x97\x5c\xf6\x3f\xdc\x29\x7f\x74\x72\x6d\x92\
\x72\x2b\xea\x43\xea\x73\xa1\x87\x3f\x0b\x3b\xd9\xbf\x3a\xb9\x36\
\xb9\xf0\x9f\x1a\x97\x42\x8f\xb4\x7f\x71\x46\xb8\x66\x3d\xcb\x92\
\x3f\x93\x38\x83\xf5\x58\xf7\xfc\x7f\x6a\x2e\x69\x93\x3f\xed\x9a\
\x0f\x7f\x26\x04\xb9\x62\xef\x23\xc4\xdd\xc7\x99\xa8\x36\xe1\x1e\
\x20\xa9\x5f\x4a\xe4\x92\x36\x67\xc7\x2d\xeb\x5d\xd4\x2f\xa9\x7f\
\xb8\x9b\xc2\xf6\x54\xfd\x8c\xce\xd1\x2f\x39\x74\x5e\x16\xde\x9b\
\xd4\xd9\xfb\xb7\x34\x9c\xb9\xa5\xad\xfc\xae\x93\x6b\x9c\x93\x4b\
\xda\xf4\xd0\xb6\xff\x51\xff\xe6\xea\x9f\xa7\x1d\xf6\xe3\xce\xd9\
\x75\xd7\xec\xed\x67\x74\x72\x8d\xc3\x19\xa4\xed\x0e\x97\x9e\xbd\
\x25\xbc\x83\x18\x22\x27\x45\xe7\x17\xfb\xdc\x8e\xbe\x4b\x3a\xbf\
\x0c\xb1\x8d\x36\xef\x13\xfb\x19\xe6\x12\xfa\xb0\x55\xc1\x76\xd7\
\x79\x0f\xb1\xff\xc2\x9a\x8b\xf8\x7d\xa8\xf9\x0c\xa9\xcd\xdd\xb2\
\x5d\x07\xb6\x78\x4e\xdb\x3d\x15\xcf\xbf\x15\xf3\x21\x53\x3f\xa3\
\xcd\x1d\xd3\x6a\x2c\xa6\x4f\x78\x5d\x6d\xdb\xbb\x39\xb6\xf6\xf9\
\x11\x35\x76\xc4\x9a\x7b\x56\x88\x89\x78\x7e\x8f\xf9\x30\xcf\x71\
\x9b\x4f\x6b\x7b\xec\xfd\x63\xcc\xa5\x06\xeb\x96\x78\x8f\xf3\xfb\
\x37\x02\x77\x6e\x46\xb1\x8f\xcd\x7d\x81\xf0\xb3\x35\x0f\xef\xdd\
\xd1\x8e\x3b\x2f\x96\xff\xae\xf6\xdc\x29\x79\xec\x8f\xf2\xd2\x19\
\x69\x8d\x79\xce\x55\xdd\xbe\xd7\x1a\x2e\x7d\xda\xe4\xea\x4d\x61\
\x1d\x50\xe3\x3a\x7e\xf7\x16\xb3\xc3\x77\x7f\x75\xde\xf3\x5e\x74\
\x7f\x68\xfb\xbc\xc9\x7b\xe1\x79\xdc\x1f\xf6\xf2\x9a\x4a\xf7\x87\
\x5f\x11\x06\x3d\xef\x46\xf9\x7d\x49\x58\x83\x4d\x5e\x87\x4e\xdf\
\xdf\x4e\xb2\xed\x76\xec\xd7\x78\xcf\x24\xea\xa7\x39\xfb\xb5\xe9\
\xe3\xa4\x1c\xdd\xa9\xfb\x73\xe8\xbc\x2e\xd8\x0d\x20\xb7\x9f\xc8\
\x28\x73\x4c\xfb\xbf\x5f\x9c\xcf\x9a\x73\x1c\x7a\xfa\x98\xeb\xc8\
\xdf\xd2\x37\x2a\xe4\xd6\x69\x70\x23\xa3\x5c\xec\xa1\x93\x3a\xf9\
\xfb\xd1\x44\x9e\x7d\xc1\x3c\x1f\xe3\xfc\x26\xdd\x79\x47\x71\xcf\
\x74\x4e\x10\xf4\xa0\x6f\x59\x76\xc4\x26\xbe\x37\xf0\x7d\x12\x77\
\x8b\x87\xf5\xb3\xef\x77\xfb\x18\xe0\x06\x6a\x16\xbe\xed\xe1\x8c\
\x89\x7e\x65\xdd\x23\x2f\x60\xfe\x1e\xcf\x6b\xb7\xe5\x03\x74\xa3\
\xde\xa6\xf9\x7e\x8a\x98\xe1\x2e\xb6\xc6\x9c\x00\x96\x98\x73\xe0\
\x42\xd2\x19\x0d\x75\x1f\x77\x22\xa9\xce\x20\x29\xed\x8f\xea\xed\
\x29\x0f\x9f\x76\x03\xf0\x1d\x77\xa7\xbb\xfa\xfd\xda\xf2\xa5\x9f\
\x75\xd4\x98\x37\x59\xcf\x8d\x36\xd0\x7f\xa0\x8f\xc0\xb7\xb5\xb6\
\x7e\xb1\x53\xbf\xb4\xe9\x5d\x27\x99\x57\xd8\x1f\x79\x7e\x7e\x03\
\x7d\xe5\x34\xef\x8f\xff\xeb\xe7\x50\xd0\x37\xa1\xe6\xe1\x7c\x87\
\x9c\x3a\xc7\x6b\x83\xfe\xb2\xce\xfb\x14\x7d\x15\x7e\x7e\x00\x7d\
\x1e\xce\x28\xe8\x53\x46\x98\x93\x3b\xb2\x3b\x0c\x1b\xa5\x30\xc4\
\xc8\x08\x94\x2a\x63\x6c\x28\x55\xc2\x58\x53\xaa\x80\xb1\x5a\x6e\
\x76\x61\xc4\x2c\x1a\x5b\x85\x30\xac\xcd\x28\x15\x14\xc3\xb0\x5e\
\x51\xaa\x59\x0e\xc3\x66\x59\xa9\x46\x25\x0c\x83\x92\x19\x5b\x34\
\xd6\x67\x66\x5a\x57\x8a\x34\xb6\x2a\x41\xa5\xa0\xd4\xa3\xa0\xdc\
\x2c\xcf\xd2\xd8\x2c\x35\x4a\x34\xce\x36\x8b\xf5\xd2\x23\x1a\x83\
\x42\xad\x8c\xb1\xd5\x55\xad\xfc\xa6\xd4\x0d\xd2\x31\x53\x57\xaa\
\x18\x56\x55\xb8\x3d\xd6\xba\xcc\x58\x2f\x98\xb1\x51\xe4\x7f\xf3\
\x58\xe3\xe7\x55\x9e\xa7\xb6\xdf\xbb\xd1\x52\x55\xc8\x99\x0d\xba\
\x6a\x90\x3b\xdb\x2c\xd4\xb7\xf5\x34\x8b\x0d\xe8\x25\x3b\x8c\x3d\
\x41\x39\xa8\xcc\x6e\xdb\xd9\x9a\x29\xc0\x6e\xb2\xbf\xf8\xcc\x8f\
\xc8\xaf\x66\xc9\xf8\x19\xf9\x1d\xc5\x21\x8a\xcb\xbf\x71\x8a\xe2\
\x16\xc5\x91\xe2\x5a\x89\xc7\x99\xe3\xfe\x0f\x04\x30\xfc\x73\
\x00\x00\x06\x06\
\x00\
\x00\x25\xbe\x78\x9c\xed\x59\x7f\x64\x5d\x57\x1c\xbf\x49\x9f\x74\
\xa2\x6a\xaa\x62\xa2\x22\x9b\xae\x62\xf6\x47\x58\x4d\x55\x75\xe7\
\xee\x8f\xfe\x31\x51\x31\x33\x33\xf9\x23\xab\x88\xf3\x22\xe6\x99\
\xaa\xa9\x88\xa8\x88\xa9\x9a\xaa\xd9\x1f\x33\x33\x53\x13\xfd\xb3\
\xa6\x66\x9e\x78\x6a\x62\x6a\xfa\xc7\xd4\xcc\x44\x9c\x1b\xf1\x44\
\x4d\x4c\xc4\x13\xf1\x48\x3f\x9f\x73\xce\xbd\xf7\xdc\xfb\x6e\x92\
\xf7\x2a\x3f\x5e\x78\xa7\x3e\xf9\x7e\xef\xb9\xe7\x9e\xf3\x3d\xdf\
\xef\xe7\x9c\xf3\x3d\xaf\x9e\xd7\x86\x7f\xfd\xfd\x1e\xfe\xf6\x7a\
\xb3\x6f\x7a\x5e\x97\xe7\x79\x7d\x00\xaa\xbc\x61\xcf\xd4\xb7\x4a\
\xab\xb4\x4a\xab\x34\x6b\x09\xa4\xdf\x09\xbc\x0b\x5c\x0b\xf2\xfe\
\x0d\xe0\x26\x30\x09\xdc\x02\xa6\x81\x19\xe0\xab\x03\xc2\x8c\x32\
\x63\xde\x52\xda\x06\x71\x13\x76\xd1\x26\xda\x76\x01\xe8\x74\x6d\
\x47\x9b\xd7\x68\xaf\x92\x62\x19\x72\x2b\x90\x62\x4b\x51\x5a\xb8\
\x3a\xdf\x45\xb2\x1e\x3d\x6f\xf5\xfc\xde\xe8\x2a\xaf\x6d\x9c\x00\
\xba\xb5\xed\xd2\x3f\x69\xe7\xbc\x16\xb8\x76\xb2\xad\xdc\x4e\x17\
\x0d\xe9\x7b\x0e\x09\x5b\xa5\x7f\x1b\xfa\xab\xc0\x27\x40\xa5\xde\
\x6f\x95\x23\xeb\xd1\x63\xff\xed\xad\x0e\xff\x6c\xa0\xff\x21\xe8\
\x0f\x8d\x6f\x93\x71\x6f\x56\xfe\x24\xb8\x24\xfd\x47\x90\xff\xd4\
\xd8\xd8\xec\xfc\x89\xc7\x58\x84\xfc\xb7\xa1\x6f\x9a\x84\x3f\xd4\
\xe1\x53\x05\x7d\xe1\x08\xf3\x47\xdb\x7f\x54\xf9\x03\x44\xf6\x5b\
\x7f\xfd\x07\x89\x35\x21\x1e\x19\x59\xcb\xad\x83\xe6\x0f\xfc\xb0\
\xa0\x6d\x31\x6b\x95\x78\xee\xf2\x47\x25\xf8\xe3\x17\xa3\xf3\x38\
\xef\xb7\x07\xe6\x0c\x3c\x6c\xfe\xf0\xdc\xcf\x39\x76\xfd\xea\x9c\
\x65\x4b\x2e\x7f\x30\xd7\xa2\x69\x23\xce\x07\xe6\xec\x7e\xdc\x04\
\xfc\xf9\x3d\x30\x39\xcc\xf9\xd8\xfe\xc8\x26\x9e\xc5\x8b\xce\x98\
\xd6\x7e\x7f\x24\xd5\x47\x38\xcf\xf5\x28\x16\x38\x03\x31\x7f\xd6\
\xad\x00\x55\x5b\x5f\x05\x96\x6d\xdb\xff\xdd\xb6\x81\x89\x33\xde\
\x89\x6a\x10\xb7\x5d\xb1\xfc\x58\x73\x38\xb3\x6e\xbf\x5f\x72\xb9\
\x84\xb1\x64\xd2\x7e\x5d\xcf\xfe\x54\x9a\x3f\x18\x77\x24\xc5\x19\
\xe6\x4e\x17\x81\xbb\x96\x1b\x1b\xc0\x1d\x7c\x77\x51\x9f\xe3\x52\
\xac\xdb\xfa\x4d\x60\x0a\x7d\x5d\x82\xfc\x5a\xdb\x22\xf5\x9c\xef\
\x41\xbf\x1c\x98\x7c\x70\xd3\x8e\x4d\x3b\xef\xb0\x5f\xbc\x67\x1f\
\x1b\x86\xd3\xe2\x9e\x32\x63\x5d\x4f\x72\xc9\x97\x35\xfc\x31\xf9\
\x9a\xaa\xe5\x8f\xf1\xbf\xc3\x99\x9f\x81\x13\xb0\xe5\xb4\xf6\x8d\
\xf4\x4b\x90\x67\x81\x2e\xb4\x99\xb5\xbe\x34\xfb\xae\xd4\x6b\xbf\
\x1d\xfd\xf5\x42\xce\x03\x7f\x40\x7f\xc3\xae\xa7\x87\xe1\xda\x50\
\x3a\x66\xe2\x01\xfa\x62\xee\xc8\xf7\x73\xca\x70\xa1\x0b\xe8\x44\
\x3f\x3f\xb9\x1c\xa8\xf5\x7f\xc4\x1f\xb5\x1b\x7f\x50\xbf\x8a\xbe\
\x47\xb9\x8e\x80\x4b\xf8\xee\x0a\xc0\x38\x8d\x33\x16\x35\xfb\x8f\
\x14\xc3\xca\xd8\x2b\xe0\xab\xf7\x8d\x2e\x86\x5c\x3e\x58\x9b\x18\
\xaf\x02\xc0\x3c\xf2\x8a\x8d\x11\xc6\x10\x18\x5f\xef\x85\xb5\xfc\
\x91\xe2\x37\xa7\xbe\x5c\x0f\x7f\x54\xbc\x8e\xce\x71\x2c\xb4\x6b\
\x37\x7e\x13\x0b\xa1\xdf\x93\x7b\x0e\x7c\x2e\xc5\xb9\xc0\xcc\x91\
\xf3\x38\x8b\xf1\xe7\xb3\xcf\x20\xc1\x3d\xb0\xdb\xc6\x87\xf3\x40\
\x5c\xc5\xe3\xda\xbd\xcb\xf0\x07\x6d\x8b\xce\xb7\xe5\x70\x9d\xec\
\xc2\x1f\xea\xf4\xf3\xa4\x7d\xef\x69\x9e\xcb\x6d\xf7\x9c\x8a\x59\
\x07\xfe\x2b\x04\xea\x27\x82\x9d\x73\xdc\x69\xf4\x1d\xee\x8f\x13\
\x1c\x2b\xdd\x26\xf4\xbf\xb1\x3f\xaa\x8f\xec\xb7\x73\x48\xf2\x27\
\x69\x3f\xc7\xff\x22\xba\xf3\x48\x7f\x7c\x87\x3d\x92\x6b\xf3\x06\
\xfa\xeb\x80\xec\x40\xbb\xeb\x5c\xc7\xa9\x78\xba\xfb\x72\x21\xbe\
\x4b\x89\x02\xda\x57\x32\xe2\x6f\xed\x17\xc5\xf8\x5b\x51\xd6\x67\
\x40\x6c\x47\xc4\x9f\xc8\x16\x19\x8d\x43\xde\xf5\xda\x38\x77\xa0\
\x9e\x77\x87\x67\x59\xfe\x47\x9f\x25\xbc\x67\xdb\x1c\xea\x00\xbf\
\x07\xcf\x73\x99\x6d\xa5\xff\x37\xf4\x53\x81\x99\x6b\x0e\x63\xf7\
\x84\x6b\x34\xe5\x1f\xa9\xf9\x08\x8e\x3b\xf5\x3b\xfb\x3f\x8e\xdd\
\x73\x65\xd6\x1f\x79\x3f\x00\xf9\x51\xa0\xf7\x18\xbd\x4e\x2b\xe9\
\x75\x09\x7c\x68\xe7\x79\x15\xe3\x0d\x5a\xbe\x0d\x84\xed\x9c\xbc\
\xa2\x62\x7d\xc5\xfd\x8a\x7d\x0e\x6a\x5d\xfa\x9f\xc2\xc6\x95\x54\
\x7b\x69\xfb\x2c\x46\xf5\x52\xdb\xbf\xec\xc4\xb2\x68\xc7\x4a\xf3\
\xe7\x7b\xeb\xf3\x6e\x33\x67\xf1\x04\x78\x0b\x3a\xf7\xd3\x1f\x03\
\xbb\x7f\x2a\xb3\x7f\x3e\x50\xa6\x0f\xae\xf5\xa7\xf8\xe6\x29\xea\
\xfa\x6c\xbf\xb3\x0e\x1f\xf8\x0d\xf7\xc8\xd3\x78\xee\x43\xbb\x79\
\xc5\xf3\x2c\xef\x9f\x81\xce\x58\x7c\x97\xe6\x8f\x4a\xd8\x1f\xae\
\x5f\x20\x8e\x65\xd1\xfa\x22\xcd\x9f\x29\xbc\xbb\xea\xf4\xc9\x7d\
\x8f\x67\xd2\x00\x62\xf0\x8d\xe5\xbb\xb6\x09\x7d\xde\x06\x06\x6d\
\x5b\xc6\xa6\x82\x67\xce\x7f\x50\x99\x5c\x66\xd3\xf6\xcb\xfa\x6f\
\x01\xc6\xe5\x6e\x54\x9f\xf7\x7f\x60\xdc\x80\xc9\x0c\xfe\xd0\xb6\
\x34\x7f\xca\xae\xff\xf1\xae\x3d\xcd\x9f\x80\x39\x9f\x89\x55\xc5\
\x3d\xe7\xed\x6f\x01\x38\x1b\x98\x13\x08\xb3\x16\x91\xc3\xda\x7d\
\x6d\x3d\xfe\x5e\xf0\x0c\x2e\x07\x26\x77\xac\xda\xf3\xa2\xaa\xcf\
\x15\x73\x06\xad\x87\x3c\x21\x1f\x55\x5e\x7f\x9f\xc9\x1f\x55\xcb\
\x9f\xb2\x63\xe7\x5c\x60\xce\x28\xc6\x73\x04\xf8\x25\x15\x87\x97\
\xc6\x76\xf7\xa1\xdd\x74\xde\x71\x81\x51\xcd\xb1\x4c\xfe\xf8\xe5\
\xf8\xec\xf1\x4b\xfa\x77\x2c\xb3\x86\x38\x8f\xe9\x84\xdd\xd1\x5e\
\x54\x7f\xfe\xd9\x68\xae\x9a\xa1\xcf\xd8\xf5\x40\x7b\x78\x9e\xcc\
\xa5\xf8\x13\xad\x5f\x72\x01\x71\xe1\x7b\xee\x95\xc4\xa2\xf3\x2e\
\xe4\x42\x83\x7a\xcd\x9e\xd3\xa8\xbe\xa8\x7d\x8e\xb3\x15\x80\x7f\
\xc5\x6a\x8a\x3f\x4b\x69\x1b\xa3\x73\x37\xc3\xf7\x07\xcd\x9f\x9d\
\x74\xeb\x7b\x95\xca\x5d\x92\x38\x7c\xfe\xec\xa4\xd3\xf7\x89\x3b\
\xae\xca\x8b\xf4\x1c\x0f\x9b\x3f\xdb\xeb\xe6\xf7\x87\x27\x0d\xf3\
\x61\x3b\x5e\x1d\xb4\x2e\xfd\xbf\x30\x87\xfb\xd9\xbc\x11\xd9\x7a\
\x83\x63\xec\x07\xef\xe3\xbb\x86\xb8\x1f\x98\x9c\xa3\xe6\xb7\xe7\
\xba\xe6\x50\x27\xf6\x69\xed\xae\x31\xb7\x02\x78\x2f\x64\x7e\xbe\
\x7a\x54\xf8\x03\x9b\x57\xa1\xf3\x2e\x7d\xc2\xe6\x9b\xcc\x85\xc7\
\x30\x3f\xe6\xb2\x9b\xcd\xca\x1f\x60\x13\xb6\x3f\xb3\xf7\xd6\x53\
\x89\xff\x3f\xca\x8b\x1c\xc6\x7b\x1b\xf5\x1f\x00\x1f\x03\xcc\x61\
\x87\xd0\x9e\x39\xf2\x30\x9e\xaf\xe1\x79\x44\xdf\x83\x25\x73\x29\
\x31\xa6\x34\xfc\x31\xbc\x1b\x67\x9f\x78\x1e\x4f\xeb\x40\x41\x99\
\x3b\x6e\xc1\xd1\x3f\x8f\xda\xf2\x1e\x94\xd7\xfa\x58\xa0\xfb\x12\
\xec\x8f\xb9\xce\xa8\xc5\x88\x1e\x1b\xf9\xbb\x62\x0e\x4e\x1b\x71\
\xa7\xa8\xfb\x3f\xc6\x5a\xa5\x55\x5a\xa5\x55\xf6\xa9\x6c\xe9\xd2\
\x80\xd4\x1f\x79\x9e\xa2\x3c\xee\x79\x53\x94\x6d\xb1\x6c\xb4\x9c\
\xe4\x9f\x82\xe7\xe9\x83\xa8\xdf\x91\x9f\xe5\xfa\x67\x28\xdf\xe9\
\x18\xfe\x93\xf2\xbd\xe3\xaa\x4a\xd9\x73\xac\xf4\x25\xe5\x99\xb6\
\xd2\x05\xf7\x39\x94\x61\xbb\xf0\xbb\xd7\x73\xbd\x33\x4e\xbf\xe1\
\x78\xa1\x6c\xb4\x84\xf3\x2c\x51\x1e\x8b\xfd\xd0\xb0\x1f\xad\x7c\
\x01\x0c\x5e\x30\xb9\
\x00\x00\x05\xd3\
\x00\
\x00\x25\xbe\x78\x9c\xc5\x5a\x61\x68\x14\x47\x14\x9e\xcb\x05\x13\
\x82\x24\x12\x44\x4a\x10\x2b\x92\x4a\x08\x22\xa1\x94\x10\x44\x6a\
\x7f\x88\x48\x29\x52\x4a\x91\x10\x8a\x84\xe2\x8f\x22\x25\x3f\x8a\
\x48\x7e\x88\x09\x52\xfc\x21\x25\x14\x11\x91\x50\x8a\x94\x52\x24\
\x88\x14\x29\x52\x8a\x84\x43\x42\x29\xa5\x84\x12\xa4\x48\x90\x72\
\x04\x09\x21\x88\x5c\x45\x24\x84\x70\xaf\xdf\xb7\x33\x1b\xe7\xd6\
\xdb\xdd\x99\xdd\x8d\xbe\xe4\xcb\x7b\x7b\xb7\xf3\xe6\x9b\xd9\x99\
\x37\x6f\x66\xa3\x54\x09\x3f\x03\x03\x0a\x7f\xf7\xaa\x9b\xef\x28\
\xb5\x4b\x29\xd5\x07\xe0\x23\x35\xaa\xf4\xe7\x59\x44\x44\x54\xbd\
\x5e\x6f\x87\xee\x86\xee\x01\xf6\xc2\xde\x0f\xf4\xa5\x60\x1f\xb0\
\x07\xd8\x05\x6c\x07\x5a\x32\x11\xc8\xc6\x99\x7c\xfb\x81\x93\xc0\
\x59\x60\x0a\xbc\x7f\x84\xfe\x05\xa8\x00\x7f\xe1\x7a\x9e\x80\x3d\
\x1f\x63\xcf\x01\xbf\x02\x33\xc0\x35\xe0\x02\xf0\x39\x30\x04\xec\
\x60\xbf\x6c\x11\xef\x2f\x80\x3b\xe0\xf0\x00\x7a\x15\x7a\x4d\x8c\
\xc0\x96\x1c\xf6\x3a\x50\x83\xb9\x08\xcc\x02\xe7\x81\x9d\x05\xf2\
\xfe\x18\xf8\x27\x5a\x6f\x51\x12\xd3\xae\x15\xe0\x2b\xa0\x3b\x27\
\xff\x13\xf0\xf9\x28\xae\x1e\x6a\xdb\x4e\xe1\xe4\x6b\xf3\x99\x9c\
\xcf\xc9\x7f\xd6\xe6\xe8\xd0\x6f\xde\x76\x8a\xac\x02\x1d\x59\xf9\
\xa3\x9e\xc7\x19\xeb\x75\x16\x87\x36\x1e\xc8\xd1\xff\xcb\x49\xe3\
\x63\x8b\xc7\x4f\x68\xe7\xe1\xbf\xf0\x86\xc7\x0f\x63\xdc\x8e\x1c\
\xfc\x3f\x13\x3d\x8f\x7c\xeb\x75\x96\x94\xb8\x7a\x35\xc2\xa7\xd3\
\x80\x71\x31\x75\xdd\xc3\x3d\x3b\x81\x2b\xf0\xf3\xfc\x35\x8f\x9f\
\x0d\xd1\x6b\x41\x9f\xc5\xa5\x05\xf8\x06\xf8\x0e\x98\x02\xc6\x45\
\xaf\x7b\xc7\x01\xae\xfd\xdb\x9a\xf0\x27\x98\x1b\x5c\xf3\xe8\x37\
\x2f\x3b\x46\xb8\x46\xbf\x07\xb4\x5a\x5c\x8e\x8a\x1e\x4f\xa1\x8f\
\x75\xd1\x63\x63\x09\xe0\xba\xce\xf5\x7c\xb4\x59\x3b\x4c\xf9\x33\
\x28\xf3\xd0\x94\x2b\x4c\xac\xb6\x6c\xc0\x5e\x86\xbe\x0e\x6c\x8f\
\xf4\xfb\x20\xb0\x10\xb9\x3f\xce\xe6\x5a\x3b\x8c\xeb\x8e\x08\xff\
\x56\xe0\x90\xe8\x9c\xa5\x16\x96\x29\x62\xfc\x88\xee\xd7\x9f\x81\
\x4f\x6d\xee\xa6\xde\x03\xa2\xf3\xa5\xf5\x34\x3f\x96\xfd\x18\x38\
\xd9\x6c\x3c\xe1\x1e\xe6\x58\x1f\x41\x33\x67\x7b\x91\x93\x3b\x39\
\xfd\x81\x6b\x3e\xf7\x1e\x89\xcc\x49\xd1\x63\xf7\xbe\xcd\xdd\x43\
\x66\x53\xe6\x76\x0b\x7c\x0f\x40\xdf\x80\x5e\xb4\xf3\xb9\x24\xe1\
\x7d\x1c\x87\x30\x7f\x12\xfd\x3c\x5b\x9b\xf8\xee\x06\x4e\xd1\x6f\
\x86\x3e\x09\xed\xa5\x24\xfe\xa1\xe0\xde\x6d\xa2\x73\xdf\x19\x47\
\xbf\xb7\xa0\x39\x37\x9b\xc5\x8b\x56\x7e\x07\xdc\x80\xfd\x24\xe7\
\x98\x74\xe2\x6f\xd5\xdd\x8b\xf2\x2f\x1c\x7c\x0f\xc6\x94\xe7\x9e\
\xe6\xeb\xba\xce\xcf\x37\x24\xbf\xdc\xf3\xe1\x6f\x9e\xc5\x6c\x92\
\x43\x7c\xff\x44\xac\x31\x0e\xbb\x03\x78\x1f\xf8\x16\xdf\x3d\x2b\
\x70\x0d\xe1\xfc\x3d\xe6\xcb\x1f\x65\xee\xa4\xf8\xad\x45\xf8\x73\
\xdd\x99\x2d\x78\xed\xe3\xde\xe1\x4b\x89\xc4\x31\x07\xee\x8c\xaf\
\x8b\x49\xbe\x01\x8e\x8b\x5e\xeb\x79\x71\xee\x9c\x01\x9e\x4a\x31\
\x52\x83\xcf\xe1\x0c\xdc\xb9\x0f\x9f\x72\xa9\x00\xfe\xef\x02\x1c\
\xeb\x61\xd9\x76\x5c\x4f\x37\x6b\xaf\x87\xcd\x7d\x02\xe3\x99\x77\
\xae\x2a\xba\xdf\x19\xeb\x56\x5d\xea\xe3\x1c\x87\x79\x19\xba\xd3\
\xf2\xc1\x73\x89\xa7\x19\x78\x3f\x03\x7e\x03\xd8\xe7\x99\xf2\x54\
\xd1\x71\x67\xce\xb3\xdf\x38\x46\x8f\x87\x3e\x70\x4d\x3f\xd3\xe2\
\x28\x66\x1c\x72\xae\xf1\x1c\x64\x0f\xcb\x67\x15\x94\xbf\xe4\x5a\
\x6f\x44\xfe\x06\xda\xad\x36\x70\x4d\x58\x4a\xe1\xcd\xef\x19\x63\
\xfb\x92\x38\x79\x70\xe7\x3a\xb9\x1c\xa9\xc3\xc7\x3e\x61\xfb\xaa\
\xeb\xb3\xa4\xa4\x35\xe9\xb2\x14\x78\xde\x65\xe6\x7a\x66\x41\xf9\
\x5b\x62\xd6\x61\xd8\xcc\x47\xc6\x70\xfd\x3c\xe4\x6d\xe7\x86\xc6\
\x1e\x2b\x8a\x3b\xeb\x85\xcf\xdb\x91\xfe\xf1\x95\x47\x28\x7f\xc8\
\xf2\xc9\x3c\x64\x31\xe1\x7e\xe6\x28\x5e\xb1\x31\x81\x3f\xd7\x9e\
\xf9\x26\x7d\xea\x6c\x9b\xf5\xec\xb4\xe5\x93\xfb\xbd\xdf\x13\xc6\
\xcf\x0a\xae\x4f\x49\xcc\x1e\xc5\x93\xff\x07\xc0\xbf\x8e\xfd\x1c\
\x27\x8c\x23\x97\x42\x3e\xa2\xf7\x2a\x9b\x6b\x78\x93\xf1\x43\x61\
\x9f\xf5\x17\xc0\x9f\xb1\x6b\x35\xe7\xf8\xa1\x7c\x2f\x56\xec\x36\
\xd7\x69\xc2\xb5\x2a\xd7\x3c\x36\xcf\xf1\x95\x75\xdf\x73\xfc\x50\
\xfd\x20\xd6\x39\x27\xec\xeb\x0e\xe5\x38\xc7\x73\xc5\x50\xf8\x18\
\x31\xf9\x64\x2e\x81\x8f\x68\xff\x6f\xe6\x12\xcd\xc6\x8f\x65\x5f\
\xcc\xc3\x1f\xe5\x8f\x01\x4b\x79\xc6\x8f\x29\xcb\x33\x91\x76\xe3\
\xb3\xc5\xc4\x54\x17\xf9\x13\xe8\xc9\xd1\xff\x7c\xd7\xb2\x10\xc3\
\xc9\xc9\xae\xeb\x73\x25\xe6\xba\x61\x9f\x70\x6f\x3d\xe7\xe8\xa3\
\x0a\x75\x34\x47\xff\x33\xf7\x75\xed\xab\x38\x61\xbe\x3d\x64\xf9\
\x7c\x17\x78\x18\x72\x4d\x1a\x3f\x8c\xbd\xc0\xe9\x24\x8e\x0e\x6d\
\xe0\xde\xc9\x69\xdf\x1e\x23\x57\xc4\xc4\x11\xd1\xb1\x93\x7b\x81\
\x67\x21\xcf\x50\x62\x6c\xc6\xde\x0b\x5c\xb7\x73\xf0\x67\xee\x7c\
\x53\xb2\xed\x57\xf9\xfc\xf7\x59\xbe\xf8\x3e\x6f\xc6\x73\x3e\x71\
\xed\x78\xe5\xfc\xc2\xb3\x0d\x07\x81\xfb\x9e\xdc\x99\xf3\x8d\xd8\
\x7e\xc0\xfb\x43\x7c\xb6\x19\xcf\x5c\xe6\x40\x11\xfc\x4d\x1b\x76\
\xd7\xf5\x19\x29\xf7\x30\x49\xcf\x82\x71\x9b\x67\x69\x87\xa5\x71\
\x1f\xcc\xbe\x7f\xe0\x99\xbb\x72\xdc\x9e\xcd\x93\xfb\x47\xda\xc0\
\x33\xed\x11\x60\x1a\x3e\x19\xdb\x56\xcc\x9e\x8c\xef\x40\x78\x26\
\xc2\xdc\x6b\x0c\x76\x43\xcc\xc3\x35\x73\x9e\xab\x49\x0f\x2b\x46\
\xe8\x7b\xb8\x10\xf2\x2f\xdb\xc0\x39\xc8\x18\xb8\x1f\xbc\x06\x09\
\xd1\xe7\xc8\xfd\xa6\x8f\xa3\xe7\x83\x9d\xb8\xe7\x22\xe0\x3a\x67\
\x6d\x9b\xe7\xb4\x07\x8b\xe4\xef\x2b\x75\xfd\xde\x9e\xe7\xb6\x59\
\xe6\xff\x54\xb4\x3f\x5e\xb7\x98\xe7\xf5\x89\xe8\xf3\x62\x1f\x61\
\xec\xea\x4d\xaf\x61\xeb\x45\xf4\x19\xdc\x39\x0f\xee\xdc\xfb\xf3\
\xbd\xd6\x9b\xa6\xde\x20\xe0\x33\xca\x79\x1f\xce\x85\x26\xc2\x5c\
\x97\x67\xf6\x87\xf3\xac\x59\x5b\x25\xe4\x24\xfa\xff\x57\xf8\x9e\
\x87\xe7\xcf\x77\x81\x7b\xc0\x6d\xd1\xeb\x34\xdf\x11\x14\xf2\x7f\
\x11\x5b\x29\xa2\xdf\xb9\x31\x86\xed\x16\x7d\x26\xfd\x96\x19\x63\
\x59\x7c\x05\xc5\xf0\x3b\x41\x5d\x53\xaa\x8d\xba\xa2\x54\x89\x7a\
\x32\xb8\x47\xdf\x3b\x91\xa0\x27\x2d\xfd\x9f\x29\x5f\xeb\x0a\xfc\
\x95\xab\x65\xa5\xd6\x94\xea\xaa\x94\xf0\x0c\x94\x3a\x12\xf8\x9c\
\x54\x41\x69\xa9\x96\x37\x02\x5d\x6b\xab\x19\x5d\x51\xa5\x40\x4f\
\xaa\xb2\xb9\x6e\x0b\xee\xab\xa8\x2e\xea\x52\x55\x1d\x81\xae\x40\
\x4b\xe0\xa7\x56\x36\xba\x4d\xeb\xf1\x2e\xdd\x9e\xf1\xb6\x46\x3d\
\x54\x36\xba\x14\xd1\xaa\x51\x8f\x37\xe8\xc9\x4d\x5d\x53\x13\x41\
\xbd\x5a\x57\xcb\xba\xfe\xb5\xae\x4a\xa0\x45\xb7\xc8\xd2\x95\x92\
\xd6\xd5\xb2\xd6\x9a\x1f\xe2\xf0\xdb\xf2\xb2\xdf\xff\x07\xcd\x3c\
\x30\x67\
\x00\x00\x04\xbd\
\x00\
\x00\x25\xbe\x78\x9c\xd5\x99\x4f\x88\x1c\x55\x10\xc6\x6b\x77\xc2\
\x8e\x84\xe0\x88\x88\x84\x10\xb2\x22\x2a\x22\x39\xec\x21\x27\x11\
\x76\x91\x10\x44\x24\x04\x11\x91\x1c\x24\x88\x88\x48\x10\x0f\x39\
\x48\x10\x77\x30\xa0\x12\x82\x04\x11\x11\x0f\x41\x44\xc2\x12\x82\
\x88\x78\x10\x0f\xb2\xd1\x20\x21\x84\x20\x12\x82\x48\x58\x9a\x20\
\x41\x44\x64\x10\x91\x45\x86\xed\xd4\xaf\xdf\x6b\x9d\xd4\x74\xcf\
\x4e\xcf\x56\x6f\xeb\xb7\x7c\x5b\xcc\x4c\x4f\xbd\xef\xfd\xab\x57\
\xf5\x46\x64\x4a\xff\xe6\xe6\x44\xff\xdf\x23\x4b\xf7\x8b\xdc\x2d\
\x22\x0f\x2a\xf5\x2d\x39\x24\xe1\xfd\xff\x29\x6e\x53\x3e\xac\x7c\
\x57\xb9\xa2\xbc\xa1\xbc\x1e\x5f\xef\x56\x6e\x69\x4e\xda\x58\x78\
\x41\xf9\x93\x32\x35\xec\x2b\xbf\x96\x30\x4d\xff\x45\x4c\x2b\x9f\
\x51\xfe\x2a\xc3\xda\x73\xfe\xad\x3c\xde\x94\xc0\x11\xd8\xa6\x3c\
\xa2\xfc\x5d\xca\xb5\xe7\xbc\xd6\x90\xc6\x32\x30\xee\x47\x65\xf4\
\xb8\x0f\xf2\xe7\x66\x64\x16\x02\xed\x2f\x2a\x7b\x32\x9e\x76\x78\
\xb9\x11\xa5\xc3\xb8\x43\xf9\xba\x54\xd3\xce\x1e\x7e\xad\x09\xb1\
\x06\xc4\xc0\xae\xf2\x37\x19\x5f\x7b\x3e\xf6\xbb\x37\x5f\xee\x2d\
\x40\xfb\xcb\xca\x3f\xa4\x9a\x76\xce\x80\xa7\x94\x33\x9b\x2f\xf9\
\x1f\xb0\x66\xde\x90\xea\xda\x39\xc3\xf6\x36\xa0\x77\x10\xec\xd5\
\xae\x54\x5f\x33\x9c\xc1\x87\x36\x5d\xed\xad\x40\x3b\xe7\x6a\x95\
\xbd\x0a\x7f\x51\x3e\x27\x21\xa7\x68\x0a\xac\x57\x62\x64\xd5\x71\
\x47\xfb\xe3\x0d\xe8\xb5\x20\x5e\x7c\x2f\xd5\xb4\x27\xca\xe7\x1b\
\xd0\x5a\x84\xc3\x12\xf2\x96\x2a\xe3\x8e\xf6\x26\xd7\xcc\x20\xce\
\x48\x35\xed\x4f\xd4\xa0\x61\xa7\x72\x8f\x72\x41\x42\x1c\x7b\x54\
\x42\x8e\x7e\xaf\xac\x1f\x8f\x97\xd7\xd1\x5c\xd7\x9a\x21\x56\x1f\
\x54\x7e\xac\xbc\xa4\xfc\x51\x42\x2c\x4b\x22\xc9\x03\x39\x0f\x3f\
\x57\xbe\x22\xa1\x84\xb2\xd8\x12\xbf\x37\x4e\x7c\xf7\x88\x33\xb4\
\x47\x7d\x40\x5e\x52\x35\x5e\x90\xfb\x52\x23\x31\x4f\xc4\xcb\xed\
\xca\x53\x63\x7c\x8f\xb1\xf0\x38\x9b\x68\x93\x31\xb8\x20\xd5\xf6\
\x9b\xe5\x55\x09\xf9\xc1\x7b\x32\xfa\x9c\xa5\x8d\xf3\xca\xfd\x0e\
\xda\x99\x37\xea\x87\xaa\x63\x5e\x46\x74\xff\x59\xf0\xfe\x37\xca\
\xcf\x94\x4b\xca\x97\x94\x0f\xc8\xc6\xeb\xd9\xbb\x94\x27\x95\x7f\
\x15\xb4\xb7\x2a\x61\x7e\xbf\x92\xb0\x36\x58\xe7\x07\x63\xdb\x6f\
\x4a\xa8\x47\xaf\xc5\xe7\x46\xf5\xa7\x17\x9f\xaf\x03\xac\xf5\xa2\
\x79\x26\xdf\x3b\x21\x21\xd6\x94\xed\xab\xad\xca\x47\x24\xe4\x64\
\x37\x4a\xb4\xe3\xfb\x6d\xe5\x9d\x35\x68\x27\x06\x16\xd5\x9c\xc4\
\x99\x05\x09\x75\xe9\x38\xa0\x7f\x9c\xf5\x17\x0a\x7c\xa1\x9f\xf9\
\x9a\x76\xd4\x0d\x76\x29\xbf\x33\x6d\xb1\xa7\x58\x2b\x93\xde\x51\
\x70\x4e\x9c\x96\xe1\x3e\xfc\x20\xe1\x6a\xca\x0b\xec\x19\xd6\xb2\
\x5d\x37\x17\xe5\xdf\xf8\x37\x29\xe8\x83\x9d\x07\xea\x3e\xcf\x7b\
\x0f\xda\xf8\xb2\xa0\x0d\xd6\x80\xc7\x3c\xe3\xc7\xee\x07\x72\x83\
\x71\xd7\xe3\x7a\xd8\x27\xc3\xf1\x6d\xc9\xc9\x37\x60\x5f\xb3\xf7\
\xed\x39\xf2\xac\x93\xff\xa3\xc6\x2f\x7d\x39\xe0\xe4\x3b\x07\x63\
\x74\xdd\xb4\x73\xca\xc9\xb7\xcd\x09\xd9\x5f\x0f\x39\xf9\xce\x41\
\xbc\x3c\x6f\xda\xe1\xfc\xba\xdd\xc1\xf7\x65\xe3\xf7\xac\x14\xe7\
\x5f\x1b\xc5\x87\xa6\x1d\xea\x98\xfb\x1c\xfc\xae\x18\xbf\xb4\xe3\
\x31\x2e\x16\x27\x4c\x3b\xe4\x46\x1e\x71\xd4\xae\x4b\x72\xad\xad\
\x0e\x7e\x2d\xac\x7e\x72\xe9\x3d\x0e\x7e\xed\xfd\xfa\x47\x12\xf2\
\x7d\x6f\x9c\x34\xed\x5c\x11\x9f\x7d\x66\xcf\x17\xce\x82\x9d\x0e\
\x7e\x07\xc1\x39\x62\xe3\x04\x75\xd0\x0e\x07\xdf\x9f\x18\xbf\xec\
\x07\xcf\xf3\x1d\x90\x9f\x5c\x92\xe1\x71\xf2\xb8\xff\xa3\xce\xec\
\x1b\xdf\x47\x1c\xfc\xe6\x98\x8e\x6d\xd8\xdc\xf0\x55\x27\xff\xec\
\x21\xbb\x87\x89\x0d\x5e\x7b\x80\x35\xf2\x85\xf1\xcf\x78\x79\xcd\
\x31\x67\x8b\x5d\x43\xf8\xe7\x5c\xf6\xc8\x7f\xa8\x1f\x6d\x7e\x42\
\xae\xeb\xf9\xdb\xe1\x63\x32\x3c\x07\xfc\x86\xc3\x5d\xdf\xa4\xf7\
\x00\x33\xd1\xaf\xad\xc7\xa8\xbf\xbc\xf3\x13\xe2\xfd\xfb\xa6\x9d\
\x7c\x2f\x4f\x52\x6f\xd0\x67\x7e\x3f\xb4\xf7\x25\xcc\x2b\x73\x5d\
\xc7\xf9\x4e\xcc\x4c\x64\xb8\x0f\xcc\x43\x57\x42\x6d\x3c\x0e\x66\
\xe2\xf3\xcc\xa7\x8d\x0b\x9c\x35\xd4\x98\xde\xf5\x57\x0e\x7c\x5f\
\x2d\x68\x37\x9f\x0b\x6a\x5b\xf6\x3b\x77\x6d\x8c\x21\x7b\x67\x7b\
\x7c\x4d\xfd\x49\xdc\x2a\xbb\xa3\x62\x1c\xf6\xd5\xa4\x3b\x07\x63\
\xc7\xda\xbc\x52\xa2\x01\x52\x8b\x90\x3b\x92\xe7\xb1\x16\x3e\x8d\
\xaf\xa9\x49\x8a\xfa\x0d\x99\x8b\xc3\x35\x6b\x1f\xec\x03\x63\x59\
\xf4\xbb\xfd\x24\xe4\x4e\xe5\x69\xa9\x27\xa7\x1a\x05\xd6\xc5\xf1\
\xd8\x7e\xd9\xb8\x96\x91\xe7\x99\xa7\xd3\xd1\x4f\x53\x20\x8e\x2c\
\x28\x3f\x90\xb0\xa6\xd6\xbb\x4b\xe4\xf3\x95\xf8\x3c\x77\x81\x5e\
\x35\xee\x46\x41\x3d\x40\xae\xf8\xa4\xf2\x1d\x09\xf7\xcc\xd4\x53\
\x17\xa3\xe5\x1e\x90\x7b\x29\x62\xe6\x9c\xd4\x53\x3f\x14\x22\x05\
\xc7\xa2\x9d\x0a\x76\x2d\xbe\xdf\x8f\x76\x35\xda\x5e\xb4\x49\x7c\
\xae\x9b\xdb\x56\x66\xd7\xa4\x9d\xd9\xbe\x74\xa2\x9d\xcd\xec\xaa\
\xcc\x67\xb6\x27\x8b\xd1\xa6\x99\x4d\xa6\xa2\x6d\x61\x93\x4e\xd2\
\xc6\x76\xa7\x96\x3b\x6a\x55\x43\x77\x36\x0d\x0b\x71\x51\x6d\xaf\
\xd5\x6d\xa5\xd8\xd9\x5e\x1b\x9b\x2c\xf6\x3b\xd8\xe5\x74\x2d\x7b\
\x7d\x2e\x4d\xb3\xcf\x8f\x69\x6f\x06\xed\x5b\x69\x7a\x0e\xdb\x9e\
\xd0\xea\xf7\xbf\x2d\xf2\xab\x1f\xb6\x07\xdb\x4f\xe6\x57\x33\x3d\
\xbd\x4e\x6f\x16\xab\x63\x36\x9f\x06\xfd\x8b\x69\xe8\x4f\x9a\x66\
\xfd\x6b\x05\xcb\x63\x6a\x6f\x02\xe4\x1c\x40\x16\
\x00\x00\x02\xad\
\x00\
\x00\x25\xbe\x78\x9c\xed\x98\x3f\x68\x14\x41\x1c\x85\xdf\x19\x31\
\x12\x82\x91\x20\x16\x12\x34\xc8\x19\x42\x10\x09\x62\x25\xc1\x88\
\xa5\x04\x09\x62\x11\x2c\xe4\x0a\x2b\x11\x11\x2b\xb1\x31\x95\x88\
\x58\x59\x59\x59\x88\x45\x0a\x11\xb1\x0a\x21\xc5\x15\x16\x22\x72\
\x58\x58\x88\x88\xa4\x4a\x61\x21\x12\x0e\x09\x41\x3c\xdf\xcb\xec\
\x66\x2f\x7b\xff\x76\x77\xf6\x66\x37\xb0\xef\xf8\x6e\xe0\xb2\xb7\
\xfb\xdd\x2f\x33\x3b\x33\x0b\x94\xf8\x9a\x9e\x06\xdf\xc7\xb1\x74\
\x0a\x38\x0a\x60\x92\xf0\x23\x54\x60\x3e\x2f\x52\xa4\x4f\x59\x21\
\xb5\x3d\x8a\xdc\xd7\x49\x63\x8f\xb2\x5e\xf8\x17\xfe\x96\xfe\xb5\
\x1c\x78\x24\xe5\x33\xb9\x46\x7e\xe5\xc0\x25\x2e\x72\x5e\x20\x87\
\xc9\x23\xb2\x91\x03\xa7\xa8\xc8\xf5\x31\x19\x85\xc9\x11\x72\x9f\
\x6c\xe5\xc0\xad\x17\x72\x7c\xe0\x39\x87\x33\x43\xde\x92\x9f\x39\
\xf0\x0c\x23\xa7\x77\xe4\x42\x1b\xef\xe6\xe8\x77\xa9\x5f\x2d\x23\
\x1f\x7d\x6a\xc3\x73\x59\xe8\x50\xf3\x4e\x19\x23\x37\x60\xc6\x78\
\x56\xee\x35\xcf\x61\x2c\x86\x77\x38\x07\xc8\x5d\xf2\x91\xd4\x1d\
\x38\xd7\xbd\x6b\xdd\x21\xfb\x2d\xbc\x9b\xb3\x8f\x4c\x90\x7b\x30\
\x35\xe9\xc7\x38\xdf\xf2\xce\xad\x6b\x94\xbd\x6b\xa6\x1d\xd5\x63\
\x8a\xdc\x82\xa9\x51\x5a\xee\x3a\xd7\x6d\xef\xdc\x69\xd5\xbc\x57\
\x54\x9f\xf3\xe4\x09\xa9\x92\xef\x88\xd6\xbf\xea\xde\xb1\xfa\xce\
\x53\x98\x7b\x5e\x3f\x6a\x1d\x27\x9a\x03\xaf\x92\xaf\xe8\xed\xff\
\x89\xcc\x79\xdf\xc9\x53\x34\xff\x45\xa9\xbf\xe6\xfd\x4a\x36\x8a\
\x1d\x73\x9a\xfc\x41\xf4\xfe\xae\xb9\xc8\xe6\x9e\x98\x66\x86\xc8\
\x0b\xc4\x1f\xb3\x5a\xbf\xb8\x1a\xab\xdd\x72\x91\xfc\x40\x7c\xff\
\x2f\x30\x8f\x78\xb2\xcc\x21\xf2\x9c\xfc\x45\xb2\xfb\xbd\xd6\xbd\
\x07\x9d\x5b\x07\x51\xfd\xbe\x21\xbe\x7b\xf3\x7d\x7f\xc2\xb9\x75\
\x10\xcd\x95\x49\x6a\xef\xb3\x49\xae\x3b\xb7\x0e\x92\xc6\xda\x6e\
\xc5\xb9\xb5\xc9\x30\x4c\xfd\x6c\xfd\x75\x2f\xcd\x62\xfe\x2d\x27\
\xf4\x0d\xa3\xfe\x37\xe4\xd8\x5d\x39\x97\xd0\xb7\x1d\x71\xf6\x25\
\x69\x65\xc6\xc2\x37\x4c\x16\x73\xf1\x25\x0b\xdf\x30\x27\x1d\xbb\
\x2b\x97\x2d\x7c\xc3\x4c\x39\x76\x57\xe6\x2c\x7c\xc3\x9c\x71\xec\
\xae\xcc\x5b\xf8\x86\xc9\x62\x1d\x74\xc5\xc2\x37\x0f\xf5\x4f\x73\
\xfc\x96\x1d\xbb\x2b\xe3\xb0\x5b\xfb\xf8\x68\x0e\x1f\x76\xab\xbe\
\x93\xf7\x11\x1d\xbb\xf1\xda\xb9\x75\x90\x0a\xec\x9e\x69\x69\x2f\
\x3c\xef\x5a\xba\x29\xc7\xc8\x1b\x24\xeb\x47\xfa\x8e\xf6\x9d\xa3\
\x2d\x67\x75\x1b\x8d\x3d\x3d\xb3\x8e\xf3\x4c\x4e\x7d\xfe\x25\xcc\
\xef\xcf\x43\x8e\x93\x67\x30\xfb\xe0\x6e\xff\x0b\xfd\x4d\xcf\x88\
\xb4\x77\xcf\x62\xcd\xd6\x2d\xda\x0b\x9f\x85\x79\xb6\xb8\x04\x33\
\xb6\xb5\x3f\xfc\x40\x56\xc9\x2b\x72\x13\xe6\x5e\x9f\xc5\x7a\xb9\
\x48\x91\x96\x34\xb6\xd3\xda\xc6\xcd\xa2\xde\x4a\x41\xbb\xa6\x76\
\x10\xf8\xad\x76\xc4\x0c\x5c\xcc\x9a\x41\xac\xb7\x46\x15\x18\x50\
\xcb\x03\x46\xd4\xf2\x80\xd9\xed\xeb\xfb\xac\x0d\xee\x6e\xab\x03\
\xa6\x5d\x2c\xed\x6e\x3b\xf0\x0f\x78\xe8\xa2\x6d\xc1\xf7\xf2\x7d\
\x37\x4f\xb4\xab\xaf\xdf\xfe\x07\x85\x79\x95\x16\
\x00\x00\x04\x67\
\x00\
\x00\x25\xbe\x78\x9c\xe5\x5a\x41\x48\x54\x51\x14\xbd\x93\x91\x11\
\xe1\x48\x84\x44\x84\x4a\x54\x44\x8b\x90\x08\x89\x36\x23\x2e\x42\
\xa4\x55\xb4\x88\x88\x90\x88\x88\x16\x11\x11\x12\x12\xcd\x20\x12\
\x2d\x24\x5a\x44\x44\x44\x49\xb8\x90\x10\x09\x09\x91\x90\x18\x22\
\x22\x24\x22\x24\x5a\x44\x0b\x89\x88\x08\x91\x21\x5a\x58\x0c\xfd\
\xee\xf9\xff\xbf\x1a\x6d\xde\x9f\x7b\xff\x7b\xb3\xa9\x2b\xa7\x87\
\x33\xd3\x7d\xe7\xdc\x7b\xfe\xfb\xef\xfd\x91\x28\xc3\x3f\x1d\x1d\
\xc4\xff\xb6\xd3\xd8\x76\xa2\x16\x22\xda\xc9\xe0\x97\xa8\x8f\xa2\
\xd7\xff\xb3\x68\x65\xec\xf2\x94\x6b\x0d\xa3\x93\xb1\xc9\x53\xbe\
\x5a\xd1\xce\x18\x67\x3c\x26\x3f\x1a\x7a\x19\x73\x8c\x51\x8a\xb4\
\xd4\x33\xf6\x32\x8a\x8c\x20\xc6\x2c\x63\x7f\xca\x5c\xe0\x0a\xee\
\x5f\x2b\xf2\xdd\x67\x6c\x76\x66\x59\x3d\x70\xc9\x3c\xab\x98\xab\
\x52\x83\xb6\x0f\xe0\x7e\x88\xf1\x6e\x45\xae\x6f\x8c\x3b\xe4\x5f\
\x03\xf8\x4d\xd3\xdf\xdc\x0d\xa6\x49\xa7\x01\x75\x07\xf7\x72\x95\
\x5c\xd0\x80\x3e\xac\xf6\xc4\x1d\xfe\x98\x4d\xe0\x6e\xf0\x82\x6a\
\x7b\x09\x75\xef\xa1\xe5\x9e\xb1\xc1\x97\x97\xae\x0b\xe6\xaa\xd4\
\x90\xd4\x87\x2d\xb4\xfc\xfa\x49\x02\xfa\x70\xdb\x83\x06\x69\xfd\
\x25\x5e\x5a\xcb\x38\xca\x58\x52\x68\x18\x21\x77\x2f\xed\x66\x3c\
\x51\x68\xa8\xe5\xa5\x63\x8c\x8f\x8a\x7c\xd0\xe0\xda\x07\xdc\xae\
\x5f\x29\x35\x24\xf5\xe1\x84\x42\x83\x2f\x2f\x75\x31\x5e\x2b\x34\
\x24\x79\x69\x1d\x45\x7d\xf8\xa1\xd0\x30\x42\xee\x5e\xda\x43\xf2\
\x6b\xb0\x1e\x5e\xba\x4b\xee\x7b\x0d\x68\x98\x53\xcc\xf9\x9c\xa2\
\xfb\x5f\xb5\x40\x1f\xb4\x5e\xba\xe9\x41\x43\xb7\x52\xc3\x14\x63\
\x47\x82\x86\xe3\xa4\xf3\x12\xee\xd3\x3e\xbc\xf4\x54\xa1\x01\xfb\
\x8f\xce\x84\x7c\xd0\xa0\xf1\x12\xae\xe9\x16\x0f\x1a\x34\x7d\x80\
\x86\x6d\x96\x5c\xe8\xc3\x49\x85\x06\xdc\xc7\x6f\x78\xd0\xa0\xf5\
\xd2\x64\x0d\x0d\x7d\x24\xf7\x12\x34\xe0\x7a\x58\xe5\xa8\x01\x7b\
\x6b\x8d\x97\x8a\x14\xf5\xce\x16\xd0\xf0\x49\x91\xcf\x47\x1f\xa0\
\xe1\x8d\x70\x3e\xec\x3d\x71\x4f\x6f\xb7\xe4\x42\x1f\x4e\x2b\x34\
\xa0\x0f\xd7\x18\x1b\x1d\x35\x60\x7f\xf9\x56\x38\x27\x30\x5e\x43\
\x03\xae\x87\x6a\xfb\x6c\x9b\x06\xec\x37\x5d\xbd\xb4\x8f\xa2\x35\
\x5f\xaa\x61\x86\xa2\x3d\x96\x2d\xa0\x41\xe3\xa5\x61\xc6\x06\x47\
\x0d\xb8\xe7\xbe\x17\xce\x87\xfa\xe2\x3c\xdd\x6a\xc9\x85\x3e\x9c\
\x61\x7c\x16\xe6\x2b\x31\xae\x78\xd0\x80\x33\xe2\xbc\x42\xc3\x18\
\x45\x67\x84\x6a\xb1\x9e\xa2\xeb\x41\xea\x25\x68\x28\x38\x70\x87\
\x07\xb1\xb7\x91\xf6\x1d\xbc\x6e\x91\xbd\x66\xcd\x8c\x21\x61\x2e\
\x00\xbd\x3a\xe5\xc0\xfd\xa0\x82\x3b\xd6\xfa\x07\x64\x5f\x3b\xc0\
\x7d\x90\xb1\x28\xcc\xf7\x85\x71\x8e\xa2\x9e\xa5\xe1\x8e\xf3\xb9\
\x74\x0d\x32\xdc\xb7\x26\xe4\xd4\x70\x47\x1f\xcf\x3a\x70\xc7\xf9\
\x50\x7a\xff\xc7\x5c\xd8\xc3\x24\xd5\xbd\x20\xcc\x05\x2c\x30\xce\
\xa7\xe0\x6d\xb8\xf7\x2a\xb8\xa3\xee\xe3\x02\xee\xd2\xba\x83\x7b\
\x3f\xa3\xc9\x81\xbb\xe6\xde\x3b\x41\xf6\x3d\x10\xe2\xb2\x82\x7b\
\xe0\xc8\xfd\x08\xe3\x83\x82\x3b\xce\x50\xb6\xbd\x0a\xea\x7e\x49\
\xc1\x1b\x1a\x07\x52\xf0\x36\xdc\xb1\x5f\xd0\x78\x66\x42\xc0\x5d\
\x5a\xf7\xc5\xf8\xf3\xcd\x29\xb9\x6b\x3d\xf3\x90\xec\x67\x30\xc4\
\x80\x82\x7b\xe0\xc8\x5d\xeb\x99\x11\xb2\x9f\x59\x9b\x62\xee\x1a\
\xcf\x14\x52\xf0\x36\xdc\x7b\x14\xdc\xe1\x99\x49\x01\xf7\x05\x25\
\xf7\xb4\x75\x3f\x40\xf2\xb3\x56\x39\xe6\x6e\x7b\xf6\x80\xb8\xa8\
\xe0\x0e\x0c\x3a\x70\x3f\x4c\xba\xfd\x58\xd2\x33\xe4\xa6\x98\xbb\
\xc6\x33\x83\x29\x78\x9b\xe8\x56\x72\x7f\x24\xe0\xae\xf1\x4c\xda\
\xba\x23\xba\x48\xfe\xec\xd3\x70\x4f\x7a\x8e\xde\xaf\xe0\x0e\x0c\
\x39\x70\x37\xdf\x95\x48\xb9\xe3\x7b\x38\x5b\xdd\xb1\xa7\xba\x40\
\xf2\x3d\xfc\x62\xcc\xdd\x25\x86\x85\xf3\xd5\xf2\x0c\x02\x67\x93\
\x19\x21\xf7\x12\xb9\xd5\xdd\x04\xd6\x8e\xa9\x1a\x1a\x0c\xf7\xa4\
\x75\x06\x81\x35\x00\xcf\x28\x24\xe7\x02\x1f\xe7\x3f\x13\xa8\xe9\
\xa8\x45\x43\x2d\xcf\x54\x0b\x3c\x43\x7c\x69\xc9\x67\xce\xae\xbe\
\x03\xfc\xb0\x96\x57\x3e\x17\x93\x78\xa6\x5a\xa0\x0f\x5d\x14\x69\
\xa8\xc6\xdd\x57\xdd\x57\x06\xf6\x2e\xd8\xb3\x97\x49\xee\x19\x5b\
\x40\x03\xfa\x50\xe9\xa5\xab\x54\x3f\xee\x26\x70\xde\xc0\xf3\x46\
\x5f\xdf\x6f\x42\x43\x91\xea\xe3\x19\x5b\x60\x4d\xf0\xf5\xf7\x16\
\xe8\x03\xce\xbe\x69\xce\x1e\xff\x7c\x04\x61\xfc\x19\xbf\x07\xc1\
\x3d\x8c\xa5\x20\xc8\x62\x9c\xcf\xff\x6c\xc4\x58\xcc\x95\x1b\x30\
\x16\xda\x96\x32\x18\x29\x5b\xa2\xf0\xf7\xc6\x25\xca\xe3\xfd\x86\
\x32\xe5\xf0\xf9\xcc\x4f\x6a\xc3\xff\x67\xbb\x67\x03\x7c\x11\x9c\
\x2f\x34\x06\xb8\x98\x72\xc5\x06\x1e\xf9\xdd\xf9\x0c\xe6\x0b\x13\
\xf0\x18\x26\xe0\x31\x4c\xc0\x63\x98\x80\xc7\x30\x01\x8f\x61\x02\
\x1e\xc3\x04\x3c\x86\x09\xc0\x17\x09\xa2\x31\xfc\x9d\x5f\x0f\xdf\
\xe7\xcf\x85\x9f\x47\xd6\x6c\x98\x27\xca\x87\xbc\xb9\x78\x9e\x7c\
\x3c\x6f\xcc\x23\x53\xc1\xcb\xf0\x34\xbc\x8d\x0e\xa3\xcb\xe8\x34\
\xba\x7f\xd7\x21\xae\x8b\xa9\x93\xa9\x9b\xa9\xa3\xa9\xeb\xca\x7a\
\xff\x02\x45\x82\x46\xd6\
\x00\x00\x03\x55\
\x00\
\x00\x10\xbe\x78\x9c\xa5\x57\x4d\x68\x13\x41\x14\x9e\xb6\xd2\x4a\
\x29\x26\x84\x10\x8a\x88\x09\x3d\x48\x4f\x1e\x3d\x89\x0d\x1e\x44\
\x44\x44\x72\x0a\x52\x44\x3c\x48\x0f\xe2\xc1\x43\x11\x29\x36\xb5\
\xd2\x78\x28\x8d\x07\x0f\x52\xc4\xa3\x14\x11\x11\x91\x1e\x4a\x29\
\x2d\x39\x54\x82\x58\xe9\x61\xc8\x41\x24\xd1\x1e\x44\x4a\xd9\x05\
\x29\xc1\x06\xc7\xf7\xba\x13\xfa\xf2\x32\xb3\xd9\x4d\x36\x7c\x49\
\xe6\xef\x7d\xdf\xbe\x79\xf3\x66\x46\x88\x1e\xf8\xa4\x52\x02\xbf\
\xc5\x52\x54\x88\x84\x10\x62\x14\x00\x55\x22\x2d\xbc\xfa\x6e\x1f\
\x29\xe5\x31\xc0\x45\xc0\x1c\x60\x19\x50\x06\xfc\x06\xec\x02\xbe\
\x01\xd6\x00\x0b\x80\xab\x80\xe3\x5d\x13\x1e\xf1\x26\x34\xe7\x2f\
\x80\x0a\x88\x3d\xc0\x33\xc0\xe9\x2e\x78\x7b\x01\xf7\x00\x4e\x08\
\x5e\x8e\x7d\xc0\x63\x40\x7f\x48\xee\x18\x60\xc5\x62\xef\xbd\xd6\
\x75\x19\x70\x41\xe3\x12\x60\x02\xf0\xda\xa2\xf7\x0b\x20\x15\x90\
\x7b\x18\xb0\xcd\xc6\xe3\x1c\x4f\x02\xa2\x01\xc6\x0f\x02\xee\x00\
\x2a\xcc\xc6\x0e\x60\x34\xc0\x7b\x73\xee\xb7\x80\x78\x40\xd7\x71\
\x1d\x18\x03\x75\xa6\x61\xc4\xd2\xbf\x57\xc7\x35\xe5\x7e\x08\x08\
\x4b\xcd\xed\x8e\x03\x6a\xc4\xe6\xb6\x69\x7d\x68\x9f\x35\x71\x1b\
\xde\x67\x30\x20\x67\x9c\x95\x6f\x32\x3f\x3c\x65\xed\x27\xf4\x5a\
\xa6\x3e\xe7\xdc\x2b\x1a\xbe\x1a\xa0\x3d\xab\x63\x30\xcd\xea\x17\
\x88\x7d\xf4\xc7\x19\xd2\xf6\x80\xad\xdd\x84\x81\xbb\xd1\x6e\xd5\
\xa0\xb9\xff\xea\x7e\x7f\xa8\x06\xf4\xb9\xf4\xf2\x54\xc3\xce\x2b\
\x5d\x8f\xf3\xfe\x9d\xd4\xe7\x7c\x74\x5b\x35\x30\x6e\xfa\x2e\x31\
\x36\x0f\x8a\xe8\x43\xbf\x9f\x23\x75\x38\x7e\x98\xd9\x8d\x02\x4a\
\x7e\x1a\x2c\xdc\xe8\xe3\x0c\xb3\xd5\x2f\x9b\xf3\x68\x96\xf9\x7e\
\xd5\xe2\x57\xd4\xf0\xc9\xa0\x61\x15\x70\xdb\xc2\x7d\xdd\x62\x6b\
\x91\xf4\xc3\xff\x6f\x48\x79\xca\x34\xa6\x8d\x06\x0e\x2b\xb7\xb6\
\x73\x83\xf4\x2d\x31\xdf\x66\x6d\xe3\xda\xcc\x85\xd5\xe7\x06\x1b\
\x74\xbe\x71\x2e\xca\xa4\x6c\xd5\xcd\x34\x94\x2d\xfc\xe3\x01\xc6\
\x9f\x65\xf1\x19\x96\xdf\x14\x6b\x34\x1e\xda\xe5\x07\xce\x4f\xe7\
\xb4\x9d\xff\xfd\xb8\x03\x69\x60\xfe\xc7\x9c\xb7\x14\x30\xfe\x6c\
\x6b\x4c\x86\xd1\x20\xbd\xfd\x80\xc6\xdf\x24\x29\xaf\x85\xe4\xce\
\xf8\xc4\xa4\x51\x03\xd4\xbd\x24\x7d\x16\x65\x6b\xfe\x39\x19\x94\
\x9b\xf4\x09\xa4\x41\x7a\x39\x98\xee\x33\x68\x1b\xf3\x2f\x3d\x2b\
\xe4\x18\x7f\x46\x36\xef\x9f\xc6\x35\x66\xd1\xf0\x51\x92\xbd\x16\
\xfe\xdf\x22\x6d\x98\x7f\x87\x74\xfd\x14\xa9\xc7\xbd\x8b\xe7\xe0\
\x86\x06\xdf\xf5\x2d\xbd\xf3\x4b\xc9\xc2\x8d\xef\x4e\xf7\x99\x17\
\x4c\xfb\x2e\x69\x7b\x27\xd9\xb9\x03\xca\xd7\x10\x36\x6e\xa6\x61\
\x5e\xb2\x33\x86\x6c\xdd\x7f\x47\x58\xfb\x04\xf3\x9d\x75\x2d\x84\
\x7d\x64\xeb\xf9\x63\xce\xd0\x07\xe3\xe0\x03\xd3\xf0\x88\xfb\xa1\
\x43\x6e\x1a\xbf\x5f\xb9\x6f\x48\xdf\xa8\x6e\xa7\x1a\x3a\x3d\x7f\
\x0e\x01\x9e\x33\x5b\x78\xfe\x4c\xb5\x19\x97\x90\xe6\xf3\x37\xee\
\xd3\x31\xbf\xb1\x84\x17\xe7\xf2\x07\xb3\x81\x65\xdf\xf3\x37\xb1\
\x81\x7e\x58\x36\xac\xe7\x7d\x3d\x47\xf7\x01\x57\x00\xe7\xa5\x77\
\xff\xc0\x3b\xdf\x5d\xe9\xed\xe5\xa6\xfb\xc7\x67\x19\xf2\x2e\xa6\
\xe3\x01\x6d\xee\x19\xec\x05\x05\xea\xcd\xc9\x90\xf7\x2f\xa6\x23\
\xae\x6d\xec\x84\xe0\x6d\xdc\x3f\x4f\x75\xca\x6b\xd0\x81\xf7\xef\
\x34\xe0\x89\x3c\xba\x7f\xe3\xf9\x01\xf3\x29\x9e\x6b\x31\xd7\xce\
\xcb\x90\xf7\x6f\xe5\x44\x94\xca\xf5\x28\x25\xc4\x74\x7d\xa0\x32\
\x56\x1b\xab\x27\x9d\xe9\x7f\x91\xaa\x52\xf9\x9f\x4a\x15\x8b\x5b\
\x07\xc5\xcd\xbc\x5b\xcd\xf7\x55\xdc\xc2\xcc\x86\x5b\x58\x9f\x75\
\x92\x95\x81\x5a\xd2\x89\xd4\x92\x87\x1f\xf8\x75\xa0\x5c\xe9\xab\
\x15\x36\x66\x9c\xc2\xec\xba\x9b\xcf\x57\xdc\xcd\x2d\xb7\x5a\x54\
\x07\x45\xb4\x81\xb6\xd0\x26\xda\x46\x0e\xe4\x3a\xe4\x04\xee\xff\
\x34\x4c\x97\x9b\
"

qt_resource_name = b"\
\x00\x04\
\x00\x06\xfa\x5e\
\x00\x69\
\x00\x63\x00\x6f\x00\x6e\
\x00\x0d\
\x01\xe2\x39\xff\
\x00\x72\
\x00\x65\x00\x64\x00\x65\x00\x65\x00\x6d\x00\x2d\x00\x36\x00\x34\x00\x2e\x00\x69\x00\x63\x00\x6f\
\x00\x10\
\x04\x1b\xb5\x47\
\x00\x70\
\x00\x6f\x00\x77\x00\x65\x00\x72\x00\x2d\x00\x62\x00\x75\x00\x74\x00\x74\x00\x6f\x00\x6e\x00\x2e\x00\x70\x00\x6e\x00\x67\
\x00\x0d\
\x01\x10\x39\xff\
\x00\x72\
\x00\x65\x00\x64\x00\x65\x00\x65\x00\x6d\x00\x2d\x00\x33\x00\x32\x00\x2e\x00\x69\x00\x63\x00\x6f\
\x00\x0f\
\x02\xae\xf4\xdf\
\x00\x61\
\x00\x72\x00\x72\x00\x6f\x00\x77\x00\x2d\x00\x39\x00\x36\x00\x2d\x00\x34\x00\x38\x00\x2e\x00\x69\x00\x63\x00\x6f\
\x00\x0c\
\x0d\x4b\xef\x7f\
\x00\x63\
\x00\x61\x00\x72\x00\x2d\x00\x34\x00\x2d\x00\x34\x00\x38\x00\x2e\x00\x69\x00\x63\x00\x6f\
\x00\x0f\
\x07\x6b\xe2\x7f\
\x00\x78\
\x00\x2d\x00\x6d\x00\x61\x00\x72\x00\x6b\x00\x2d\x00\x34\x00\x2d\x00\x34\x00\x38\x00\x2e\x00\x69\x00\x63\x00\x6f\
\x00\x0d\
\x01\x0e\x39\xff\
\x00\x72\
\x00\x65\x00\x64\x00\x65\x00\x65\x00\x6d\x00\x2d\x00\x34\x00\x38\x00\x2e\x00\x69\x00\x63\x00\x6f\
\x00\x0c\
\x0d\xa9\x97\xff\
\x00\x67\
\x00\x72\x00\x6f\x00\x75\x00\x70\x00\x2d\x00\x34\x00\x38\x00\x2e\x00\x69\x00\x63\x00\x6f\
\x00\x0f\
\x01\x69\xc9\x3f\
\x00\x73\
\x00\x65\x00\x61\x00\x72\x00\x63\x00\x68\x00\x2d\x00\x33\x00\x2d\x00\x34\x00\x38\x00\x2e\x00\x69\x00\x63\x00\x6f\
\x00\x0b\
\x00\x82\x77\x3f\
\x00\x75\
\x00\x73\x00\x65\x00\x72\x00\x2d\x00\x34\x00\x38\x00\x2e\x00\x69\x00\x63\x00\x6f\
\x00\x0f\
\x02\xae\xe1\xff\
\x00\x61\
\x00\x72\x00\x72\x00\x6f\x00\x77\x00\x2d\x00\x33\x00\x31\x00\x2d\x00\x34\x00\x38\x00\x2e\x00\x69\x00\x63\x00\x6f\
\x00\x0f\
\x07\x75\xe2\x7f\
\x00\x78\
\x00\x2d\x00\x6d\x00\x61\x00\x72\x00\x6b\x00\x2d\x00\x34\x00\x2d\x00\x33\x00\x32\x00\x2e\x00\x69\x00\x63\x00\x6f\
"

qt_resource_struct_v1 = b"\
\x00\x00\x00\x00\x00\x02\x00\x00\x00\x01\x00\x00\x00\x01\
\x00\x00\x00\x00\x00\x02\x00\x00\x00\x01\x00\x00\x00\x02\
\x00\x00\x00\x00\x00\x02\x00\x00\x00\x0c\x00\x00\x00\x03\
\x00\x00\x01\x3c\x00\x01\x00\x00\x00\x01\x00\x00\x73\xc6\
\x00\x00\x00\xda\x00\x01\x00\x00\x00\x01\x00\x00\x63\x24\
\x00\x00\x00\x54\x00\x00\x00\x00\x00\x01\x00\x00\x42\xf5\
\x00\x00\x01\x18\x00\x01\x00\x00\x00\x01\x00\x00\x6f\x05\
\x00\x00\x00\x0e\x00\x01\x00\x00\x00\x01\x00\x00\x00\x00\
\x00\x00\x01\x58\x00\x01\x00\x00\x00\x01\x00\x00\x76\x77\
\x00\x00\x00\x74\x00\x01\x00\x00\x00\x01\x00\x00\x53\xb7\
\x00\x00\x00\x2e\x00\x00\x00\x00\x00\x01\x00\x00\x04\xd0\
\x00\x00\x00\xb6\x00\x01\x00\x00\x00\x01\x00\x00\x5c\xa0\
\x00\x00\x01\x7c\x00\x01\x00\x00\x00\x01\x00\x00\x7a\xe2\
\x00\x00\x00\x98\x00\x01\x00\x00\x00\x01\x00\x00\x58\x01\
\x00\x00\x00\xfa\x00\x01\x00\x00\x00\x01\x00\x00\x69\x2e\
"

qt_resource_struct_v2 = b"\
\x00\x00\x00\x00\x00\x02\x00\x00\x00\x01\x00\x00\x00\x01\
\x00\x00\x00\x00\x00\x00\x00\x00\
\x00\x00\x00\x00\x00\x02\x00\x00\x00\x01\x00\x00\x00\x02\
\x00\x00\x00\x00\x00\x00\x00\x00\
\x00\x00\x00\x00\x00\x02\x00\x00\x00\x0c\x00\x00\x00\x03\
\x00\x00\x00\x00\x00\x00\x00\x00\
\x00\x00\x01\x3c\x00\x01\x00\x00\x00\x01\x00\x00\x73\xc6\
\x00\x00\x01\x98\xe3\xcb\x0e\x9d\
\x00\x00\x00\xda\x00\x01\x00\x00\x00\x01\x00\x00\x63\x24\
\x00\x00\x01\x98\xe3\xcb\x0e\x8a\
\x00\x00\x00\x54\x00\x00\x00\x00\x00\x01\x00\x00\x42\xf5\
\x00\x00\x01\x98\xe3\xcb\x0e\x85\
\x00\x00\x01\x18\x00\x01\x00\x00\x00\x01\x00\x00\x6f\x05\
\x00\x00\x01\x98\xe3\xcb\x0e\x96\
\x00\x00\x00\x0e\x00\x01\x00\x00\x00\x01\x00\x00\x00\x00\
\x00\x00\x01\x98\xe3\xcb\x0e\x8f\
\x00\x00\x01\x58\x00\x01\x00\x00\x00\x01\x00\x00\x76\x77\
\x00\x00\x01\x98\xe3\xcb\x0e\x6c\
\x00\x00\x00\x74\x00\x01\x00\x00\x00\x01\x00\x00\x53\xb7\
\x00\x00\x01\x98\xe3\xcb\x0e\x71\
\x00\x00\x00\x2e\x00\x00\x00\x00\x00\x01\x00\x00\x04\xd0\
\x00\x00\x01\x98\xe3\xd1\x04\x63\
\x00\x00\x00\xb6\x00\x01\x00\x00\x00\x01\x00\x00\x5c\xa0\
\x00\x00\x01\x98\xe3\xcb\x0e\xa7\
\x00\x00\x01\x7c\x00\x01\x00\x00\x00\x01\x00\x00\x7a\xe2\
\x00\x00\x01\x98\xe3\xcb\x0e\xa2\
\x00\x00\x00\x98\x00\x01\x00\x00\x00\x01\x00\x00\x58\x01\
\x00\x00\x01\x98\xe3\xcb\x0e\x76\
\x00\x00\x00\xfa\x00\x01\x00\x00\x00\x01\x00\x00\x69\x2e\
\x00\x00\x01\x98\xe3\xcb\x0e\x7b\
"

qt_version = [int(v) for v in QtCore.qVersion().split('.')]
if qt_version < [5, 8, 0]:
    rcc_version = 1
    qt_resource_struct = qt_resource_struct_v1
else:
    rcc_version = 2
    qt_resource_struct = qt_resource_struct_v2

def qInitResources():
    QtCore.qRegisterResourceData(rcc_version, qt_resource_struct, qt_resource_name, qt_resource_data)

def qCleanupResources():
    QtCore.qUnregisterResourceData(rcc_version, qt_resource_struct, qt_resource_name, qt_resource_data)

qInitResources()
