# -*- coding: utf-8 -*-

# Resource object code
#
# Created by: The Resource Compiler for PyQt5 (Qt v5.12.8)
#
# WARNING! All changes made in this file will be lost!

from PyQt5 import QtCore

qt_resource_data = b"\
\x00\x00\x05\xd3\
\x00\
\x00\x25\xbe\x78\x9c\xc5\x5a\x61\x68\x14\x47\x14\x9e\xcb\x05\x13\
\x82\x24\x12\x44\x4a\x10\x2b\x92\x4a\x08\x22\xa1\x94\x10\x44\x6a\
\x7f\x88\x48\x29\x52\x4a\x91\x10\x8a\x84\xe2\x8f\x22\x25\x3f\x8a\
\x48\x7e\x88\x09\x52\xfc\x21\x25\x14\x11\x91\x50\x8a\x94\x52\x24\
\x88\x14\x29\x52\x8a\x84\x43\x42\x29\xa5\x84\x12\xa4\x48\x90\x72\
\x04\x09\x21\x88\x5c\x45\x24\x84\x70\xaf\xdf\xb7\x33\x1b\xe7\xd6\
\xdb\xdd\x99\xdd\x8d\xbe\xe4\xcb\x7b\x7b\xb7\xf3\xe6\x9b\xd9\x99\
\x37\x6f\x66\xa3\x54\x09\x3f\x03\x03\x0a\x7f\xf7\xaa\x9b\xef\x28\
\xb5\x4b\x29\xd5\x07\xe0\x23\x35\xaa\xf4\xe7\x59\x44\x44\x54\xbd\
\x5e\x6f\x87\xee\x86\xee\x01\xf6\xc2\xde\x0f\xf4\xa5\x60\x1f\xb0\
\x07\xd8\x05\x6c\x07\x5a\x32\x11\xc8\xc6\x99\x7c\xfb\x81\x93\xc0\
\x59\x60\x0a\xbc\x7f\x84\xfe\x05\xa8\x00\x7f\xe1\x7a\x9e\x80\x3d\
\x1f\x63\xcf\x01\xbf\x02\x33\xc0\x35\xe0\x02\xf0\x39\x30\x04\xec\
\x60\xbf\x6c\x11\xef\x2f\x80\x3b\xe0\xf0\x00\x7a\x15\x7a\x4d\x8c\
\xc0\x96\x1c\xf6\x3a\x50\x83\xb9\x08\xcc\x02\xe7\x81\x9d\x05\xf2\
\xfe\x18\xf8\x27\x5a\x6f\x51\x12\xd3\xae\x15\xe0\x2b\xa0\x3b\x27\
\xff\x13\xf0\xf9\x28\xae\x1e\x6a\xdb\x4e\xe1\xe4\x6b\xf3\x99\x9c\
\xcf\xc9\x7f\xd6\xe6\xe8\xd0\x6f\xde\x76\x8a\xac\x02\x1d\x59\xf9\
\xa3\x9e\xc7\x19\xeb\x75\x16\x87\x36\x1e\xc8\xd1\xff\xcb\x49\xe3\
\x63\x8b\xc7\x4f\x68\xe7\xe1\xbf\xf0\x86\xc7\x0f\x63\xdc\x8e\x1c\
\xfc\x3f\x13\x3d\x8f\x7c\xeb\x75\x96\x94\xb8\x7a\x35\xc2\xa7\xd3\
\x80\x71\x31\x75\xdd\xc3\x3d\x3b\x81\x2b\xf0\xf3\xfc\x35\x8f\x9f\
\x0d\xd1\x6b\x41\x9f\xc5\xa5\x05\xf8\x06\xf8\x0e\x98\x02\xc6\x45\
\xaf\x7b\xc7\x01\xae\xfd\xdb\x9a\xf0\x27\x98\x1b\x5c\xf3\xe8\x37\
\x2f\x3b\x46\xb8\x46\xbf\x07\xb4\x5a\x5c\x8e\x8a\x1e\x4f\xa1\x8f\
\x75\xd1\x63\x63\x09\xe0\xba\xce\xf5\x7c\xb4\x59\x3b\x4c\xf9\x33\
\x28\xf3\xd0\x94\x2b\x4c\xac\xb6\x6c\xc0\x5e\x86\xbe\x0e\x6c\x8f\
\xf4\xfb\x20\xb0\x10\xb9\x3f\xce\xe6\x5a\x3b\x8c\xeb\x8e\x08\xff\
\x56\xe0\x90\xe8\x9c\xa5\x16\x96\x29\x62\xfc\x88\xee\xd7\x9f\x81\
\x4f\x6d\xee\xa6\xde\x03\xa2\xf3\xa5\xf5\x34\x3f\x96\xfd\x18\x38\
\xd9\x6c\x3c\xe1\x1e\xe6\x58\x1f\x41\x33\x67\x7b\x91\x93\x3b\x39\
\xfd\x81\x6b\x3e\xf7\x1e\x89\xcc\x49\xd1\x63\xf7\xbe\xcd\xdd\x43\
\x66\x53\xe6\x76\x0b\x7c\x0f\x40\xdf\x80\x5e\xb4\xf3\xb9\x24\xe1\
\x7d\x1c\x87\x30\x7f\x12\xfd\x3c\x5b\x9b\xf8\xee\x06\x4e\xd1\x6f\
\x86\x3e\x09\xed\xa5\x24\xfe\xa1\xe0\xde\x6d\xa2\x73\xdf\x19\x47\
\xbf\xb7\xa0\x39\x37\x9b\xc5\x8b\x56\x7e\x07\xdc\x80\xfd\x24\xe7\
\x98\x74\xe2\x6f\xd5\xdd\x8b\xf2\x2f\x1c\x7c\x0f\xc6\x94\xe7\x9e\
\xe6\xeb\xba\xce\xcf\x37\x24\xbf\xdc\xf3\xe1\x6f\x9e\xc5\x6c\x92\
\x43\x7c\xff\x44\xac\x31\x0e\xbb\x03\x78\x1f\xf8\x16\xdf\x3d\x2b\
\x70\x0d\xe1\xfc\x3d\xe6\xcb\x1f\x65\xee\xa4\xf8\xad\x45\xf8\x73\
\xdd\x99\x2d\x78\xed\xe3\xde\xe1\x4b\x89\xc4\x31\x07\xee\x8c\xaf\
\x8b\x49\xbe\x01\x8e\x8b\x5e\xeb\x79\x71\xee\x9c\x01\x9e\x4a\x31\
\x52\x83\xcf\xe1\x0c\xdc\xb9\x0f\x9f\x72\xa9\x00\xfe\xef\x02\x1c\
\xeb\x61\xd9\x76\x5c\x4f\x37\x6b\xaf\x87\xcd\x7d\x02\xe3\x99\x77\
\xae\x2a\xba\xdf\x19\xeb\x56\x5d\xea\xe3\x1c\x87\x79\x19\xba\xd3\
\xf2\xc1\x73\x89\xa7\x19\x78\x3f\x03\x7e\x03\xd8\xe7\x99\xf2\x54\
\xd1\x71\x67\xce\xb3\xdf\x38\x46\x8f\x87\x3e\x70\x4d\x3f\xd3\xe2\
\x28\x66\x1c\x72\xae\xf1\x1c\x64\x0f\xcb\x67\x15\x94\xbf\xe4\x5a\
\x6f\x44\xfe\x06\xda\xad\x36\x70\x4d\x58\x4a\xe1\xcd\xef\x19\x63\
\xfb\x92\x38\x79\x70\xe7\x3a\xb9\x1c\xa9\xc3\xc7\x3e\x61\xfb\xaa\
\xeb\xb3\xa4\xa4\x35\xe9\xb2\x14\x78\xde\x65\xe6\x7a\x66\x41\xf9\
\x5b\x62\xd6\x61\xd8\xcc\x47\xc6\x70\xfd\x3c\xe4\x6d\xe7\x86\xc6\
\x1e\x2b\x8a\x3b\xeb\x85\xcf\xdb\x91\xfe\xf1\x95\x47\x28\x7f\xc8\
\xf2\xc9\x3c\x64\x31\xe1\x7e\xe6\x28\x5e\xb1\x31\x81\x3f\xd7\x9e\
\xf9\x26\x7d\xea\x6c\x9b\xf5\xec\xb4\xe5\x93\xfb\xbd\xdf\x13\xc6\
\xcf\x0a\xae\x4f\x49\xcc\x1e\xc5\x93\xff\x07\xc0\xbf\x8e\xfd\x1c\
\x27\x8c\x23\x97\x42\x3e\xa2\xf7\x2a\x9b\x6b\x78\x93\xf1\x43\x61\
\x9f\xf5\x17\xc0\x9f\xb1\x6b\x35\xe7\xf8\xa1\x7c\x2f\x56\xec\x36\
\xd7\x69\xc2\xb5\x2a\xd7\x3c\x36\xcf\xf1\x95\x75\xdf\x73\xfc\x50\
\xfd\x20\xd6\x39\x27\xec\xeb\x0e\xe5\x38\xc7\x73\xc5\x50\xf8\x18\
\x31\xf9\x64\x2e\x81\x8f\x68\xff\x6f\xe6\x12\xcd\xc6\x8f\x65\x5f\
\xcc\xc3\x1f\xe5\x8f\x01\x4b\x79\xc6\x8f\x29\xcb\x33\x91\x76\xe3\
\xb3\xc5\xc4\x54\x17\xf9\x13\xe8\xc9\xd1\xff\x7c\xd7\xb2\x10\xc3\
\xc9\xc9\xae\xeb\x73\x25\xe6\xba\x61\x9f\x70\x6f\x3d\xe7\xe8\xa3\
\x0a\x75\x34\x47\xff\x33\xf7\x75\xed\xab\x38\x61\xbe\x3d\x64\xf9\
\x7c\x17\x78\x18\x72\x4d\x1a\x3f\x8c\xbd\xc0\xe9\x24\x8e\x0e\x6d\
\xe0\xde\xc9\x69\xdf\x1e\x23\x57\xc4\xc4\x11\xd1\xb1\x93\x7b\x81\
\x67\x21\xcf\x50\x62\x6c\xc6\xde\x0b\x5c\xb7\x73\xf0\x67\xee\x7c\
\x53\xb2\xed\x57\xf9\xfc\xf7\x59\xbe\xf8\x3e\x6f\xc6\x73\x3e\x71\
\xed\x78\xe5\xfc\xc2\xb3\x0d\x07\x81\xfb\x9e\xdc\x99\xf3\x8d\xd8\
\x7e\xc0\xfb\x43\x7c\xb6\x19\xcf\x5c\xe6\x40\x11\xfc\x4d\x1b\x76\
\xd7\xf5\x19\x29\xf7\x30\x49\xcf\x82\x71\x9b\x67\x69\x87\xa5\x71\
\x1f\xcc\xbe\x7f\xe0\x99\xbb\x72\xdc\x9e\xcd\x93\xfb\x47\xda\xc0\
\x33\xed\x11\x60\x1a\x3e\x19\xdb\x56\xcc\x9e\x8c\xef\x40\x78\x26\
\xc2\xdc\x6b\x0c\x76\x43\xcc\xc3\x35\x73\x9e\xab\x49\x0f\x2b\x46\
\xe8\x7b\xb8\x10\xf2\x2f\xdb\xc0\x39\xc8\x18\xb8\x1f\xbc\x06\x09\
\xd1\xe7\xc8\xfd\xa6\x8f\xa3\xe7\x83\x9d\xb8\xe7\x22\xe0\x3a\x67\
\x6d\x9b\xe7\xb4\x07\x8b\xe4\xef\x2b\x75\xfd\xde\x9e\xe7\xb6\x59\
\xe6\xff\x54\xb4\x3f\x5e\xb7\x98\xe7\xf5\x89\xe8\xf3\x62\x1f\x61\
\xec\xea\x4d\xaf\x61\xeb\x45\xf4\x19\xdc\x39\x0f\xee\xdc\xfb\xf3\
\xbd\xd6\x9b\xa6\xde\x20\xe0\x33\xca\x79\x1f\xce\x85\x26\xc2\x5c\
\x97\x67\xf6\x87\xf3\xac\x59\x5b\x25\xe4\x24\xfa\xff\x57\xf8\x9e\
\x87\xe7\xcf\x77\x81\x7b\xc0\x6d\xd1\xeb\x34\xdf\x11\x14\xf2\x7f\
\x11\x5b\x29\xa2\xdf\xb9\x31\x86\xed\x16\x7d\x26\xfd\x96\x19\x63\
\x59\x7c\x05\xc5\xf0\x3b\x41\x5d\x53\xaa\x8d\xba\xa2\x54\x89\x7a\
\x32\xb8\x47\xdf\x3b\x91\xa0\x27\x2d\xfd\x9f\x29\x5f\xeb\x0a\xfc\
\x95\xab\x65\xa5\xd6\x94\xea\xaa\x94\xf0\x0c\x94\x3a\x12\xf8\x9c\
\x54\x41\x69\xa9\x96\x37\x02\x5d\x6b\xab\x19\x5d\x51\xa5\x40\x4f\
\xaa\xb2\xb9\x6e\x0b\xee\xab\xa8\x2e\xea\x52\x55\x1d\x81\xae\x40\
\x4b\xe0\xa7\x56\x36\xba\x4d\xeb\xf1\x2e\xdd\x9e\xf1\xb6\x46\x3d\
\x54\x36\xba\x14\xd1\xaa\x51\x8f\x37\xe8\xc9\x4d\x5d\x53\x13\x41\
\xbd\x5a\x57\xcb\xba\xfe\xb5\xae\x4a\xa0\x45\xb7\xc8\xd2\x95\x92\
\xd6\xd5\xb2\xd6\x9a\x1f\xe2\xf0\xdb\xf2\xb2\xdf\xff\x07\xcd\x3c\
\x30\x67\
\x00\x00\x04\x9b\
\x00\
\x00\x25\xbe\x78\x9c\xed\x59\x51\x48\x15\x41\x14\x1d\x33\x4a\x24\
\x28\x22\x42\x24\x52\xa2\x22\x24\x42\x42\x22\x22\x32\xfc\x08\x79\
\x88\xf4\xd9\x47\x84\xf4\xd5\x47\x44\x48\x84\x44\x54\x44\x5f\x11\
\x11\x7e\xf4\x15\x11\xd1\x47\x44\x44\x84\xf4\x11\x12\x22\x7d\x88\
\x44\x44\x44\x44\x84\x3c\xe4\x11\x11\x11\x22\x12\x8f\x90\x37\x9d\
\xe3\xcc\xea\x6d\xde\xec\xba\xbb\xba\x5b\xd2\xbb\x72\xbc\x77\x77\
\x67\xf6\x9e\x99\xbd\x7b\xf7\xce\x3c\xa5\xea\xf0\xd7\xde\xae\xf0\
\xbf\x55\x3d\xdc\xa1\xd4\x66\xa5\xd4\x2e\x00\xa7\x54\x9f\x32\xe7\
\x6b\x52\x93\x9a\xc4\x13\xad\xf5\xaa\x4a\xa5\xb2\x1f\xba\x00\x7d\
\x04\x7a\x53\xde\x1c\xe0\x77\x23\x7d\x03\xbd\xc0\x3e\x72\x8a\xd3\
\x0f\xed\x1a\x81\x01\xe0\x13\x50\x02\x26\xd1\xff\x29\x74\x7b\xd6\
\x9c\x05\x87\xbd\x00\x7d\x4e\x02\x5f\xc8\x05\x1c\x2e\x02\x8d\x51\
\xfd\x70\xbd\x01\x6d\xd9\xee\xa7\xae\x96\x11\x60\x5b\x0e\xdc\xb7\
\xc3\xff\x68\xe0\x14\x76\x60\xce\xc0\xbe\x00\xbd\x26\x82\xff\x56\
\x5c\x1f\x96\xfd\xa8\xad\xcd\x31\x1d\xcd\x81\xff\x31\xa0\x2c\x78\
\x4b\x2e\xc3\xe4\x18\xc1\x7f\x27\x9a\xbd\xf6\x8c\x3d\xb0\xcf\xe4\
\xc0\xff\x8c\xe7\xd9\x07\xf2\x0e\x3c\xda\x22\xf8\xb7\xb1\x4d\x44\
\xff\x81\xac\xf9\x83\x43\xbf\x6f\xee\xad\x7c\x00\x76\x87\xf5\xc5\
\x35\xf2\x7f\x1f\x12\x3f\xb9\xf0\x87\x8f\x73\x21\xcf\x3e\x0e\xff\
\xdd\xb6\x4d\x58\xfc\xe4\xc1\x7f\x20\xe2\xf9\x57\xf1\xc7\xf1\x13\
\x6d\x72\x0b\x31\x0e\xcc\x84\x75\xc6\x18\x26\x44\xdb\xac\x30\x11\
\x11\x3f\x33\x96\x63\xd0\x96\xdc\xbf\xc8\x58\x71\xfb\xc9\xf8\x09\
\xbb\xef\xdf\xb2\xb5\xf9\x36\x94\x9c\x18\xcf\xc2\x4f\x56\x42\xfe\
\x93\x59\xfb\xcd\xf0\x39\x90\x7f\x71\x05\xc7\x4f\x29\xe0\xbf\x12\
\xe3\x07\x3e\xc8\xff\xf3\x0a\x8e\x9f\xa2\x16\xfc\x9d\xeb\x33\xf6\
\xfa\xd4\x5f\x8c\x9f\xaf\xda\xe4\x97\x5f\x21\x6d\xc8\xef\x93\x1b\
\x3f\xb0\x59\x43\x14\x80\x76\xe0\x20\x30\x94\x73\xfc\xb0\xd6\xbc\
\x09\xdd\x01\xcd\x5a\xba\x0f\xfa\xbb\xa7\xdd\x44\xc0\x5f\xf8\x7d\
\x03\xd5\xe6\x7c\xe3\x9a\x70\xfe\x31\xf4\x6c\x1a\x32\x09\xc7\xcb\
\x3a\xf7\x12\xd0\x20\x39\xe0\x7a\x41\x8e\xc1\xb6\xff\x0c\x7c\x70\
\xe6\xea\x96\xa7\x2f\xc7\x70\xda\xc6\x54\x1a\x4e\x49\x6c\xce\xe9\
\x21\xb7\xae\xc0\xb5\xad\x15\x53\x3f\x4b\xae\x5c\x63\xbd\x77\xe2\
\xe7\x1a\xb0\xda\x53\x97\x9c\x04\xa6\xd2\xf0\x4a\x28\x1f\x81\x0e\
\x8f\xff\x66\xe0\x99\xa7\xed\x5b\xe7\xdc\x0b\xf8\xfe\x63\x9d\x85\
\xe3\x0d\x38\x7f\x47\xa7\x8c\x9f\x84\xc2\x39\x3a\xab\x9d\x75\x16\
\x8e\xbb\xb4\xc9\x27\x52\xb8\x1e\x18\x75\xf2\x0b\xe3\xef\x36\xec\
\x56\xe8\xd5\xc0\x66\xe0\xa2\x36\xb9\x40\xb6\x8b\x65\xa7\x8c\x21\
\xc6\xc4\x71\xe8\xc6\x8a\x59\xd3\xf2\x3d\x7e\xe9\x69\xff\x0a\xb8\
\x21\x07\x64\x63\xa9\x0c\xf3\x0d\x34\x6b\xbc\x31\x60\x5a\x2f\x41\
\xdc\x6f\x78\x4c\x9b\xb5\x01\xd7\xc1\x23\xb0\xe7\x73\xa4\x33\x2f\
\xcc\x51\x7b\xec\x78\xab\x7c\xfa\xec\x7f\x41\x2c\x1f\xae\x05\xc8\
\x7d\x0d\x70\x02\xe7\x26\xe3\xf2\xcc\x21\x7e\x22\x6d\x6d\xea\x9e\
\x13\xda\xe6\x49\x6d\xf6\x7c\xba\x75\x75\x2e\x5a\x16\x49\x19\x3f\
\x5e\x5b\x9b\x79\xe7\xb7\xb5\x6a\x2f\x88\xe3\x01\xae\x02\x3f\x45\
\x9f\xe7\x50\xdc\x77\x39\x6f\xd1\x2f\x81\xeb\xcc\x15\x73\xf0\xd9\
\xd4\x21\x08\xfa\xf7\x07\xb6\x36\x6b\x5f\xfa\xe0\x1a\x92\x39\xe3\
\xb9\x98\x03\xbe\x93\x37\xa0\xd7\xb9\xbc\x9d\x31\x74\x68\x93\x57\
\x03\x79\x18\xd5\x3e\x4b\x81\xef\x47\x82\x07\xdf\xe1\xfd\x31\xfa\
\xf0\x7d\xb8\x2f\xfa\x31\xf7\x34\xe5\xc1\xd7\xe1\xd1\x0c\xbe\xd3\
\x22\x7e\x1e\xe8\x88\xbd\x37\xa7\x2f\xf7\x4b\x7f\x89\x31\x30\xa6\
\x62\xed\x9f\x2e\x87\xd0\x97\x36\x75\x40\x20\xe4\xb2\x2f\x61\xff\
\x31\xd1\x9f\x76\xe8\xbe\xdd\x72\x0b\x7c\xb5\x62\xce\xc7\x45\x1e\
\x19\x4b\x3a\x7f\x68\x7f\x4a\x2f\xd4\x0b\xdf\x71\x2f\xe6\xab\xac\
\x28\xcf\x8b\xad\x15\xfb\x80\x1f\xf6\xbd\x9d\x05\x4e\x25\xbd\x8f\
\x36\xfb\xc0\xf2\x19\x3c\xc9\xe3\x3d\xd0\xa6\x56\x7f\xea\x3c\xfb\
\xed\x29\xee\xc3\x5c\x7a\x8d\x79\xab\xb2\xb0\x16\xea\xca\x82\xb3\
\xe3\x97\x75\xda\x37\xcb\xbd\x6c\x39\x34\x2c\xde\xb3\xea\x3e\xc4\
\x61\x60\x42\xe4\x80\xc1\x2c\x38\x3b\x7e\x07\xc5\xdc\x17\xed\x78\
\xd2\xde\x8b\xf5\xe7\x5d\x71\x3f\xd6\xa6\xfc\x3e\x34\x27\x01\xc6\
\xee\xb5\xc5\xf1\x16\xe6\x07\x6d\x7e\x77\x99\x16\xef\xed\x3d\xed\
\x59\x8b\x24\x1c\xc3\x81\xca\x9f\xeb\x67\xee\x4f\x3f\x8b\x0b\xb4\
\x9f\x83\x6b\x5b\x0c\x59\xf0\x3b\xcb\x75\x87\xdc\x3b\x66\xee\xa8\
\x5a\x87\xa5\x79\x06\xb8\xd7\xd0\x52\xea\xa2\x94\xb5\x1a\xd7\xdb\
\xb1\xbe\x57\x31\xc6\xd0\xa4\xcd\xba\x98\xf3\xc3\xdf\xd4\x4a\xb6\
\x3e\x0f\x45\x70\xdd\x69\xc7\x7e\xac\x1d\x4b\x3e\xdb\x1e\xb3\x76\
\xb9\xae\x97\xf9\x37\x4f\x6d\xf2\x11\xe3\xb3\x1b\x7e\x7a\xa0\x7b\
\x09\xd8\x47\x7d\xb6\x05\xdb\xf5\xe0\xbc\xb4\xa9\x59\x3f\x16\x1c\
\xbb\x60\xef\xcd\x6f\x7f\xe2\x7c\x53\x93\x9a\xfc\x8f\x62\x32\xd6\
\xe2\x7a\xb6\x13\xc5\x5c\xa7\x52\xe5\x16\x7c\xd4\x5b\x94\x9a\xa2\
\x5e\xbf\xb8\x5e\xaa\xd4\x5f\x51\xaa\x6e\x44\xa9\xb5\x44\xd1\x03\
\x7b\xbe\x7e\xc4\x20\x90\x2b\xfc\x57\xa7\xd4\xdc\xa9\x7a\xa5\x8a\
\xd4\x6b\xc1\xeb\x32\xf2\x33\x78\x95\xa9\x5b\x16\x74\x30\xbe\x40\
\x57\xa8\x2f\x43\x73\x1c\x42\xeb\xf5\xdc\xa0\x12\x9a\xfc\xa4\x26\
\x8f\x18\xf3\x19\xe8\xdf\x31\xba\x64\x9f\
\x00\x00\x06\x80\
\x00\
\x00\x25\xbe\x78\x9c\xc5\x5a\x6f\x64\x9d\x57\x18\x3f\xc9\x3d\x72\
\x23\x26\x77\x6a\xa2\x26\x7a\xa3\xb6\x8a\x98\x8a\x99\xaa\x99\xde\
\xaa\x9a\x8a\xda\x87\xaa\x9a\x88\x98\x7e\xaa\x88\xa9\xa9\xa9\xaa\
\xe6\x6a\xaa\xed\xa7\x99\x99\x9a\x8a\x7d\x98\x98\xa8\xaa\x9a\x99\
\x7e\xa8\xb8\x9d\x98\xa8\x99\x99\x88\x99\x98\xbb\xa8\x98\x89\xb9\
\x26\xea\x9a\xd7\x7d\xf7\xfc\x72\x9e\x77\x7d\x77\xee\x73\xce\xfb\
\x27\xb9\x5d\xeb\xd7\xd3\xbe\x3d\xef\xf3\xef\xfc\xce\xf3\x3c\xe7\
\xbc\x51\xaa\x8b\x7e\x8f\x8e\x2a\xfa\x73\x48\x2d\xbc\xaa\xd4\x80\
\x52\x6a\x98\x40\x8f\xd4\x7b\xca\x3c\xef\xc4\x2f\xad\xab\xdd\x84\
\x7e\xc2\x01\xc2\xdb\x84\x0f\x08\x73\x84\x6f\x09\xab\x84\x75\xc2\
\x13\xc2\x2f\x84\x65\xc2\x3c\xe1\x0a\xe1\x1d\xc2\x6b\x84\x97\x20\
\xa3\x23\xc6\xf9\xed\x06\x5e\x26\x9c\x25\xdc\x26\x7c\x4f\x78\x4a\
\x08\x53\x22\x20\xac\xb0\x3f\xef\x13\x5e\x79\x5e\x7e\x90\x9e\x17\
\x59\xe7\x12\xe1\xcf\x0c\x36\xbb\xf0\x17\xfb\x5f\x45\x4c\x3a\x64\
\x33\xb0\x87\x70\x9a\xf0\xeb\x2e\xd8\xec\x02\xe2\x31\xc5\x6b\xbb\
\x6b\xeb\xc1\x5c\xbd\x9d\x22\xde\xe0\xc5\x06\xe1\x31\xa1\x46\x58\
\x64\xe0\xef\xdf\x11\xea\x84\x66\x82\x8c\x2d\xc2\x7d\xc2\xd1\x5d\
\xb2\x7d\x84\xd7\xd7\xa7\xf7\x0f\xc2\x67\x84\x33\x84\x37\xb4\xd9\
\xcf\x43\x16\xc0\xf1\x51\x6d\xf6\xee\xcd\x84\x75\x44\x1c\xd6\x08\
\x27\xb0\xf6\x39\xed\xee\x61\x5d\x6b\x0e\x1d\x0d\xc2\x03\xc2\x38\
\xa1\x3f\x87\xfc\x5e\x6d\x72\xd6\x02\xe1\x77\x4f\x5c\xb0\xd7\xfa\
\x72\xc8\x87\xed\x2b\x8e\xd8\xfc\xc0\x72\xf7\x64\x95\xeb\xf0\x63\
\x9c\x63\x21\xe5\xb0\x0d\xd6\x95\x45\xe6\xb0\x27\xee\x0b\xcc\x83\
\x9e\x9d\xda\x1e\xd3\xd7\xcd\x1c\xbb\xc6\xf1\x91\xd6\x61\x2c\x85\
\x9c\xc8\xf6\xc7\x0e\x19\xa8\x3d\x1d\xcd\xd3\x24\x7f\x82\x63\x67\
\xfb\x81\xfd\x72\xdc\xa7\x5f\x9b\xdc\xfe\x89\xb0\x57\x61\xfb\x85\
\x3c\x3c\xcf\x61\x7f\x0f\xe7\x01\x7b\x7f\xc3\x9f\xaf\x09\xfb\x3c\
\xef\x9e\x64\x5b\xed\xd8\x5f\x95\x6c\x67\xee\x0e\x62\xcc\x69\x2b\
\xfa\x87\xbd\x0e\x1f\x26\x84\x35\xc0\xfe\xb8\xe0\x90\xd5\x27\xec\
\xd7\x80\xf9\xde\xb6\x66\x6c\xfb\x25\xf6\xf7\x52\x56\x1f\xb4\xc9\
\xa7\xf7\xb4\xe9\x8f\x0e\x39\x74\x54\x85\x3d\x8d\x7a\xbd\x5f\x98\
\x3b\x2e\xc4\xfd\x47\xc2\xeb\x0e\x5f\xcf\x69\x53\x6b\xa2\x9a\x83\
\x7f\xa7\xca\x73\x34\x6f\x80\x6d\xff\x9b\xdf\x47\x7d\x39\x6a\xfb\
\x00\xae\x30\x67\xec\x75\xf8\x98\xa0\x63\xf3\xc0\xfb\x07\x82\x9f\
\xe0\x7c\x8f\x25\xb3\x97\x6d\xdd\xb0\xe6\x6f\xf0\x73\xef\x3a\xb0\
\xed\x73\x96\x4d\x01\xfb\x70\xc8\x9a\x8b\xbc\x74\x5a\xd0\x05\x9e\
\x1c\xe4\x39\x8a\xf7\x8b\x5d\x43\x16\x1d\xdc\x1c\x67\xdf\x5c\xb5\
\xdf\xc9\xa5\x18\x67\xa4\x1c\x09\xa0\xdf\x1e\xb0\xde\xc1\x5e\xf8\
\x5c\xd8\x07\x17\xb1\x06\xcc\x85\x8f\x04\x99\x53\x0e\x1b\x8e\x68\
\x93\x5f\x5d\x36\x88\x5c\x12\x38\x63\x03\xcf\xbf\xd4\x42\x4d\xa4\
\x67\x87\x05\x7d\xe8\x91\xf6\x6a\x53\x37\x16\x05\x1b\x06\x6c\x39\
\x2c\x4b\x33\x57\xa5\xda\x1c\xe7\xd2\x54\xb4\x0e\x0e\xce\x48\xb6\
\x0f\x79\x74\xfe\x64\xbd\x83\x5e\x10\x75\xf4\x4d\xdd\xde\x57\xde\
\x91\xe4\x58\x32\x0f\xb0\x4c\x97\x4d\x58\xe3\xcb\xda\xf4\xae\x3e\
\xce\xc0\xf6\x4f\xa5\xb8\x5b\xfa\x2e\x0a\xef\x22\xc7\x4e\x0a\xcf\
\xcf\x25\xd9\xcf\x32\xc1\xa5\xe5\x04\x2e\xd5\x3c\x9c\x69\xba\x38\
\x23\xe8\x3a\xa6\xdb\xf7\x1d\xf2\xd0\x75\xeb\x19\xe6\x1c\x49\x69\
\xbf\x66\x1f\xec\xb5\x4d\x03\x2f\x67\x04\x5d\x23\x82\x1e\xe4\xcc\
\xbb\xd6\x33\x9c\xb5\x0f\xa6\x91\x19\x93\x0d\x2e\xad\x78\xd6\x21\
\x17\x67\x2c\x1d\x83\xba\x3d\xc7\xc3\x56\x7b\xef\xc2\xc7\x91\x2c\
\xf6\xb3\x7c\xec\x69\x5f\x5e\x4a\xcc\x33\x09\xf2\x91\x6b\xee\x5b\
\xb2\x36\x98\xbf\xf1\x67\xa8\xb9\xc3\x39\xec\x07\x97\x4e\x69\xd3\
\x0f\xf8\xec\x7f\x98\x53\x3e\xec\xbf\xd7\x41\xfb\x93\x6a\x53\x7c\
\x4f\x23\x2f\x65\xed\x97\x5c\xf6\x3f\xdc\x29\x7f\x74\x72\x6d\x92\
\x72\x2b\xea\x43\xea\x73\xa1\x87\x3f\x0b\x3b\xd9\xbf\x3a\xb9\x36\
\xb9\xf0\x9f\x1a\x97\x42\x8f\xb4\x7f\x71\x46\xb8\x66\x3d\xcb\x92\
\x3f\x93\x38\x83\xf5\x58\xf7\xfc\x7f\x6a\x2e\x69\x93\x3f\xed\x9a\
\x0f\x7f\x26\x04\xb9\x62\xef\x23\xc4\xdd\xc7\x99\xa8\x36\xe1\x1e\
\x20\xa9\x5f\x4a\xe4\x92\x36\x67\xc7\x2d\xeb\x5d\xd4\x2f\xa9\x7f\
\xb8\x9b\xc2\xf6\x54\xfd\x8c\xce\xd1\x2f\x39\x74\x5e\x16\xde\x9b\
\xd4\xd9\xfb\xb7\x34\x9c\xb9\xa5\xad\xfc\xae\x93\x6b\x9c\x93\x4b\
\xda\xf4\xd0\xb6\xff\x51\xff\xe6\xea\x9f\xa7\x1d\xf6\xe3\xce\xd9\
\x75\xd7\xec\xed\x67\x74\x72\x8d\xc3\x19\xa4\xed\x0e\x97\x9e\xbd\
\x25\xbc\x83\x18\x22\x27\x45\xe7\x17\xfb\xdc\x8e\xbe\x4b\x3a\xbf\
\x0c\xb1\x8d\x36\xef\x13\xfb\x19\xe6\x12\xfa\xb0\x55\xc1\x76\xd7\
\x79\x0f\xb1\xff\xc2\x9a\x8b\xf8\x7d\xa8\xf9\x0c\xa9\xcd\xdd\xb2\
\x5d\x07\xb6\x78\x4e\xdb\x3d\x15\xcf\xbf\x15\xf3\x21\x53\x3f\xa3\
\xcd\x1d\xd3\x6a\x2c\xa6\x4f\x78\x5d\x6d\xdb\xbb\x39\xb6\xf6\xf9\
\x11\x35\x76\xc4\x9a\x7b\x56\x88\x89\x78\x7e\x8f\xf9\x30\xcf\x71\
\x9b\x4f\x6b\x7b\xec\xfd\x63\xcc\xa5\x06\xeb\x96\x78\x8f\xf3\xfb\
\x37\x02\x77\x6e\x46\xb1\x8f\xcd\x7d\x81\xf0\xb3\x35\x0f\xef\xdd\
\xd1\x8e\x3b\x2f\x96\xff\xae\xf6\xdc\x29\x79\xec\x8f\xf2\xd2\x19\
\x69\x8d\x79\xce\x55\xdd\xbe\xd7\x1a\x2e\x7d\xda\xe4\xea\x4d\x61\
\x1d\x50\xe3\x3a\x7e\xf7\x16\xb3\xc3\x77\x7f\x75\xde\xf3\x5e\x74\
\x7f\x68\xfb\xbc\xc9\x7b\xe1\x79\xdc\x1f\xf6\xf2\x9a\x4a\xf7\x87\
\x5f\x11\x06\x3d\xef\x46\xf9\x7d\x49\x58\x83\x4d\x5e\x87\x4e\xdf\
\xdf\x4e\xb2\xed\x76\xec\xd7\x78\xcf\x24\xea\xa7\x39\xfb\xb5\xe9\
\xe3\xa4\x1c\xdd\xa9\xfb\x73\xe8\xbc\x2e\xd8\x0d\x20\xb7\x9f\xc8\
\x28\x73\x4c\xfb\xbf\x5f\x9c\xcf\x9a\x73\x1c\x7a\xfa\x98\xeb\xc8\
\xdf\xd2\x37\x2a\xe4\xd6\x69\x70\x23\xa3\x5c\xec\xa1\x93\x3a\xf9\
\xfb\xd1\x44\x9e\x7d\xc1\x3c\x1f\xe3\xfc\x26\xdd\x79\x47\x71\xcf\
\x74\x4e\x10\xf4\xa0\x6f\x59\x76\xc4\x26\xbe\x37\xf0\x7d\x12\x77\
\x8b\x87\xf5\xb3\xef\x77\xfb\x18\xe0\x06\x6a\x16\xbe\xed\xe1\x8c\
\x89\x7e\x65\xdd\x23\x2f\x60\xfe\x1e\xcf\x6b\xb7\xe5\x03\x74\xa3\
\xde\xa6\xf9\x7e\x8a\x98\xe1\x2e\xb6\xc6\x9c\x00\x96\x98\x73\xe0\
\x42\xd2\x19\x0d\x75\x1f\x77\x22\xa9\xce\x20\x29\xed\x8f\xea\xed\
\x29\x0f\x9f\x76\x03\xf0\x1d\x77\xa7\xbb\xfa\xfd\xda\xf2\xa5\x9f\
\x75\xd4\x98\x37\x59\xcf\x8d\x36\xd0\x7f\xa0\x8f\xc0\xb7\xb5\xb6\
\x7e\xb1\x53\xbf\xb4\xe9\x5d\x27\x99\x57\xd8\x1f\x79\x7e\x7e\x03\
\x7d\xe5\x34\xef\x8f\xff\xeb\xe7\x50\xd0\x37\xa1\xe6\xe1\x7c\x87\
\x9c\x3a\xc7\x6b\x83\xfe\xb2\xce\xfb\x14\x7d\x15\x7e\x7e\x00\x7d\
\x1e\xce\x28\xe8\x53\x46\x98\x93\x3b\xb2\x3b\x0c\x1b\xa5\x30\xc4\
\xc8\x08\x94\x2a\x63\x6c\x28\x55\xc2\x58\x53\xaa\x80\xb1\x5a\x6e\
\x76\x61\xc4\x2c\x1a\x5b\x85\x30\xac\xcd\x28\x15\x14\xc3\xb0\x5e\
\x51\xaa\x59\x0e\xc3\x66\x59\xa9\x46\x25\x0c\x83\x92\x19\x5b\x34\
\xd6\x67\x66\x5a\x57\x8a\x34\xb6\x2a\x41\xa5\xa0\xd4\xa3\xa0\xdc\
\x2c\xcf\xd2\xd8\x2c\x35\x4a\x34\xce\x36\x8b\xf5\xd2\x23\x1a\x83\
\x42\xad\x8c\xb1\xd5\x55\xad\xfc\xa6\xd4\x0d\xd2\x31\x53\x57\xaa\
\x18\x56\x55\xb8\x3d\xd6\xba\xcc\x58\x2f\x98\xb1\x51\xe4\x7f\xf3\
\x58\xe3\xe7\x55\x9e\xa7\xb6\xdf\xbb\xd1\x52\x55\xc8\x99\x0d\xba\
\x6a\x90\x3b\xdb\x2c\xd4\xb7\xf5\x34\x8b\x0d\xe8\x25\x3b\x8c\x3d\
\x41\x39\xa8\xcc\x6e\xdb\xd9\x9a\x29\xc0\x6e\xb2\xbf\xf8\xcc\x8f\
\xc8\xaf\x66\xc9\xf8\x19\xf9\x1d\xc5\x21\x8a\xcb\xbf\x71\x8a\xe2\
\x16\xc5\x91\xe2\x5a\x89\xc7\x99\xe3\xfe\x0f\x04\x30\xfc\x73\
\x00\x00\x3e\x21\
\x89\
\x50\x4e\x47\x0d\x0a\x1a\x0a\x00\x00\x00\x0d\x49\x48\x44\x52\x00\
\x00\x02\x00\x00\x00\x02\x00\x08\x06\x00\x00\x00\xf4\x78\xd4\xfa\
\x00\x00\x00\x04\x73\x42\x49\x54\x08\x08\x08\x08\x7c\x08\x64\x88\
\x00\x00\x00\x09\x70\x48\x59\x73\x00\x00\x0e\xc4\x00\x00\x0e\xc4\
\x01\x95\x2b\x0e\x1b\x00\x00\x00\x19\x74\x45\x58\x74\x53\x6f\x66\
\x74\x77\x61\x72\x65\x00\x77\x77\x77\x2e\x69\x6e\x6b\x73\x63\x61\
\x70\x65\x2e\x6f\x72\x67\x9b\xee\x3c\x1a\x00\x00\x20\x00\x49\x44\
\x41\x54\x78\x9c\xed\xdd\x79\x9c\x55\xd5\x9d\xef\xfd\xef\x3e\x87\
\x82\xaa\x62\x28\x86\x62\x10\x90\x59\x50\x26\x41\x41\xc5\x21\xe2\
\x80\x8a\x13\xc6\x39\x53\xc7\x98\x84\x28\x48\x8c\x69\x6f\x6e\x77\
\xf2\xba\xcf\x43\xf7\xd3\xb9\xb7\x3b\x9d\x4e\x5a\x99\x0c\xd1\x44\
\x33\x19\x83\x1a\x27\x14\xc5\x01\x51\xa2\x88\x22\x0a\x32\x46\x64\
\x54\x8b\x02\x8a\xb1\xaa\xa8\xa2\xce\x7e\xfe\x58\xd6\x05\x15\xb0\
\x86\xb3\x86\x7d\xce\xe7\xfd\x7a\xd5\x4b\x8d\xed\xfa\xfd\x6c\xeb\
\xec\xfd\x3d\x6b\xef\xb5\x96\x04\x00\x00\x00\x00\x00\x00\x00\x00\
\x00\x00\x00\x00\x00\x00\x00\x00\x00\x00\x00\x00\x00\x00\x00\x00\
\x00\x00\x00\x00\x00\x00\x00\x00\x00\x00\x00\x00\x00\x00\x00\x00\
\x00\x00\x00\x00\x00\x00\x00\x00\x00\x00\x00\x00\x00\x00\x00\x00\
\x00\x00\x40\x6e\x8a\x7c\x37\x90\xab\xe2\xa9\x53\x5b\xa8\xbc\xbc\
\x9f\xe2\xb8\x8f\x52\xa9\x3e\x8a\xe3\x3e\x8a\xa2\x1e\x92\x3a\x29\
\x93\xe9\x24\xa9\x93\xa2\xa8\x93\xcc\x7f\x83\xb4\xa4\x76\x5e\x1b\
\x06\x00\x77\xf6\x48\xaa\x93\x14\x2b\x8e\x77\x48\xda\xa1\x54\xca\
\xfc\x31\x8e\xb7\x2a\x8a\x36\x28\x93\xd9\xa0\x28\xda\xa0\xce\x9d\
\xd7\x47\x53\xa7\x1e\xf4\xdb\x6e\x6e\x22\x00\x64\x41\x7c\xc7\x1d\
\x45\x3a\x78\x70\x94\xea\xea\x4e\x53\x2a\x35\x5c\x99\xcc\x30\x45\
\xd1\x10\x49\x2d\x7d\xf7\x06\x00\x09\x77\x40\x71\xbc\x52\xa9\xd4\
\x72\x65\x32\xef\x4a\x5a\xac\x56\xad\xde\x8a\x7e\xf9\xcb\x2a\xdf\
\x8d\x25\x1d\x01\xa0\x09\xe2\x3b\xee\x28\xd2\x81\x03\xe7\x2a\x8a\
\xc6\x29\x8e\xcf\x54\x14\x9d\x2a\xa9\xc0\x77\x5f\x00\x90\x27\x6a\
\x14\xc7\x4b\x15\x45\x8b\x14\xc7\xcf\xa9\xb2\x72\x61\x74\xff\xfd\
\xd5\xbe\x9b\x4a\x1a\x02\x40\x03\xc5\x13\x27\x1e\xa7\x82\x82\xab\
\x25\x5d\x2e\xe9\x5c\x49\x45\x9e\x5b\x02\x00\x18\x95\x92\x16\x28\
\x8e\xe7\x4a\x7a\x34\x9a\x39\xf3\x63\xdf\x0d\x25\x01\x01\xe0\x18\
\xe2\x89\x13\x4b\xd5\xa2\xc5\xf5\x4a\xa5\xae\x57\x1c\x9f\x23\x29\
\xe5\xbb\x27\x00\xc0\x31\xd5\x49\x7a\x45\xd2\x5f\x24\xfd\x25\x9a\
\x31\x63\x87\xe7\x7e\x82\x45\x00\xf8\x8c\x78\xea\xd4\x94\xb6\x6d\
\x3b\x53\x51\xf4\x0d\x49\xdf\x10\xdf\xf4\x01\x20\xa9\x6a\x24\x3d\
\xae\x54\x6a\xb6\xa6\x4d\x7b\x21\x92\x62\xdf\x0d\x85\x84\x00\xf0\
\x89\xf8\xe6\x9b\xdb\xaa\xb8\xf8\x66\xc5\xf1\x14\x49\xfd\x7d\xf7\
\x03\x00\xc8\xaa\xbf\x4b\x9a\xa6\x38\xfe\x4d\x34\x73\xe6\x3e\xdf\
\xcd\x84\x20\xef\x03\x40\x7c\xdb\x6d\xdd\x95\xc9\xdc\xae\x28\x9a\
\x28\xa9\xbd\xef\x7e\x00\x00\x56\x55\x48\x9a\xad\xda\xda\xbb\xa2\
\xd9\xb3\x3f\xf2\xdd\x8c\x4f\x79\x1b\x00\xe2\x89\x13\x4b\x55\x50\
\x70\xa7\xa4\xef\x8b\x69\x7e\x00\xc8\x37\x35\x92\xee\x57\x6d\xed\
\xd4\x7c\x0d\x02\x79\x17\x00\xe2\x89\x13\x4b\x54\x50\xf0\xcf\x92\
\x6e\x93\xd4\xda\x77\x3f\x00\x00\xaf\xf6\x49\x9a\xa6\x54\xea\xdf\
\xa3\x69\xd3\xf6\xf8\x6e\xc6\xa5\xbc\x09\x00\x9f\xbc\xdc\xf7\x75\
\x45\xd1\xcf\x24\x75\xf5\xdd\x0f\x00\x20\x28\x3b\x14\x45\xff\x9f\
\xca\xca\xa6\x47\x73\xe6\xd4\xf9\x6e\xc6\x85\xbc\x08\x00\xf1\xe4\
\xc9\x63\x24\xcd\x92\x74\xb2\xef\x5e\x00\x00\x41\x5b\xaa\x54\xea\
\xd6\x68\xda\xb4\x37\x7c\x37\x62\x5b\x4e\x07\x80\x78\xe2\xc4\x62\
\x15\x14\xfc\x3f\x92\xee\x94\xd9\x6f\x1f\x00\x80\x2f\x92\x91\x74\
\xaf\xaa\xaa\xee\x8c\x7e\xf3\x9b\xbd\xbe\x9b\xb1\x25\x67\x03\x40\
\x3c\x79\xf2\x38\x49\xf7\x4a\xea\xe5\xbb\x17\x00\x40\x22\x6d\x90\
\xf4\x9d\x68\xc6\x8c\x17\x7c\x37\x62\x43\xce\x05\x80\x78\xca\x94\
\x56\xca\x64\xfe\x45\xd2\xff\x10\x3b\xf7\x01\x00\x9a\x27\x96\x79\
\x49\xf0\x47\xd1\xb4\x69\x07\x7c\x37\x93\x4d\x39\x15\x00\xe2\x29\
\x53\x06\x2b\x93\x79\x50\xd2\x70\xdf\xbd\x00\x00\x72\xca\x32\x45\
\xd1\x57\xa2\xe9\xd3\x57\xfb\x6e\x24\x5b\x72\xe6\x1b\x72\x3c\x79\
\xf2\x04\x65\x32\xaf\x89\x9b\x3f\x00\x20\xfb\x46\x28\x8e\x97\xc4\
\xb7\xdd\x76\x9d\xef\x46\xb2\x25\xf1\x33\x00\xf1\xd4\xa9\x2d\x54\
\x5e\xfe\x6f\x92\x7e\xa4\x1c\xf8\xf7\x01\x00\x04\xcd\x3c\x12\xa8\
\xad\xbd\x33\x9a\x3d\xbb\xd6\x77\x33\xcd\x91\xe8\x1b\x66\x3c\x69\
\x52\x1b\x45\xd1\x43\x92\x2e\xf5\xdd\x0b\x00\x20\xaf\xcc\x57\x6d\
\xed\x75\xd1\xec\xd9\xbb\x7d\x37\xd2\x54\x89\x0d\x00\xf1\x6d\xb7\
\x75\xff\xe4\xec\xe7\x11\xbe\x7b\x01\x00\xe4\xa1\x28\x5a\xa1\x74\
\xfa\xb2\xe8\xae\xbb\x36\xf9\x6e\xa5\x29\x12\x19\x00\xe2\x29\x53\
\x4e\x56\x26\xf3\xb4\xa4\xee\xbe\x7b\x01\x00\xe4\xb5\xad\xaa\xab\
\xbb\x24\xba\xe7\x9e\x15\xbe\x1b\x69\xac\xc4\x05\x80\xf8\xd6\x5b\
\x4f\x55\x2a\xf5\xac\xa4\x4e\xbe\x7b\x01\x00\x40\xe6\x84\xc1\xf1\
\xd1\x8c\x19\x8b\x7d\x37\xd2\x18\x89\x5a\x05\x10\x4f\x9a\x74\xb6\
\x52\xa9\x17\xc5\xcd\x1f\x00\x10\x8e\x0e\x92\x9e\x8f\x27\x4d\x3a\
\xcf\x77\x23\x8d\x91\x98\x19\x80\x78\xca\x94\x73\x94\xc9\x3c\x23\
\x4e\xf0\x03\x00\x84\x69\xbf\xe2\xf8\x92\x68\xe6\xcc\x57\x7d\x37\
\xd2\x10\x89\x08\x00\xf1\x94\x29\x23\x95\xc9\xbc\x20\x93\xb2\x00\
\x00\x08\xd5\x1e\xc5\xf1\x85\xd1\xcc\x99\x4b\x7c\x37\xf2\x45\x82\
\x0f\x00\x9f\xbc\xf0\xf7\xa2\xa4\x8e\xbe\x7b\x01\x00\xa0\x01\x76\
\xa8\xae\x6e\x6c\xe8\x2f\x06\x06\x1d\x00\xe2\x5b\x6e\xe9\xa1\x74\
\xfa\x75\x49\x3d\x7d\xf7\x02\x00\x40\x23\x7c\xa8\x38\x3e\x23\x9a\
\x39\x73\xb3\xef\x46\x8e\x26\xd8\x97\x00\xe3\x9b\x6f\x6e\xab\x74\
\x7a\xae\xb8\xf9\x03\x00\x92\xa7\xbb\x52\xa9\xa7\xe3\x89\x13\x4b\
\x7c\x37\x72\x34\x41\x06\x80\x78\xea\xd4\x16\x2a\x2e\x7e\x58\xd2\
\xc9\xbe\x7b\x01\x00\xa0\x49\xe2\x78\xa8\x5a\xb4\x78\x30\xbe\xee\
\xba\xb4\xef\x56\x8e\x24\xc8\x00\xa0\xed\xdb\x7f\xa6\x38\xbe\xc8\
\x77\x1b\x00\x00\x34\x4b\x14\x8d\x57\x97\x2e\x3f\xf5\xdd\xc6\x91\
\x04\xf7\x0e\x40\x3c\x79\xf2\x97\x25\x3d\xa2\x00\x7b\x03\x00\xa0\
\x09\x62\x45\xd1\x0d\xd1\xf4\xe9\x73\x7c\x37\x72\xb8\xa0\x6e\xb2\
\xf1\xe4\xc9\x43\x24\xbd\x2e\xa9\x8d\xef\x5e\x00\x00\xc8\xa2\xbd\
\xca\x64\x46\x47\xb3\x66\xad\xf1\xdd\x48\xbd\x60\x1e\x01\xc4\x53\
\xa6\xb4\x92\xf4\x47\x71\xf3\x07\x00\xe4\x9e\xb6\x8a\xa2\x07\xe3\
\xa9\x53\x5b\xfa\x6e\xa4\x5e\x30\x01\x40\x99\xcc\xbf\x8b\x97\xfe\
\x00\x00\xb9\x2a\x8a\x46\xaa\xbc\xfc\xdf\x7c\xb7\x51\x2f\x88\x47\
\x00\xf1\xe4\xc9\xe3\x24\x3d\xab\x40\xfa\x01\x00\xc0\x92\x8c\xa2\
\x68\x5c\x34\x7d\xfa\x8b\xbe\x1b\xf1\x7e\xc3\x8d\xef\xbc\xb3\xb5\
\xaa\xaa\x96\x4b\xea\xeb\xbb\x17\x00\x00\x1c\xd8\xa8\x38\x1e\x1a\
\xcd\x9c\xb9\xcf\x67\x13\xfe\x1f\x01\x54\x57\xff\xbb\xb8\xf9\x03\
\x00\xf2\x47\x6f\xa5\x52\xff\xea\xbb\x09\xaf\x33\x00\xf1\xe4\xc9\
\xa7\x4b\x5a\x24\x29\xc8\x4d\x12\x00\x00\xb0\x24\x23\xe9\xec\x68\
\xc6\x8c\xd7\x7c\x35\xe0\x6d\x06\xe0\x93\x9d\x91\x7e\x25\x6e\xfe\
\x00\x80\xfc\x93\x52\x14\x4d\x8b\xa7\x4e\xf5\x76\x1f\xf6\xf7\x08\
\xa0\x73\xe7\xef\x88\xb7\xfe\x01\x00\xf9\x2a\x8e\x4f\xd5\xf6\xed\
\xdf\xf4\x55\xde\xcb\x23\x80\xf8\xe6\x9b\xdb\xaa\xa8\x68\xad\xa4\
\x6e\x3e\xea\x03\x00\x10\x88\x32\xa5\x52\x03\xa3\x69\xd3\xf6\xb8\
\x2e\xec\x67\x06\xa0\xa8\xe8\x27\xe2\xe6\x0f\x00\x40\x57\x65\x32\
\xff\xc3\x47\x61\xe7\x33\x00\xf1\x94\x29\x9d\x95\xc9\xac\x17\x3b\
\xfe\x01\x00\x20\x49\xfb\x54\x57\xd7\x3f\xba\xe7\x9e\x6d\x2e\x8b\
\xba\x9f\x01\xa8\xab\xfb\x89\xb8\xf9\x03\x00\x50\xaf\x8d\xd2\xe9\
\x3b\x5d\x17\x75\x3a\x03\x10\xdf\x72\x4b\x0f\xa5\xd3\x7f\x97\x54\
\xe8\xb2\x2e\x00\x00\x81\xab\x54\x1c\xf7\x8f\x66\xce\xfc\xd8\x55\
\x41\xb7\x33\x00\xe9\xf4\xed\xe2\xe6\x0f\x00\xc0\x67\x15\x2b\x8a\
\xa6\xb8\x2c\xe8\x6c\x06\xe0\x93\x37\xff\x37\x49\x6a\xef\xaa\x26\
\x00\x00\x09\x52\xa1\x38\xee\xe5\x6a\x8b\x60\x77\x33\x00\x45\x45\
\xdf\x16\x37\x7f\x00\x00\x8e\xa6\x83\xa4\x9b\x5c\x15\x73\x12\x00\
\x3e\xd9\xe9\xe8\x36\x17\xb5\x00\x00\x48\xac\x28\xba\x3d\x76\x34\
\x3b\xef\x66\x06\x60\xc7\x8e\xf3\x25\xf5\x77\x52\x0b\x00\x80\xe4\
\x1a\xa0\x49\x93\xc6\xba\x28\xe4\x26\x00\x64\x32\xdf\x75\x52\x07\
\x00\x80\xa4\x8b\xa2\xef\x38\x29\x63\xbb\x40\x3c\x71\x62\xa9\x0a\
\x0a\xb6\x48\x6a\x65\xbb\x16\x00\x00\x39\xa0\x5a\x2d\x5b\xf6\x88\
\x7e\xf9\xcb\x9d\x36\x8b\xd8\x9f\x01\x28\x28\xb8\x41\xdc\xfc\x01\
\x00\x68\xa8\x42\xd5\xd6\x5e\x6b\xbb\x88\x8b\x47\x00\xd7\x3b\xa8\
\x01\x00\x40\xee\x88\x63\xeb\xf7\x4e\xab\x8f\x00\xe2\x49\x93\xba\
\x29\x8a\xb6\x48\x4a\xdb\xac\x03\x00\x40\x8e\xa9\x53\x8b\x16\x3d\
\xa2\xbb\xee\x2a\xb3\x55\xc0\xf6\x0c\xc0\xb5\xe2\xe6\x0f\x00\x40\
\x63\xa5\x55\x57\xf7\x65\x9b\x05\xec\x06\x80\x28\xba\xcc\xea\xf8\
\x00\x00\xe4\xaa\x38\x1e\x6f\x73\x78\x6b\x8f\x00\xe2\x9b\x6e\x2a\
\x54\xeb\xd6\x3b\x24\x15\xdb\xaa\x01\x00\x40\x0e\xdb\xaf\x54\xaa\
\x53\x34\x6d\xda\x01\x1b\x83\xdb\x9b\x01\x28\x2e\x1e\x2b\x6e\xfe\
\x00\x00\x34\x55\x6b\x65\x32\x67\xdb\x1a\xdc\x5e\x00\x88\xa2\x71\
\xd6\xc6\x06\x00\x20\x3f\x58\xbb\x97\xda\x7c\x07\xc0\x5a\x6a\x01\
\x00\x20\x4f\x58\xbb\x97\x5a\x79\x07\x20\xbe\xe3\x8e\x22\xd5\xd4\
\xec\x92\xd4\xd2\xc6\xf8\x00\x00\xe4\x89\x03\xda\xbf\xbf\x7d\x74\
\xff\xfd\xd5\xd9\x1e\xd8\xce\x0c\x40\x4d\xcd\x68\x71\xf3\x07\x00\
\xa0\xb9\x5a\xa9\xb8\xf8\x14\x1b\x03\xdb\x09\x00\x71\x3c\xda\xca\
\xb8\x00\x00\xe4\x9f\xd3\x6d\x0c\xda\xc2\xc6\xa0\x8a\xa2\x93\xad\
\x8c\x0b\xa0\xe9\x3a\x74\x90\x86\x0f\x97\x86\x0e\x95\x3a\x76\x34\
\x7f\x2d\x49\x15\x15\xd2\xce\x9d\xd2\x8a\x15\xd2\xbb\xef\x9a\xbf\
\x06\x10\x8e\x28\x1a\x66\x63\x58\x3b\x01\x40\x1a\x6e\x69\x5c\x00\
\x8d\xd5\xbe\xbd\x34\x7e\xbc\x34\x66\x8c\x94\x3a\xc2\xa4\x5f\xd7\
\xae\xe6\xe7\xa4\x93\xa4\x6b\xaf\x95\x96\x2d\x93\x1e\x7b\x4c\xda\
\xb1\xc3\x7d\xaf\x00\x3e\x2f\x8a\xac\xdc\x53\xb3\xfe\x12\x60\x3c\
\x75\x6a\x0b\x95\x97\xef\x13\x27\x00\x02\xfe\x0d\x1f\x2e\x7d\xf3\
\x9b\x52\xab\x46\x7e\x1c\xab\xab\xa5\x07\x1e\x90\x96\x2f\xb7\xd3\
\x17\x80\xc6\xa8\xd2\xb6\x6d\x6d\xa3\x39\x73\xea\xb2\x39\x68\xf6\
\xdf\x01\x28\x2f\xef\x27\x6e\xfe\x80\x7f\x63\xc7\x4a\xdf\xfd\x6e\
\xe3\x6f\xfe\x92\x54\x58\x28\x4d\x9c\x68\xc6\x00\xe0\x5b\x91\x4a\
\x4b\x7b\x67\x7b\xd0\xec\x07\x80\x28\xea\x9b\xf5\x31\x01\x34\xce\
\xf0\xe1\xd2\x35\xd7\x48\x51\x33\x26\xf9\xa2\xc8\x8c\x31\xcc\xca\
\xe3\x47\x00\x8d\x91\x4e\xf7\xc9\xf6\x90\xd9\x0f\x00\x99\x4c\x9f\
\xac\x8f\x09\xa0\xe1\xda\xb7\x37\xd3\xfe\xcd\xb9\xf9\xd7\x8b\x22\
\x33\x56\x49\x49\xf3\xc7\x02\xd0\x1c\x59\xff\x72\x6d\x63\x06\x20\
\xeb\xd3\x14\x00\x1a\xe1\xf2\xcb\x9b\x36\xed\x7f\x34\x85\x85\xd2\
\x65\x1c\xec\x09\x78\x15\xc7\x7d\xb2\x3d\xa4\x8d\x00\xd0\x23\xeb\
\x63\x02\x68\x98\x0e\x1d\xa4\xd3\x4e\xcb\xfe\xb8\x67\x9c\x61\x66\
\x16\x00\xf8\xd2\x33\xdb\x03\x66\x3f\x00\xc4\x71\x69\xd6\xc7\x04\
\xd0\x30\x27\x9f\x7c\xe4\xa5\x7e\xcd\x95\x4a\x99\xf7\x0a\x00\xf8\
\xd2\x29\xdb\x03\xda\xd8\x09\x30\xeb\x4d\x02\x68\xa0\xc1\x83\xed\
\x8d\x3d\x64\x88\xbd\xb1\x01\x7c\x91\x44\x04\x00\x66\x00\x00\x5f\
\x3a\x77\xb6\x37\x76\x29\x1f\x6d\xc0\xa3\xac\x7f\x00\x6d\x04\x80\
\x36\x16\xc6\x04\xd0\x10\xed\xda\xd9\x1b\x9b\x77\x00\x00\x9f\xb2\
\xfe\xe1\xb6\x11\x00\xd8\x04\x08\xf0\x25\x9b\x6f\xff\xbb\x1c\x1b\
\xc0\x17\xc9\xfa\x09\xbb\x36\x02\x00\xc7\x00\x03\x00\x90\x5d\x59\
\x4f\xe0\x04\x00\x00\x00\xc2\x97\x88\x19\x00\x5b\x27\x0c\x02\x00\
\x90\xaf\x0a\xb2\x3d\xa0\x8d\x00\x00\x00\x00\x02\x47\x00\x00\x00\
\x20\x0f\x11\x00\x00\x00\xc8\x43\x04\x00\x00\x00\xf2\x10\x01\x00\
\x00\x80\x3c\x44\x00\x00\x00\x20\x0f\x11\x00\x00\x00\xc8\x43\x04\
\x00\x00\x00\xf2\x10\x01\x00\x00\x80\x3c\x44\x00\x00\x00\x20\x0f\
\xb1\x6d\x2f\x50\xaf\x4d\x1b\xa9\x43\x07\xa9\x6d\x5b\xa9\xb6\x56\
\xda\xb3\x47\xda\xbe\x5d\xaa\xab\xf3\xdd\x19\x9a\x22\x95\x92\x3a\
\x75\x92\x4a\x4a\xcc\x49\x86\x7b\xf7\x4a\x15\x15\xe6\x8f\x00\x08\
\x00\xc8\x73\x25\x25\xd2\x59\x67\x49\x43\x87\x4a\xc7\x1f\x2f\x45\
\xd1\xa7\xff\x7e\x75\xb5\xb4\x6a\x95\xb4\x64\x89\xb4\x7c\xb9\x14\
\xc7\x7e\xfa\x44\xc3\x0d\x1e\x2c\x9d\x76\x9a\x34\x64\x88\x54\x54\
\xf4\xf9\xbf\xbf\x75\xab\xb4\x62\x85\xb4\x68\x91\xb4\x73\xa7\xfb\
\xfe\x80\x40\x10\x00\x90\x9f\xba\x76\x95\x2e\xbc\x50\x1a\x3d\x5a\
\x6a\x71\x8c\x8f\x41\x61\xa1\x34\x72\xa4\xf9\xd9\xb4\x49\x7a\xf8\
\x61\x69\xfd\x7a\x77\x7d\xa2\xe1\x7a\xf5\x92\xae\xbd\x56\xea\xd7\
\xef\xd8\xff\x77\x3d\x7a\x98\x9f\x71\xe3\xa4\xb7\xde\x92\x9e\x7f\
\xde\x84\x02\x20\xcf\x10\x00\x90\x5f\x7a\xf5\x92\xc6\x8e\x95\x46\
\x8d\x32\x53\xc4\x8d\xfd\x67\x7f\xf0\x03\xe9\xc9\x27\xa5\xf9\xf3\
\xad\xb4\x87\x26\x1a\x3d\x5a\xfa\xea\x57\xa5\x82\x46\x1c\x98\x96\
\x4a\x99\x7f\x6e\xf4\x68\x13\xea\xe6\xcf\x37\xb3\x3c\x40\x9e\x20\
\x00\x20\x3f\x9c\x74\x92\x34\x7e\xfc\x17\x7f\x3b\xfc\x22\xa9\x94\
\x34\x61\x82\x99\x35\x78\xe6\x99\xec\xf4\x86\xe6\x19\x3b\xd6\x7c\
\xf3\x6f\x8e\x7e\xfd\xa4\xef\x7d\x4f\xda\xb8\x51\x9a\x37\x8f\x20\
\x80\xbc\x40\x00\x40\x6e\x1b\x30\x40\xba\xe2\x0a\xa9\x7f\xff\xec\
\x8e\x7b\xe9\xa5\x52\x59\x99\xb4\x74\x69\x76\xc7\x45\xe3\x0c\x19\
\x22\x5d\x7d\x75\xf6\xc6\xeb\xdd\xfb\x50\x10\x78\xf2\x49\x69\xf5\
\xea\xec\x8d\x0d\x04\x86\x00\x80\xdc\xd4\xbb\xb7\xf9\xc6\x3f\x74\
\xa8\x9d\xf1\xa3\x48\xba\xf1\x46\x69\xcd\x1a\x69\xff\x7e\x3b\x35\
\x70\x6c\x05\x05\xe6\xbf\x41\x63\x1f\xe5\x34\x44\xef\xde\xd2\x6d\
\xb7\x99\x47\x03\x4f\x3d\x25\xad\x5d\x9b\xfd\x1a\x80\x67\x04\x00\
\xe4\x96\xe3\x8e\x93\xae\xbc\x52\x1a\x36\xcc\x7e\xad\xe2\x62\xe9\
\xa2\x8b\xa4\xbf\xfe\xd5\x7e\x2d\x7c\xde\x05\x17\x98\x65\x9b\x36\
\xf5\xeb\x27\x7d\xff\xfb\x66\x25\xc8\xe3\x8f\x4b\x5b\xb6\xd8\xad\
\x07\x38\x44\x00\x40\x6e\x28\x2e\x36\xd3\xf2\x5f\xfa\x92\x9d\x6f\
\x84\x47\x73\xd6\x59\xe6\x1b\x62\x6d\xad\xbb\x9a\x30\x33\x30\xe7\
\x9c\xe3\xae\xde\x49\x27\x49\x27\x9e\x68\x96\x83\x3e\xf6\x98\xd9\
\x23\x02\x48\x38\x02\x00\x92\x2d\x95\x92\xc6\x8c\x31\xcf\xf9\xdb\
\xb4\x71\x5f\xbf\xb0\x50\x1a\x38\x50\x7a\xef\x3d\xf7\xb5\xf3\x59\
\xbf\x7e\x66\x0f\x07\x97\xa2\xc8\xec\x2f\x30\x62\x84\x59\x3a\x38\
\x7f\x3e\xc1\x0f\x89\x46\x00\x40\x72\x0d\x1e\x2c\x5d\x73\x8d\x59\
\xd3\xef\xd3\x09\x27\x10\x00\x5c\x1b\x30\xc0\x5f\xed\x96\x2d\xcd\
\x6c\xd3\x69\xa7\x99\xc7\x3f\xef\xbc\xe3\xaf\x17\xa0\x19\x08\x00\
\x48\x9e\x92\x12\xb3\xec\x6b\xe4\x48\xdf\x9d\x18\xb6\x9f\x43\xe3\
\xf3\x3a\x76\xf4\xdd\x81\x54\x5a\x2a\x7d\xf7\xbb\xd2\xca\x95\xd2\
\x43\x0f\x49\x3b\x76\xf8\xee\x08\x68\x14\x02\x00\x92\xa3\xfe\xb9\
\xef\x95\x57\x9a\xa9\xf7\x50\xb4\x6b\xe7\xbb\x83\xfc\xd3\xb6\xad\
\xef\x0e\x0e\x19\x3c\x58\xfa\xc9\x4f\xa4\xb9\x73\xa5\x97\x5e\x92\
\x32\x19\xdf\x1d\x01\x0d\x42\x00\x40\x32\x74\xef\x2e\x7d\xe5\x2b\
\x52\xdf\xbe\xbe\x3b\xf9\xbc\xaa\x2a\xdf\x1d\xe4\x9f\xea\x6a\xdf\
\x1d\x7c\x5a\xcb\x96\xd2\x97\xbf\x6c\x1e\x0b\xfc\xe9\x4f\x66\x1f\
\x01\x20\x70\x04\x00\x84\x2d\x9d\x36\xeb\xf9\xc7\x8d\x33\x7f\x1e\
\xa2\x7d\xfb\x7c\x77\x90\x7f\x42\x3d\xd1\xaf\x47\x0f\xe9\x1f\xff\
\xd1\xcc\x04\xb0\x3a\x04\x81\x23\x00\x20\x5c\xdd\xba\x49\xdf\xfc\
\xa6\x39\xa5\x2f\x64\x1f\x7c\xe0\xbb\x83\xfc\xb3\x61\x83\xef\x0e\
\x8e\x2e\x95\x32\x7b\x14\x0c\x19\x22\xfd\xee\x77\xe6\x10\x29\x20\
\x40\x0e\x17\x4c\x03\x0d\x14\x45\xe6\x02\xfa\x3f\xff\x67\xf8\x37\
\x7f\x89\xed\x62\x7d\x58\xb3\x26\xfc\x67\xed\xdd\xba\x99\xd9\x80\
\x8b\x2f\x76\xbb\x37\x05\xd0\x40\xfc\x56\x22\x2c\x1d\x3a\x48\x53\
\xa6\x98\xe7\xa9\x8d\x39\xd9\xcd\x97\xf7\xde\x93\x2a\x2a\x7c\x77\
\x91\x7f\x2a\x2b\xa5\x65\xcb\x7c\x77\xf1\xc5\xd2\x69\xb3\x47\xc5\
\x0f\x7f\x28\x75\xee\xec\xbb\x1b\xe0\x53\x08\x00\x08\xc7\xa8\x51\
\xd2\x8f\x7f\x6c\x36\xd6\x49\x8a\x79\xf3\x7c\x77\x90\xbf\x9e\x7d\
\x56\x8a\x63\xdf\x5d\x34\x4c\x9f\x3e\xd2\x3f\xfd\x93\x74\xc6\x19\
\xbe\x3b\x01\xfe\x2f\x02\x00\xfc\x6b\xd1\xc2\xac\xeb\xbf\xe9\x26\
\xa9\xa8\xc8\x77\x37\x0d\xf7\xca\x2b\x3c\xff\xf7\x69\xeb\x56\xe9\
\x85\x17\x7c\x77\xd1\x70\xad\x5a\x49\x5f\xff\xba\xf4\x0f\xff\x60\
\x56\x0d\x00\x9e\xf1\x12\x20\xfc\x2a\x2d\x95\x6e\xbe\x59\xea\xd5\
\xcb\x77\x27\x8d\xb3\x79\xb3\xf4\xe8\xa3\xbe\xbb\xc0\x93\x4f\x9a\
\xa5\xa1\xd9\x3e\xee\xd9\xa6\xd3\x4e\x93\x7a\xf6\x94\xee\xbb\xcf\
\x1c\x29\x0d\x78\xc2\x0c\x00\xfc\x19\x36\x4c\xfa\xd1\x8f\x92\x77\
\xf3\xdf\xb0\x41\x9a\x31\x83\x25\x5e\x21\xa8\xab\x33\xff\x2d\x56\
\xae\xf4\xdd\x49\xe3\x74\xef\x6e\x7e\xf7\x4f\x3d\xd5\x77\x27\xc8\
\x63\x04\x00\xb8\x97\x4a\x49\x57\x5d\x25\x4d\x9c\x68\x4e\xf1\x4b\
\x8a\x4c\x46\x7a\xf9\x65\xe9\xae\xbb\x58\xfb\x1f\x92\x9a\x1a\xe9\
\x57\xbf\x32\x07\xf4\xd4\xd5\xf9\xee\xa6\xe1\x5a\xb5\x92\xbe\xf5\
\x2d\xe9\xba\xeb\xc2\xdd\xe3\x02\x39\x8d\x47\x00\x70\xab\xb0\xd0\
\x4c\xf9\x0f\x1e\xec\xbb\x93\xc6\xe1\x3c\xf8\xb0\xd5\xd5\x99\x63\
\x7a\x5f\x7f\xdd\x1c\x10\x75\xd2\x49\xbe\x3b\x6a\xb8\x73\xcf\x95\
\x8e\x3b\x4e\xba\xf7\x5e\xb3\xba\x01\x70\x84\x00\x00\x77\x4a\x4b\
\xa5\xef\x7d\xcf\x5c\xec\x92\x20\x8e\xcd\x32\xbf\x67\x9e\x61\x6b\
\xd7\xa4\xf8\xf8\x63\xf3\x48\xa0\x47\x0f\xb3\x97\xc4\xa8\x51\xc9\
\x58\x83\x3f\x70\xa0\x79\x24\x70\xcf\x3d\xe6\xdf\x01\x70\x80\x00\
\x00\x37\xfa\xf7\x97\xbe\xf3\x9d\xb0\x0e\x71\x39\x9a\x9a\x1a\x69\
\xc9\x12\x33\xa5\x5c\x5e\xee\xbb\x1b\x34\xc5\xd6\xad\x66\x17\xbe\
\xb9\x73\xa5\xf3\xce\x93\xce\x3c\x33\xfc\x37\xef\x4b\x4b\xa5\x3b\
\xef\x94\x1e\x78\x40\x5a\xbe\xdc\x77\x37\xc8\x03\x04\x00\xd8\x77\
\xd6\x59\xd2\xf5\xd7\x87\xff\x9c\xb3\xb6\xd6\x2c\xed\x7b\xee\x39\
\x9e\xf1\xe7\x8a\x1d\x3b\xa4\x87\x1f\x36\x7b\x06\x8c\x1b\x67\x4e\
\x93\x0c\x79\x83\xa9\xc2\x42\x73\xc4\xf0\xa3\x8f\x4a\x0b\x16\xf8\
\xee\x06\x39\x8e\x00\x00\xbb\xc6\x8d\x93\x26\x4c\xf0\xdd\xc5\xb1\
\xd5\xd5\x99\x67\xc7\xcf\x3c\x23\xed\xda\xe5\xbb\x1b\xd8\xb0\x77\
\xaf\xb9\xa9\xce\x9f\x2f\x9d\x7f\xbe\x34\x76\x6c\xb8\x41\x20\x95\
\x32\xfb\x62\x94\x96\x4a\x8f\x3c\x92\x9c\xcd\x8e\x90\x38\x04\x00\
\xd8\x91\x4a\x49\x37\xdc\x60\xbe\xfd\x87\x2a\x8e\xa5\xc5\x8b\xa5\
\xa7\x9f\x96\x76\xee\xf4\xdd\x0d\x5c\xd8\xbb\xd7\xbc\xcc\xf9\xea\
\xab\xd2\xa5\x97\x9a\x35\xf9\x51\xe4\xbb\xab\x23\x1b\x3b\x56\x6a\
\xdd\x5a\xfa\xc3\x1f\x92\xb5\xba\x01\x89\x41\x00\x40\xf6\xb5\x68\
\x61\x4e\xf1\x1b\x39\xd2\x77\x27\x47\xf7\xc1\x07\xe6\xdb\x55\xc8\
\xa7\xca\xc1\x9e\x1d\x3b\xa4\xdf\xff\xde\x4c\xb3\x5f\x73\x8d\x34\
\x60\x80\xef\x8e\x8e\x6c\xf4\x68\xa9\x5d\x3b\xe9\xd7\xbf\x96\xaa\
\xab\x7d\x77\x83\x1c\x93\x80\xd7\x63\x91\x28\x45\x45\xd2\x6d\xb7\
\x85\x7b\xf3\xaf\xa8\x30\x17\xfe\x5f\xfc\x82\x9b\x3f\xcc\x8e\x8e\
\xff\xfd\xdf\x66\x1f\x81\xed\xdb\x7d\x77\x73\x64\x83\x06\x49\xdf\
\xff\x7e\x32\x5e\xa0\x45\xa2\x30\x03\x80\xec\x69\xd3\xc6\x9c\xe4\
\xd7\xa3\x87\xef\x4e\x3e\xaf\xa6\xc6\x1c\xdc\xf3\xd2\x4b\xec\xe0\
\x87\xcf\x5b\xbe\xdc\x1c\xeb\x7c\xc1\x05\xe6\xf8\xde\xd0\xde\x0f\
\xe8\xd5\x4b\xfa\xc1\x0f\xa4\x69\xd3\x78\x4f\x05\x59\xc3\x0c\x00\
\xb2\xa3\x6d\x5b\xf3\x2d\x25\xc4\x9b\xff\xba\x75\xd2\x7f\xfc\x87\
\x79\xbb\x9f\x9b\x3f\x8e\xa6\xb6\xd6\x84\xc4\x9f\xfe\xd4\x84\x81\
\xd0\x74\xed\x2a\xdd\x71\x87\xd4\xa9\x93\xef\x4e\x90\x23\x08\x00\
\x68\xbe\xfa\x9b\x7f\xf7\xee\xbe\x3b\xf9\xb4\xca\x4a\xe9\xc1\x07\
\xa5\xbb\xef\xe6\xd0\x15\x34\xdc\xf6\xed\xd2\xf4\xe9\xe6\xb0\x9e\
\xd0\x96\x83\x76\xea\x24\xdd\x7e\x3b\x21\x00\x59\x41\x00\x40\xf3\
\x94\x94\x98\xa9\xc9\xd0\x76\xf7\x5b\xb2\x44\xfa\xd7\x7f\x95\x16\
\x2d\x62\x19\x15\x9a\xe6\xed\xb7\xa5\x7f\xfb\x37\xe9\xcd\x37\x7d\
\x77\xf2\x69\x1d\x3b\x9a\xc0\x4d\x08\x40\x33\x11\x00\xd0\x74\xed\
\xdb\x9b\x9b\x7f\xd7\xae\xbe\x3b\x39\xa4\xaa\xca\xec\xa4\xf6\xc0\
\x03\xe1\x7d\x7b\x43\xf2\xec\xdb\x27\xdd\x7f\xbf\x99\x0d\xd8\xbf\
\xdf\x77\x37\x87\x74\xea\x64\x3e\x7b\xa5\xa5\xbe\x3b\x41\x82\x11\
\x00\xd0\x34\xf5\x2f\xfc\x75\xee\xec\xbb\x93\x43\x56\xad\x32\xcf\
\x6f\x97\x2c\xf1\xdd\x09\x72\x4d\xfd\x6c\xc0\x8a\x15\xbe\x3b\x39\
\xa4\x43\x07\xf3\x38\xa0\x63\x47\xdf\x9d\x20\xa1\x08\x00\x68\xbc\
\xfa\xa5\x7e\xa1\x7c\xf3\xaf\xa9\x91\x1e\x7a\x48\x9a\x39\x93\x37\
\xa4\x61\xcf\xde\xbd\x66\xb9\xe0\x9c\x39\xe1\xbc\x4c\xda\xa1\x83\
\x34\x69\x92\x09\xe4\x40\x23\x11\x00\xd0\x38\x05\x05\xe6\x44\xbf\
\x9e\x3d\x7d\x77\x62\x94\x95\x49\x3f\xff\xb9\xd9\xc3\x9f\x67\xfd\
\xb0\x2d\x8e\xa5\x97\x5f\x36\xab\x4a\x3e\xfa\xc8\x77\x37\x46\xb7\
\x6e\x26\x90\x17\x15\xf9\xee\x04\x09\x43\x00\x40\xc3\xa5\xd3\xd2\
\xb7\xbf\x1d\xce\xae\x69\xcb\x96\x99\x9b\xff\x87\x1f\xfa\xee\x04\
\xf9\xe6\xe3\x8f\xa5\xff\xfa\x2f\xe9\xad\xb7\x7c\x77\x62\xf4\xec\
\x69\x0e\x11\x0a\x6d\xff\x02\x04\x8d\x00\x80\x86\x89\x22\xe9\x1b\
\xdf\x90\x86\x0e\xf5\xdd\x89\x74\xf0\xa0\x99\xf2\xbf\xf7\x5e\xf3\
\xd2\x1f\xe0\x43\x75\xb5\xf4\xdb\xdf\x9a\x47\x02\x21\xec\xd5\x3f\
\x70\xa0\xf4\xad\x6f\x99\x73\x38\x80\x06\xe0\x37\x05\x0d\x33\x61\
\x82\x34\x6a\x94\xef\x2e\xcc\x33\xfe\x5f\xfc\xc2\x4c\xf9\x03\x21\
\x78\xf9\x65\xf3\x3b\xb9\x7b\xb7\xef\x4e\xa4\xe1\xc3\xcd\x49\x82\
\x40\x03\x10\x00\xf0\xc5\xc6\x8c\x91\x2e\xbc\xd0\x77\x17\xd2\x96\
\x2d\x66\xda\x75\xd3\x26\xdf\x9d\x00\x9f\xb6\x71\xa3\xf4\xb3\x9f\
\x99\x3f\xfa\xf6\xa5\x2f\x49\xe7\x9d\xe7\xbb\x0b\x24\x00\x01\x00\
\xc7\x76\xc2\x09\xd2\x8d\x37\xfa\xee\x42\x5a\xba\xd4\x7c\xcb\xaa\
\xa8\xf0\xdd\x09\x70\x64\xbb\x77\x9b\x83\x85\x42\x58\x86\x7a\xf5\
\xd5\x66\x36\x00\x38\x06\x02\x00\x8e\xae\x5b\x37\x69\xe2\x44\xf3\
\xf2\x9f\x2f\x71\x2c\x3d\xf9\xa4\x79\xd6\x5a\x53\xe3\xaf\x0f\xa0\
\x21\x6a\x6b\xa5\xdf\xfd\x4e\x9a\x3b\xd7\xef\xaa\x94\x28\x32\x47\
\x72\x1f\x7f\xbc\xbf\x1e\x10\x3c\x02\x00\x8e\xac\x6d\x5b\xe9\xd6\
\x5b\xfd\x2e\x2d\xaa\xab\x33\x3b\xfa\x3d\xfb\x2c\x4b\xfc\x90\x1c\
\x71\x2c\x3d\xf3\x8c\x39\x76\xda\xe7\xcb\x81\xad\x5a\x99\x25\xbb\
\xed\xdb\xfb\xeb\x01\x41\x23\x00\xe0\xf3\x52\x29\xe9\xe6\x9b\xfd\
\xee\x35\x5e\x53\x63\x36\x5d\x09\x6d\x1f\x76\xa0\xa1\xde\x78\xc3\
\x6c\x4e\x55\x5d\xed\xaf\x87\xf6\xed\xcd\xf2\xc0\x16\x9c\xfc\x8e\
\xcf\x23\x00\xe0\xf3\x26\x4c\x30\xcf\xfe\x7d\xa9\xac\x34\xe7\x9e\
\xaf\x5c\xe9\xaf\x07\x20\x1b\xd6\xac\x31\xbf\xcb\x3e\xcf\xa5\xe8\
\xdd\x9b\x95\x01\x38\x22\x02\x00\x3e\x6d\xe4\x48\xe9\xfc\xf3\xfd\
\xd5\xdf\xb9\xd3\x6c\xee\xf3\xc1\x07\xfe\x7a\x00\xb2\x69\xe3\x46\
\xe9\x97\xbf\xf4\xfb\x02\xeb\xd9\x67\x4b\x67\x9c\xe1\xaf\x3e\x82\
\x44\x00\xc0\x21\x5d\xbb\x4a\x5f\xfb\x9a\x79\x81\xc8\x87\x9d\x3b\
\xa5\xbb\xee\x92\xb6\x6d\xf3\x53\x1f\xb0\xa5\xac\xcc\xac\x62\xd9\
\xbe\xdd\x5f\x0f\x37\xdc\x20\xf5\xea\xe5\xaf\x3e\x82\x43\x00\x80\
\xd1\xaa\x95\x79\x56\x58\x58\xe8\xa7\xfe\x8e\x1d\xe6\xe6\xbf\x63\
\x87\x9f\xfa\x80\x6d\x15\x15\xe6\x77\xbc\xbc\xdc\x4f\xfd\x82\x02\
\xf3\x19\xe7\xe0\x20\x7c\x82\x00\x00\xe3\x2b\x5f\x31\xcb\xfe\x7c\
\x28\x2b\x33\x53\xa4\xdc\xfc\x91\xeb\x2a\x2a\xa4\xbb\xef\xf6\x17\
\x02\x3a\x74\xf0\x3b\xcb\x87\xa0\x10\x00\x20\x9d\x7e\xba\xbf\x6d\
\x7e\xcb\xca\xcc\x05\x91\x63\x7c\x91\x2f\x7c\xcf\x04\x0c\x1b\x26\
\x9d\x73\x8e\x9f\xda\x08\x0a\x01\x20\xdf\x95\x96\x4a\xd7\x5d\xe7\
\xa7\x76\x45\x85\x34\x63\x46\x18\x7b\xa8\x03\x2e\xed\xda\x65\x42\
\xc0\xce\x9d\x7e\xea\x7f\xf9\xcb\x52\x8f\x1e\x7e\x6a\x23\x18\x04\
\x80\x7c\x96\x4a\x99\xdd\xc2\x7c\x3c\xf7\xdf\xb7\x4f\x9a\x3e\xdd\
\xdf\x05\x10\xf0\x6d\xd7\x2e\xb3\x44\x70\xef\x5e\xf7\xb5\x0b\x0a\
\xa4\x9b\x6e\xe2\xf8\xe0\x3c\x47\x00\xc8\x67\x97\x5f\x2e\xf5\xed\
\xeb\xbe\x6e\x75\xb5\xf9\xe6\x5f\x56\xe6\xbe\x36\x10\x92\xf2\x72\
\x13\x84\x7d\x1c\x6b\x7d\xdc\x71\x66\xcf\x0f\xe4\x2d\x02\x40\xbe\
\x3a\xe1\x04\x69\xdc\x38\xf7\x75\x6b\x6b\xa5\x59\xb3\xa4\xcd\x9b\
\xdd\xd7\x06\x42\xb4\x75\xab\x34\x7b\xb6\xf9\x6c\xb8\x76\xee\xb9\
\xd2\xe0\xc1\xee\xeb\x22\x08\x04\x80\x7c\xd4\xb2\xa5\xf4\xd5\xaf\
\xba\x7f\x13\x38\x8e\xa5\x3f\xfe\x51\x7a\xff\x7d\xb7\x75\x81\xd0\
\xad\x5b\x67\x0e\x11\x72\x7d\xe6\x45\x14\x99\x55\x01\x3e\xcf\xfc\
\x80\x37\x04\x80\x7c\x74\xf9\xe5\x52\xe7\xce\xee\xeb\x3e\xf1\x04\
\x7b\xfb\x03\x47\xf3\xf6\xdb\xe6\x14\x41\xd7\x4a\x4a\xa4\xab\xae\
\x72\x5f\x17\xde\x11\x00\xf2\x4d\x9f\x3e\xd2\xd8\xb1\xee\xeb\xbe\
\xfe\xba\x34\x7f\xbe\xfb\xba\x40\x92\xcc\x9b\x27\x2d\x5e\xec\xbe\
\xee\x99\x67\x4a\x27\x9d\xe4\xbe\x2e\xbc\x22\x00\xe4\x93\x16\x2d\
\xcc\x74\x5f\xca\xf1\x7f\xf6\x75\xeb\xa4\x07\x1f\x74\x5b\x13\x48\
\xaa\x3f\xfd\x49\x5a\xbb\xd6\x6d\xcd\x28\x92\x6e\xbc\xd1\xec\x08\
\x8a\xbc\x41\x00\xc8\x27\xe3\xc7\x9b\x37\x7f\x5d\xda\xbe\x5d\xfa\
\xf5\xaf\xfd\x9e\x8b\x0e\x24\x49\x5d\x9d\x74\xdf\x7d\xee\x97\xc8\
\x76\xea\x24\x5d\x71\x85\xdb\x9a\xf0\x8a\x00\x90\x2f\xba\x75\x93\
\x2e\xbc\xd0\x6d\xcd\xda\x5a\x73\x21\xab\xac\x74\x5b\x17\x48\xba\
\xfd\xfb\xfd\xac\x0c\x38\xf7\x5c\x73\x7c\x30\xf2\x02\x01\x20\x5f\
\x5c\x7f\xbd\x94\x4e\xbb\xad\xf9\xd0\x43\x2c\xf7\x03\x9a\x6a\xcb\
\x16\xf7\x8f\xce\xa2\xc8\x9c\x1a\xc8\x59\x01\x79\x81\x00\x90\x0f\
\x4e\x3d\x55\x1a\x38\xd0\x6d\xcd\x85\x0b\xcd\x8b\x7f\x00\x9a\xee\
\x8d\x37\xa4\x45\x8b\xdc\xd6\xec\xd5\x4b\x3a\xe3\x0c\xb7\x35\xe1\
\x05\x01\x20\xd7\xb5\x6a\x65\xf6\xfd\x76\x69\xe3\x46\xe9\x91\x47\
\xdc\xd6\x04\x72\xd5\x9c\x39\xd2\xa6\x4d\x6e\x6b\x4e\x98\x20\x15\
\x17\xbb\xad\x09\xe7\x08\x00\xb9\x6e\xfc\x78\xa9\x7d\x7b\x77\xf5\
\x0e\x1c\x90\x1e\x78\x80\x97\xfe\x80\x6c\x39\x78\x50\xfa\xcd\x6f\
\xcc\x16\xda\xae\xb4\x69\x63\xf6\x0b\x41\x4e\x23\x00\xe4\xb2\xae\
\x5d\xa5\xf3\xce\x73\x5b\xf3\xa1\x87\xa4\x6d\xdb\xdc\xd6\x04\x72\
\xdd\xf6\xed\xd2\xc3\x0f\xbb\xad\x79\xf6\xd9\x52\xcf\x9e\x6e\x6b\
\xc2\x29\x02\x40\x2e\x9b\x30\xc1\xed\x8b\x7f\x6f\xbf\x6d\x9e\x59\
\x02\xc8\xbe\xd7\x5f\x97\xde\x7a\xcb\x5d\xbd\x54\x4a\xba\xfa\x6a\
\x77\xf5\xe0\x1c\x01\x20\x57\xf5\xe9\x23\x0d\x1b\xe6\xae\xde\x8e\
\x1d\x66\x03\x13\x00\xf6\xfc\xf9\xcf\x6e\xf7\x07\x18\x38\x90\x1d\
\x02\x73\x18\x01\x20\x57\x5d\x7d\xb5\xbb\xa5\x3c\x71\x2c\xfd\xe1\
\x0f\x7e\x8e\x34\x05\xf2\x49\x55\x95\xf9\xac\xb9\x3c\x34\xe8\xaa\
\xab\x58\x16\x98\xa3\x08\x00\xb9\x68\xf8\x70\xa9\x5f\x3f\x77\xf5\
\x5e\x79\xc5\x6c\xf7\x0b\xc0\xbe\xb5\x6b\xa5\xbf\xfd\xcd\x5d\xbd\
\x1e\x3d\xa4\x51\xa3\xdc\xd5\x83\x33\x04\x80\x5c\x93\x4a\xb9\xdd\
\xce\x73\xe7\x4e\x73\xca\x1f\x00\x77\xfe\xfa\x57\xa9\xa2\xc2\x5d\
\xbd\x2b\xae\x90\x0a\x0a\xdc\xd5\x83\x13\x04\x80\x5c\x73\xda\x69\
\xee\xf6\xfb\x8f\x63\xb3\x53\x99\xcb\xe5\x49\x00\xcc\x67\xee\xcf\
\x7f\x76\x57\xaf\x63\x47\xe9\xac\xb3\xdc\xd5\x83\x13\x04\x80\x5c\
\x92\x4a\x49\x17\x5f\xec\xae\xde\xeb\xaf\x4b\xab\x56\xb9\xab\x07\
\xe0\x90\xf7\xde\x73\x7b\x74\xf0\xb8\x71\xcc\x02\xe4\x18\x02\x40\
\x2e\x19\x3d\x5a\xea\xdc\xd9\x4d\xad\xca\x4a\xe9\xf1\xc7\xdd\xd4\
\x02\x70\x64\x8f\x3d\xe6\xee\xe5\xdb\x92\x12\x69\xcc\x18\x37\xb5\
\xe0\x04\x01\x20\x57\xa4\x52\xd2\x45\x17\xb9\xab\xf7\xc4\x13\xd2\
\xbe\x7d\xee\xea\x01\xf8\xbc\xbd\x7b\xa5\xa7\x9e\x72\x57\x6f\xdc\
\x38\xf7\x87\x8a\xc1\x1a\x02\x40\xae\x38\xe5\x14\xb3\xf3\x9f\x0b\
\x9b\x37\xbb\x7d\x0b\x19\xc0\xd1\xbd\xf2\x8a\x39\x39\xd0\x85\x0e\
\x1d\x38\x28\x28\x87\x10\x00\x72\x41\x14\xb9\xfb\xf6\x1f\xc7\x66\
\xbb\xdf\x4c\xc6\x4d\x3d\x00\xc7\x96\xc9\x48\x7f\xf9\x8b\xbb\xbd\
\x01\x2e\xbe\x98\x59\x80\x1c\x41\x00\xc8\x05\xc3\x86\x49\xdd\xbb\
\xbb\xa9\xb5\x78\xb1\xb4\x61\x83\x9b\x5a\x00\x1a\x66\xfd\x7a\x69\
\xc9\x12\x37\xb5\x3a\x76\x34\x33\x8e\x48\x3c\x02\x40\x2e\xb8\xe0\
\x02\x37\x75\x6a\x6b\xa5\xb9\x73\xdd\xd4\x02\xd0\x38\x4f\x3c\x61\
\x3e\xa3\x2e\x9c\x7f\xbe\x9b\x3a\xb0\x8a\x00\x90\x74\xc7\x1f\x2f\
\xf5\xef\xef\xa6\xd6\x4b\x2f\xb9\xdd\x7c\x04\x40\xc3\xed\xda\x25\
\x2d\x5c\xe8\xa6\xd6\xf1\xc7\x4b\x03\x06\xb8\xa9\x05\x6b\x08\x00\
\x49\xe7\x2a\x89\x57\x56\x4a\xcf\x3f\xef\xa6\x16\x80\xa6\x99\x37\
\x4f\xda\xbf\xdf\x4d\x2d\xd7\x47\x8d\x23\xeb\x08\x00\x49\x56\x52\
\xe2\xee\x59\xdc\xbc\x79\x26\x04\x00\x08\x57\x55\x95\xf4\xdc\x73\
\x6e\x6a\x0d\x1f\x2e\x95\x96\xba\xa9\x05\x2b\x08\x00\x49\x76\xce\
\x39\x6e\xde\xc6\x75\x39\xb5\x08\xa0\x79\x16\x2e\x34\x9f\x59\xdb\
\xa2\x48\x1a\x3b\xd6\x7e\x1d\x58\x43\x00\x48\xaa\x74\xda\xdd\xde\
\xdc\xf3\xe7\x4b\x07\x0f\xba\xa9\x05\xa0\x79\x6a\x6b\xdd\x3d\xae\
\x3b\xe3\x0c\xa9\x65\x4b\x37\xb5\x90\x75\x04\x80\xa4\x1a\x3e\x5c\
\x6a\xdb\xd6\x7e\x9d\x3d\x7b\xd8\xf4\x07\x48\x9a\x45\x8b\xa4\xdd\
\xbb\xed\xd7\x29\x2c\x64\x49\x60\x82\x11\x00\x92\xea\xcc\x33\xdd\
\xd4\x99\x3f\xdf\xdd\xd2\x22\x00\xd9\x51\x5b\x2b\xbd\xf8\xa2\x9b\
\x5a\xae\xae\x45\xc8\x3a\x02\x40\x12\x75\xe8\x20\x0d\x1a\x64\xbf\
\xce\xde\xbd\xe6\x9b\x04\x80\xe4\x79\xe5\x15\xf3\x19\xb6\xad\x5f\
\x3f\xa9\x5b\x37\xfb\x75\x90\x75\x04\x80\x24\x1a\x33\xc6\x1c\xfe\
\x63\xdb\x8b\x2f\x4a\x35\x35\xf6\xeb\x00\xc8\xbe\x9a\x1a\x69\xc1\
\x02\x37\xb5\x98\x05\x48\x24\x02\x40\xd2\x44\x91\x9b\xc3\x38\x6a\
\x6a\x78\xf6\x0f\x24\xdd\x2b\xaf\xb8\x09\xf1\xa7\x9f\x2e\xb5\x68\
\x61\xbf\x0e\xb2\x8a\x00\x90\x34\x27\x9e\x68\xf6\xe2\xb6\x6d\xf1\
\x62\x77\x1b\x8a\x00\xb0\xa3\xb2\xd2\xcd\x19\x01\xad\x5b\x4b\x43\
\x87\xda\xaf\x83\xac\x22\x00\x24\xcd\xa9\xa7\xda\xaf\x11\xc7\xee\
\xa6\x0e\x01\xd8\xf5\xe2\x8b\x6e\x4e\x0a\x74\x71\x6d\x42\x56\x11\
\x00\x92\x24\x9d\x36\xcb\xff\x6c\x7b\xef\x3d\xa9\xac\xcc\x7e\x1d\
\x00\xf6\x95\x95\x49\xab\x57\xdb\xaf\x33\x74\xa8\x59\x16\x88\xc4\
\x20\x00\x24\xc9\xe0\xc1\x52\x71\xb1\xfd\x3a\x2f\xbf\x6c\xbf\x06\
\x00\x77\x5c\x7c\xa6\x0b\x0a\xcc\xd1\xe4\x48\x0c\x02\x40\x92\xb8\
\x98\x62\xab\xa8\x90\xd6\xac\xb1\x5f\x07\x80\x3b\xef\xbd\xe7\xe6\
\x24\x4f\x36\x05\x4a\x14\x02\x40\x52\xb4\x6c\xe9\x26\x5d\xff\xed\
\x6f\x52\x26\x63\xbf\x0e\x00\x77\xe2\x58\x7a\xfd\x75\xfb\x75\x5c\
\xcd\x52\x22\x2b\x08\x00\x49\x31\x78\xb0\xd4\xaa\x95\xdd\x1a\x99\
\x8c\xf4\xda\x6b\x76\x6b\x00\xf0\xe3\xf5\xd7\xed\xbf\x0c\xe8\xea\
\x3d\x25\x64\x05\x01\x20\x29\x5c\x7c\xa8\x56\xae\x74\x73\x8a\x18\
\x00\xf7\x76\xec\x70\xf3\x78\x8f\x00\x90\x18\x04\x80\x24\x48\xa5\
\xcc\x0c\x80\x6d\x2e\xa6\x08\x01\xf8\xe3\x62\x73\xaf\x41\x83\xd8\
\x14\x28\x21\x08\x00\x49\xd0\xa7\x8f\xd4\xa6\x8d\xdd\x1a\xd5\xd5\
\xe6\x45\x21\x00\xb9\x6b\xf9\x72\xf3\x59\xb7\xa9\x55\x2b\xe9\x84\
\x13\xec\xd6\x40\x56\x10\x00\x92\xc0\xc5\x0e\x5b\xcb\x96\x71\xea\
\x1f\x90\xeb\x6a\x6b\xa5\x15\x2b\xec\xd7\x61\x57\xc0\x44\x20\x00\
\x24\x81\x8b\x0f\xd3\xd2\xa5\xf6\x6b\x00\xf0\xef\xad\xb7\xec\xd7\
\x60\x3f\x80\x44\x20\x00\x84\xae\x63\x47\xa9\x7b\x77\xbb\x35\xf6\
\xef\x67\xed\x3f\x90\x2f\x56\xae\x34\x67\x04\xd8\xd4\xb1\xa3\x74\
\xdc\x71\x76\x6b\xa0\xd9\x08\x00\xa1\x1b\x34\xc8\x7e\x8d\x65\xcb\
\xa4\xba\x3a\xfb\x75\x00\xf8\x57\x57\x27\xbd\xf3\x8e\xfd\x3a\x2e\
\xae\x5d\x68\x16\x02\x40\xe8\x06\x0e\xb4\x5f\xc3\xc5\xc5\x00\x40\
\x38\xde\x7d\xd7\x7e\x0d\x17\xd7\x2e\x34\x0b\x01\x20\x74\x03\x06\
\xd8\x1d\xbf\xa6\x46\x5a\xb7\xce\x6e\x0d\x00\x61\x59\xbd\xda\x7c\
\xf6\x6d\x1a\x30\x40\x8a\x22\xbb\x35\xd0\x2c\x04\x80\x90\x75\xee\
\x2c\x75\xe8\x60\xb7\xc6\xea\xd5\xbc\xfd\x0f\xe4\x9b\xda\x5a\xfb\
\xc1\xbf\xb8\x58\xea\xd1\xc3\x6e\x0d\x34\x0b\x01\x20\x64\x2e\xa6\
\xd0\x5c\x2c\x09\x02\x10\x1e\x17\xfb\x7e\xb0\x1f\x40\xd0\x08\x00\
\x21\xb3\x3d\xfd\x1f\xc7\xe6\x8d\x60\x00\xf9\x67\xf9\x72\xfb\x67\
\x03\x10\x00\x82\x46\x00\x08\x99\xed\x00\xb0\x75\x2b\x7b\xff\x03\
\xf9\xaa\xa2\x42\x2a\x2b\xb3\x5b\x83\xf7\x00\x82\x46\x00\x08\x55\
\xbb\x76\xf6\x9f\xff\xaf\x5d\x6b\x77\x7c\x00\x61\xb3\x7d\x0d\x28\
\x2e\x96\x4a\x4b\xed\xd6\x40\x93\x11\x00\x42\xd5\xbb\xb7\xfd\x1a\
\x7f\xff\xbb\xfd\x1a\x00\xc2\xe5\x62\x05\x90\x8b\x6b\x19\x9a\x84\
\x00\x10\xaa\x5e\xbd\xec\x8e\x1f\xc7\xd2\xfb\xef\xdb\xad\x01\x20\
\x6c\xeb\xd6\xd9\x7f\x0f\xc0\xf6\xb5\x0c\x4d\x46\x00\x08\x95\xed\
\xd4\xbc\x65\x8b\xd9\x02\x18\x40\xfe\xda\xb7\x4f\xfa\xf8\x63\xbb\
\x35\x98\x01\x08\x16\x01\x20\x54\xb6\x53\x33\xd3\xff\x00\x24\xfb\
\x8f\x01\x8e\x3f\x5e\x4a\x71\xab\x09\x11\xff\x55\x42\xd4\xa9\x93\
\xd4\xa6\x8d\xdd\x1a\x1b\x36\xd8\x1d\x1f\x40\x32\xd8\xbe\x16\xb4\
\x6c\x29\x75\xeb\x66\xb7\x06\x9a\x84\x00\x10\x22\xdb\xa7\xff\x49\
\xd2\xc6\x8d\xf6\x6b\x00\x08\x9f\x8b\x6b\x81\x8b\x6b\x1a\x1a\x8d\
\x00\x10\x22\xdb\x69\xb9\xb2\x52\xda\xb1\xc3\x6e\x0d\x00\xc9\xb0\
\x6d\x9b\x54\x55\x65\xb7\x46\xd7\xae\x76\xc7\x47\x93\x10\x00\x42\
\x64\x3b\x00\x6c\xdc\x68\xff\xcd\x5f\x00\xc9\x10\xc7\xd2\xe6\xcd\
\x76\x6b\x1c\x77\x9c\xdd\xf1\xd1\x24\x04\x80\x10\xb9\x08\x00\x00\
\x50\x6f\xd3\x26\xbb\xe3\xf3\x0e\x40\x90\x08\x00\xa1\x89\x22\xfb\
\xd3\x65\x5b\xb6\xd8\x1d\x1f\x40\xb2\xd8\x9e\x01\xe8\xd2\x45\x4a\
\xa7\xed\xd6\x40\xa3\x11\x00\x42\xd3\xbe\xbd\x54\x58\x68\xb7\x86\
\xed\x75\xbf\x00\x92\xc5\xf6\x35\x21\x95\x32\x21\x00\x41\x21\x00\
\x84\xc6\xf6\x87\xa4\xae\x4e\x2a\x2f\xb7\x5b\x03\x40\xb2\x6c\xdb\
\x26\x65\x32\x76\x6b\xf0\x22\x60\x70\x08\x00\xa1\xe9\xd4\xc9\xee\
\xf8\xe5\xe5\x26\x04\x00\x40\xbd\xda\x5a\xfb\x2b\x83\x3a\x76\xb4\
\x3b\x3e\x1a\x8d\x00\x10\x1a\xdb\x27\x00\x32\xfd\x0f\xe0\x48\x3e\
\xfa\xc8\xee\xf8\xb6\xaf\x6d\x68\x34\x02\x40\x68\x6c\xa7\x64\x02\
\x00\x80\x23\xb1\x7d\x6d\x60\x06\x20\x38\x04\x80\xd0\xd8\xfe\x90\
\xb0\x01\x10\x80\x23\xb1\x7d\x6d\x60\x06\x20\x38\x04\x80\xd0\xd8\
\x0e\x00\x3b\x77\xda\x1d\x1f\x40\x32\x55\x54\xd8\x1d\x9f\x19\x80\
\xe0\x10\x00\x42\x92\x4a\x99\x65\x80\x36\x11\x00\x00\x1c\x89\xed\
\x6b\x43\x9b\x36\xe6\x60\x20\x04\x83\x00\x10\x92\xd6\xad\xed\x6e\
\x96\x11\xc7\xd2\xae\x5d\xf6\xc6\x07\x90\x5c\x2e\xbe\x1c\xb4\x6b\
\x67\xbf\x06\x1a\x8c\x00\x10\x12\xdb\x47\x00\xef\xd9\x63\x96\xfb\
\x00\xc0\x67\xd5\xd4\x48\xfb\xf7\xdb\xad\xd1\xba\xb5\xdd\xf1\xd1\
\x28\x04\x80\x90\x14\x17\xdb\x1d\x9f\x6f\xff\x00\x8e\xc5\xf6\x35\
\xc2\xf6\x97\x1c\x34\x0a\x01\x20\x24\x6d\xdb\xda\x1d\x7f\xdf\x3e\
\xbb\xe3\x03\x48\x36\xdb\xd7\x08\x66\x00\x82\x42\x00\x08\x89\xed\
\x0f\x87\xed\xe9\x3d\x00\xc9\x66\xfb\x1a\xc1\x0c\x40\x50\x08\x00\
\x21\x21\x00\x00\xf0\x89\x19\x80\xbc\x42\x00\x08\x89\xed\x77\x00\
\x08\x00\x00\x8e\x85\x97\x00\xf3\x0a\x01\x20\x24\xb6\xd7\xc8\x12\
\x00\x00\x1c\x8b\xed\x6b\x04\xfb\x00\x04\x85\x00\x10\x12\xdb\x1f\
\x8e\xea\x6a\xbb\xe3\x03\x48\x36\xdb\xd7\x88\x82\x02\xbb\xe3\xa3\
\x51\x08\x00\x21\x69\xd1\xc2\xee\xf8\xec\x01\x00\xe0\x58\x0e\x1e\
\xb4\x3b\xbe\xed\x6b\x1c\x1a\x85\x00\x10\x12\xdb\x33\x00\x04\x00\
\x00\xc7\x52\x53\x63\x77\x7c\x1e\x01\x04\x85\x00\x10\x12\x66\x00\
\x00\xf8\x64\xfb\x1a\xc1\x0c\x40\x50\x08\x00\x21\xb1\xfd\x7c\x8c\
\x00\x00\xe0\x58\x6c\x3f\x02\xe0\x1d\x80\xa0\x10\x00\x42\x62\xf3\
\x20\x20\xc9\xfe\x87\x1b\x40\xb2\x31\x03\x90\x57\x08\x00\x00\x00\
\x37\xe2\xd8\x77\x07\x38\x0c\x01\x20\x24\x99\x8c\xdd\xf1\xa3\xc8\
\xee\xf8\xf0\xcf\xe6\x2c\x0f\x8f\x90\x72\x5f\xca\xf2\x2d\x81\x00\
\x10\x14\x02\x40\x48\x6c\x7f\x38\x6c\x7f\xb8\xe1\xdf\xee\xdd\xc9\
\x1c\x1b\x61\xb0\xfd\x25\xc1\xf6\x97\x1c\x34\x0a\x77\x84\x90\x30\
\x03\x80\xe6\xb2\x79\x9c\x2b\xc7\x49\xe7\x3e\xdb\xd7\x08\x66\x00\
\x82\x42\x00\x08\x09\x33\x00\x68\xae\x35\x6b\xec\x8d\xbd\x7a\xb5\
\xbd\xb1\x11\x06\x66\x00\xf2\x0a\x77\x84\x90\xd8\xfe\x70\xd8\x5e\
\x65\x00\xff\xde\x79\xc7\xde\xd8\xef\xbe\x6b\x6f\x6c\x84\xc1\xf6\
\x35\x82\x19\x80\xa0\x10\x00\x42\x62\x7b\x99\x5e\xab\x56\x76\xc7\
\x87\x7f\x5b\xb7\xda\x99\x05\x58\xb5\x4a\xfa\xf0\xc3\xec\x8f\x8b\
\xb0\x14\x16\xda\x1d\x9f\xa5\xc8\x41\x21\x00\x84\xe4\xc0\x01\xbb\
\xe3\xdb\xfe\x70\x23\x0c\x8f\x3f\x9e\xdd\x6f\x5a\x71\x6c\xc6\x44\
\xee\xb3\x7d\x8d\xe0\x40\xb2\xa0\x10\x00\x42\x52\x55\x65\x77\x7c\
\x66\x00\xf2\xc3\xa6\x4d\xd2\xd3\x4f\x67\x6f\xbc\xa7\x9e\x92\xb6\
\x6c\xc9\xde\x78\x08\x97\xed\x6b\x04\x01\x20\x28\x04\x80\x90\x30\
\x03\x80\x6c\x99\x37\x4f\x7a\xf3\xcd\xe6\x8f\xb3\x64\x89\xf4\xdc\
\x73\xcd\x1f\x07\xc9\xc0\x0c\x40\x5e\x21\x00\x84\xc4\xf6\x87\x83\
\x19\x80\xfc\x11\xc7\xd2\x03\x0f\x98\x99\x80\xa6\x3c\x0e\x88\x63\
\x69\xfe\x7c\xe9\x77\xbf\xe3\xc5\xad\x7c\x42\x00\xc8\x2b\x6c\xcc\
\x1c\x12\xdb\x1f\x8e\xd6\xad\xed\x8e\x8f\xb0\xc4\xb1\x09\x00\x1b\
\x36\x48\x57\x5d\x25\x75\xef\xde\xb0\x7f\xee\xc3\x0f\xa5\xbf\xfe\
\xd5\xbc\xf8\x87\xfc\x52\x5c\x6c\x77\x7c\x02\x40\x50\x08\x00\x21\
\xb1\xfd\xe1\x28\x29\xb1\x3b\x3e\xc2\xb4\x72\xa5\x59\xc3\x3f\x7c\
\xb8\x34\x62\x84\x34\x64\x88\x54\x54\xf4\xe9\xff\x9b\xaa\x2a\xe9\
\xbd\xf7\xa4\x65\xcb\xcc\x52\x42\xbe\xf5\xe7\x27\xdb\xd7\x08\x02\
\x40\x50\x08\x00\x21\xd9\xbf\xdf\xee\xf8\xed\xda\xd9\x1d\x1f\xe1\
\xca\x64\xcc\xcd\x7d\xd9\x32\xf3\xd7\x6d\xda\x1c\xfa\x7d\xd8\xb3\
\x47\xda\xb7\xcf\x5f\x6f\x08\x87\xed\x6b\x04\xbf\x67\x41\x21\x00\
\x84\xc4\xf6\x5e\xeb\xcc\x00\xa0\xde\xbe\x7d\x5c\x8c\xf1\x79\xb6\
\xaf\x11\x9c\x27\x11\x14\x5e\x02\x0c\xc9\x9e\x3d\x76\xc7\x2f\x29\
\xe1\x3c\x00\x92\xf7\xf6\x00\x00\x1d\x92\x49\x44\x41\x54\x00\x00\
\x47\x16\x45\x52\xdb\xb6\x76\x6b\xd8\xbe\xc6\xa1\x51\x08\x00\x21\
\xd9\xbb\xd7\xee\x76\xc0\xe9\xb4\xfd\x97\x7c\x00\x24\x53\x9b\x36\
\xf6\xcf\x0b\xd9\xbb\xd7\xee\xf8\x68\x14\x02\x40\x48\x32\x19\xfb\
\xd3\xb2\x9d\x3a\xd9\x1d\x1f\x40\x32\xd9\xbe\x36\x1c\x38\xc0\x4b\
\x80\x81\x21\x00\x84\xc6\xf6\x14\x59\x69\xa9\xdd\xf1\x01\x24\x53\
\xe7\xce\x76\xc7\x67\xfa\x3f\x38\x04\x80\xd0\xd8\x7e\x49\xc6\xf6\
\x87\x1c\x40\x32\xd9\xfe\x72\x40\x00\x08\x0e\x01\x20\x34\x3b\x76\
\xd8\x1d\x9f\x00\x00\xe0\x48\x6c\x5f\x1b\xb6\x6f\xb7\x3b\x3e\x1a\
\x8d\x00\x10\x9a\xf2\x72\xbb\xe3\x13\x00\x00\x1c\x89\xed\x6b\x83\
\xed\x6b\x1b\x1a\x8d\x00\x10\x1a\x02\x00\x00\x1f\x08\x00\x79\x87\
\x00\x10\x1a\xdb\x1f\x92\x76\xed\xec\xaf\xf5\x05\x90\x2c\x25\x25\
\x66\x19\xa0\x4d\x04\x80\xe0\x10\x00\x42\xb3\x7d\xbb\xdd\xbd\x00\
\x24\xa9\x67\x4f\xbb\xe3\x03\x48\x96\x1e\x3d\xec\xd7\xe0\x1d\x80\
\xe0\x10\x00\x42\x53\x57\x27\x55\x54\xd8\xad\xe1\xe2\xc3\x0e\x20\
\x39\x6c\x7f\x29\xd8\xb7\x4f\xaa\xac\xb4\x5b\x03\x8d\x46\x00\x08\
\xd1\xb6\x6d\x76\xc7\x67\x06\x00\xc0\xe1\x1a\x7a\x54\x74\x53\x31\
\xfd\x1f\x24\x02\x40\x88\xb6\x6e\xb5\x3b\x3e\x33\x00\x00\x0e\x67\
\xfb\x4b\x81\xed\x6b\x1a\x9a\x84\x00\x10\x22\xdb\x1f\x96\xae\x5d\
\xa5\x96\x2d\xed\xd6\x00\x90\x0c\x2d\x5b\x4a\x5d\xba\xd8\xad\x41\
\x00\x08\x12\x01\x20\x44\x5b\xb6\xd8\x1d\x3f\x95\x92\xfa\xf4\xb1\
\x5b\x03\x40\x32\xf4\xed\x6b\xff\x10\xa0\xcd\x9b\xed\x8e\x8f\x26\
\x21\x00\x84\xa8\xac\x4c\xaa\xad\xb5\x5b\xa3\x5f\x3f\xbb\xe3\x03\
\x48\x06\xdb\xd7\x82\x38\x96\x3e\xfa\xc8\x6e\x0d\x34\x09\x01\x20\
\x44\x99\x8c\xfd\x0f\x0c\x01\x00\x80\x64\xff\x5a\x50\x5e\x6e\x4e\
\x02\x44\x70\x08\x00\xa1\xb2\xfd\x18\xa0\x5f\x3f\xfb\xd3\x7e\x00\
\xc2\xe6\xe2\x71\x20\xcf\xff\x83\xc5\x1d\x20\x54\xb6\x9f\x99\x15\
\x16\x4a\xc7\x1d\x67\xb7\x06\x80\xb0\x75\xef\x2e\x15\x15\xd9\xad\
\xc1\xf3\xff\x60\x11\x00\x42\xb5\x7e\xbd\xfd\x1a\x03\x06\xd8\xaf\
\x01\x20\x5c\x27\x9c\x60\xbf\x86\x8b\x6b\x19\x9a\x84\x00\x10\xaa\
\x0f\x3f\x94\xaa\xaa\xec\xd6\x38\xe9\x24\xbb\xe3\x03\x08\xdb\xe0\
\xc1\x76\xc7\xaf\xab\x93\x36\x6d\xb2\x5b\x03\x4d\x46\x00\x08\x55\
\x1c\x4b\x1b\x36\xd8\xad\x31\x70\xa0\xd4\xa2\x85\xdd\x1a\x00\xc2\
\x54\x50\x20\xf5\xef\x6f\xb7\xc6\xc6\x8d\x52\x4d\x8d\xdd\x1a\x68\
\x32\x02\x40\xc8\x6c\x4f\x9d\xb5\x6c\x69\xff\x02\x00\x20\x4c\x03\
\x06\xd8\xdf\x10\x8c\xe9\xff\xa0\x11\x00\x42\xf6\xfe\xfb\xf6\x6b\
\xf0\x18\x00\xc8\x4f\x2e\x3e\xfb\x04\x80\xa0\x11\x00\x42\xb6\x61\
\x83\xfd\xa3\x81\x6d\x3f\x03\x04\x10\x26\xdb\x01\x20\x8e\x09\x00\
\x81\x23\x00\x84\xac\xa6\xc6\x3c\x43\xb3\xa9\x7b\x77\xa9\xb4\xd4\
\x6e\x0d\x00\x61\xe9\xdc\xd9\xfe\x32\xe0\x8f\x3e\x32\xc7\x00\x23\
\x58\x04\x80\xd0\xad\x5a\x65\xbf\xc6\x88\x11\xf6\x6b\x00\x08\xc7\
\xc8\x91\xf6\x6b\xb8\xb8\x76\xa1\x59\x08\x00\xa1\x5b\xb9\xd2\x7e\
\x0d\x17\x17\x03\x00\xe1\x70\x11\xfa\x5d\x5c\xbb\xd0\x2c\x04\x80\
\xd0\x6d\xda\x24\x55\x56\xda\xad\xd1\xab\x97\xd4\xb1\xa3\xdd\x1a\
\x00\xc2\xd0\xa9\x93\x74\xfc\xf1\x76\x6b\xd4\xd6\xf2\xfc\x3f\x01\
\x08\x00\xa1\xcb\x64\xa4\xd5\xab\xed\xd6\x88\x22\xe9\xe4\x93\xed\
\xd6\x00\x10\x86\x11\x23\xcc\x67\xde\xa6\xb5\x6b\xed\x9f\x68\x8a\
\x66\x23\x00\x24\x81\x8b\x67\x69\xa7\x9c\x62\xbf\x06\x00\xff\x5c\
\x7c\xd6\x79\xfe\x9f\x08\x04\x80\x24\x58\xb5\xca\x2c\xa9\xb1\xa9\
\x6f\x5f\xa9\x6b\x57\xbb\x35\x00\xf8\xd5\xad\x9b\xd4\xbb\xb7\xfd\
\x3a\x04\x80\x44\x20\x00\x24\xc1\xae\x5d\x6e\xf6\xd3\x3e\xfd\x74\
\xfb\x35\x00\xf8\x73\xc6\x19\xf6\x6b\x7c\xfc\xb1\x54\x56\x66\xbf\
\x0e\x9a\x8d\x00\x90\x14\x6f\xbf\x6d\xbf\xc6\x69\xa7\x99\xf3\xc1\
\x01\xe4\x9e\x54\x4a\x1a\x35\xca\x7e\x1d\x17\xd7\x2a\x64\x05\x57\
\xfb\xa4\x70\xf1\xa1\x6a\xdf\x5e\x1a\x34\xc8\x7e\x1d\x00\xee\x9d\
\x74\x92\xf9\x8c\xdb\xb6\x6c\x99\xfd\x1a\xc8\x0a\x02\x40\x52\xec\
\xd8\x21\x6d\xd9\x62\xbf\x8e\x8b\x29\x42\x00\xee\xb9\x78\xc4\x57\
\x5e\x2e\x6d\xdd\x6a\xbf\x0e\xb2\x82\x00\x90\x24\x2e\x92\xf5\x88\
\x11\x6e\xbe\x25\x00\x70\xa7\xa4\xc4\xcd\x52\x5f\xa6\xff\x13\x85\
\x00\x90\x24\x2e\x3e\x5c\xe9\xb4\x74\xe6\x99\xf6\xeb\x00\x70\xe7\
\xec\xb3\xcd\x67\xdb\x36\xa6\xff\x13\x85\x00\x90\x24\x65\x65\x6e\
\xa6\xd7\xce\x3a\xcb\xcd\xc5\x02\x80\x7d\xe9\xb4\xf9\x4c\xdb\xb6\
\x7d\xbb\xb4\x79\xb3\xfd\x3a\xc8\x1a\x02\x40\xd2\x2c\x5e\x6c\xbf\
\x46\x49\x09\x07\x04\x01\xb9\xe2\x94\x53\xa4\x76\xed\xec\xd7\x59\
\xbc\xd8\xfe\x7e\x25\xc8\x2a\x02\x40\xd2\x2c\x59\x22\xd5\xd5\xd9\
\xaf\x73\xee\xb9\xf6\x6b\x00\xb0\xcf\xc5\x67\x39\x8e\xdd\x7c\x39\
\x41\x56\x11\x00\x92\x66\xef\x5e\x37\xa7\x6c\xf5\xeb\x67\x7e\x00\
\x24\xd7\x09\x27\x48\x7d\xfa\xd8\xaf\xb3\x6e\x9d\xb4\x73\xa7\xfd\
\x3a\xc8\x2a\x02\x40\x12\xbd\xfe\xba\x9b\x3a\x17\x5d\xe4\xa6\x0e\
\x00\x3b\x5c\x7d\x86\xf9\xf6\x9f\x48\x04\x80\x24\x5a\xb1\x42\xda\
\xb7\xcf\x7e\x9d\xa1\x43\xed\x1f\x1b\x0a\xc0\x8e\x9e\x3d\xa5\x13\
\x4f\xb4\x5f\xe7\xc0\x01\xde\xfe\x4f\x28\x02\x40\x12\xd5\xd5\x99\
\x77\x01\x5c\x18\x37\xce\x4d\x1d\x00\xd9\x75\xc9\x25\xf6\x8f\xfd\
\x95\xa4\xa5\x4b\x4d\x08\x40\xe2\x10\x00\x92\x6a\xe1\x42\x37\x6f\
\xdc\x8e\x18\x21\x75\xe9\x62\xbf\x0e\x80\xec\xe9\xda\xd5\xcd\xc6\
\x3f\x92\xf4\xca\x2b\x6e\xea\x20\xeb\x08\x00\x49\x55\x5e\xee\xe6\
\xc8\xcd\x54\x4a\x1a\x3f\xde\x7e\x1d\x00\xd9\x73\xd9\x65\x6e\xbe\
\xfd\xaf\x5f\xef\xe6\xa4\x52\x58\x41\x00\x48\xb2\x85\x0b\xdd\xd4\
\x19\x35\xca\x3c\x4f\x04\x10\xbe\x1e\x3d\xa4\x91\x23\xdd\xd4\x5a\
\xb0\xc0\x4d\x1d\x58\x41\x00\x48\xb2\xf7\xde\x93\xb6\x6d\xb3\x5f\
\x27\x8a\xcc\x37\x0a\x00\xe1\x9b\x30\xc1\xcd\xb7\xff\xdd\xbb\xa5\
\x77\xde\xb1\x5f\x07\xd6\x10\x00\x92\x2c\x8e\xa5\x57\x5f\x75\x53\
\x6b\xd8\x30\xb3\xa6\x18\x40\xb8\xfa\xf7\x97\x06\x0f\x76\x53\xeb\
\xd5\x57\xdd\x6c\x4a\x06\x6b\x08\x00\x49\xf7\xda\x6b\xee\xde\xc0\
\x65\x16\x00\x08\xdb\x84\x09\x6e\xea\x1c\x3c\xe8\xee\xcb\x07\xac\
\x21\x00\x24\x5d\x55\x95\xb4\x68\x91\x9b\x5a\x03\x06\xb8\x7b\xb3\
\x18\x40\xe3\x9c\x72\x8a\xbb\xdd\x3b\x17\x2f\x36\xbb\x92\x22\xd1\
\x08\x00\xb9\xe0\x85\x17\xa4\xda\x5a\x37\xb5\xae\xbd\x56\x6a\xd9\
\xd2\x4d\x2d\x00\x0d\x53\x50\xe0\xee\xdb\x7f\x26\x23\x3d\xff\xbc\
\x9b\x5a\xb0\x8a\x00\x90\x0b\x76\xef\x96\xde\x78\xc3\x4d\xad\x0e\
\x1d\xa4\x0b\x2e\x70\x53\x0b\x40\xc3\x5c\x74\x91\xd4\xa9\x93\x9b\
\x5a\x4b\x97\x9a\x65\xc8\x48\x3c\x02\x40\xae\x98\x3f\xdf\x24\x73\
\x17\x5c\x5e\x6c\x00\x1c\x9b\xcb\x50\x1e\xc7\xd2\x73\xcf\xb9\xa9\
\x05\xeb\x08\x00\xb9\x62\xfb\x76\x93\xcc\x5d\x28\x28\x90\xae\xba\
\xca\x4d\x2d\x00\xc7\x76\xcd\x35\xee\x1e\xcb\xad\x58\x21\x7d\xf8\
\xa1\x9b\x5a\xb0\x8e\x00\x90\x4b\x9e\x7b\xce\xcd\xf6\xc0\x92\xd9\
\x68\x64\xc8\x10\x37\xb5\x00\x1c\xd9\xd0\xa1\x66\xbb\x6e\x57\x9e\
\x7d\xd6\x5d\x2d\x58\x47\x00\xc8\x25\x1f\x7e\xe8\x6e\x16\x40\x92\
\xbe\xfa\x55\xa9\xa8\xc8\x5d\x3d\x00\x87\x14\x16\x4a\x37\xdc\xe0\
\xae\xde\x8a\x15\xd2\x86\x0d\xee\xea\xc1\x3a\x02\x40\xae\x79\xea\
\x29\x77\x9b\x73\x94\x94\x48\x57\x5c\xe1\xa6\x16\x80\x4f\xbb\xea\
\x2a\xf3\xfc\xdf\x85\x38\x36\xd7\x16\xe4\x14\x02\x40\xae\x29\x2f\
\x37\x9b\x03\xb9\x72\xce\x39\x66\xf7\x31\x00\xee\x9c\x70\x82\x74\
\xd6\x59\xee\xea\xbd\xf9\xa6\xb4\x65\x8b\xbb\x7a\x70\x82\x00\x90\
\x8b\x9e\x79\x46\xaa\xa9\x71\x53\x2b\x8a\xcc\xa3\x80\x82\x02\x37\
\xf5\x80\x7c\xd7\xb2\xa5\xf9\xcc\xb9\xd8\xef\x5f\x32\x33\x8a\x73\
\xe7\xba\xa9\x05\xa7\x08\x00\xb9\x68\xf7\x6e\xe9\xe5\x97\xdd\xd5\
\xeb\xda\x95\x55\x01\x80\x2b\x57\x5f\x2d\x75\xee\xec\xae\xde\xab\
\xaf\x9a\x55\x46\xc8\x39\x04\x80\x5c\x35\x7f\xbe\x54\x59\xe9\xae\
\xde\x97\xbe\xe4\xee\x10\x12\x20\x5f\x0d\x1d\xea\x76\xea\xff\xc0\
\x01\xde\xfc\xcf\x61\x04\x80\x5c\x55\x59\x29\x3d\xfd\xb4\xbb\x7a\
\x51\x24\x7d\xe3\x1b\x52\xdb\xb6\xee\x6a\x02\xf9\xa4\x4d\x1b\xb7\
\x53\xff\x92\xb9\xf9\xef\xd9\xe3\xae\x1e\x9c\x22\x00\xe4\xb2\x85\
\x0b\xa5\xad\x5b\xdd\xd5\x6b\xdb\xd6\x84\x00\x97\x17\x28\x20\x1f\
\x44\x91\xf4\xf5\xaf\x4b\xed\xda\xb9\xab\xb9\x7d\xbb\xf4\xd2\x4b\
\xee\xea\xc1\x39\x02\x40\x2e\xcb\x64\xa4\x47\x1e\x71\x5b\x73\xf0\
\x60\xf3\x38\x00\x40\xf6\x8c\x1d\x6b\xa6\xff\x5d\x7a\xe4\x11\x77\
\x87\x8c\xc1\x0b\x02\x40\xae\x5b\xbb\x56\x7a\xfb\x6d\xb7\x35\xaf\
\xbe\xda\xdd\xb1\xa4\x40\xae\xeb\xd3\xc7\xfd\x4b\xb6\xab\x57\x4b\
\xcb\x97\xbb\xad\x09\xe7\x08\x00\xf9\xe0\xd1\x47\xdd\x2d\x0b\x94\
\xa4\x74\x5a\xba\xf9\x66\xf3\xcc\x12\x40\xd3\xb5\x6d\x2b\x7d\xe7\
\x3b\xe6\x33\xe5\x4a\x5d\x9d\x34\x67\x8e\xbb\x7a\xf0\x86\x00\x90\
\x0f\x2a\x2a\xdc\x9f\xe0\xd5\xbe\xbd\xf4\xad\x6f\x49\x29\x7e\xc5\
\x80\x26\x49\xa5\xcc\x67\xa8\x7d\x7b\xb7\x75\x5f\x7a\x49\x2a\x2b\
\x73\x5b\x13\x5e\x70\x75\xce\x17\xf3\xe7\xbb\x3f\xc5\x6b\xd0\x20\
\xe9\xb2\xcb\xdc\xd6\x04\x72\xc5\x95\x57\x4a\x03\x07\xba\xad\x59\
\x5e\xee\x76\xf5\x10\xbc\x22\x00\xe4\x8b\xba\x3a\xe9\x8f\x7f\x34\
\x2f\x06\xba\x74\xd1\x45\xd2\xe8\xd1\x6e\x6b\x02\x49\x77\xfa\xe9\
\xd2\x85\x17\xba\xad\x19\xc7\xd2\x9f\xff\xec\xf6\x71\x21\xbc\x22\
\x00\xe4\x93\x8d\x1b\xa5\x05\x0b\xdc\xd6\xac\xdf\x2a\xb8\x6f\x5f\
\xb7\x75\x81\xa4\xea\xd7\x4f\xfa\xca\x57\xdc\xd7\x5d\xb4\x48\x5a\
\xb3\xc6\x7d\x5d\x78\x43\x00\xc8\x37\x4f\x3d\xe5\x7e\x5b\xcf\x82\
\x02\xe9\x7b\xdf\x93\x4a\x4b\xdd\xd6\x05\x92\xa6\x53\x27\xe9\xbb\
\xdf\x95\x5a\xb4\x70\x5b\x77\xf7\x6e\xe9\xf1\xc7\xdd\xd6\x84\x77\
\x04\x80\x7c\x53\x53\x23\x3d\xf8\xa0\x99\xee\x73\xa9\x4d\x1b\x69\
\xe2\x44\x73\x86\x39\x80\xcf\x2b\x2c\x94\x6e\xb9\xc5\xcf\x6e\x9a\
\x0f\x3d\x24\x55\x55\xb9\xaf\x0b\xaf\x08\x00\xf9\x68\xcd\x1a\x33\
\xdd\xe7\x5a\xf7\xee\x26\x04\x70\x72\x20\xf0\x69\xe9\xb4\x59\xee\
\x77\xdc\x71\xee\x6b\x2f\x5e\x2c\xbd\xfb\xae\xfb\xba\xf0\x8e\x00\
\x90\xaf\x1e\x79\xc4\xfd\xaa\x00\xc9\xbc\xd5\xcc\xf2\x40\xe0\x90\
\x54\x4a\xba\xe9\x26\xe9\xc4\x13\xdd\xd7\xde\xb1\x83\x35\xff\x79\
\x8c\xab\x70\xbe\xaa\xad\x95\x7e\xff\x7b\xb3\x3a\xc0\xb5\xe1\xc3\
\xa5\xaf\x7d\x8d\x33\x03\x80\x28\x92\x6e\xbc\x51\x1a\x39\xd2\x7d\
\xed\x38\x96\xfe\xf0\x07\xa9\xba\xda\x7d\x6d\x04\x81\x00\x90\xcf\
\x36\x6f\x36\x2f\x05\xfa\x70\xfa\xe9\xd2\xe5\x97\xfb\xa9\x0d\x84\
\x62\xc2\x04\xe9\xcc\x33\xfd\xd4\x9e\x37\x4f\x5a\xb7\xce\x4f\x6d\
\x04\x81\x00\x90\xef\x9e\x7f\xde\x9c\x17\xe0\xc3\xc5\x17\x4b\xe3\
\xc7\xfb\xa9\x0d\xf8\x76\xe1\x85\xee\xd7\xfa\xd7\xdb\xb4\xc9\x04\
\x00\xe4\x35\x02\x40\xbe\x8b\x63\xf3\x28\x60\xff\x7e\x3f\xf5\x2f\
\xbb\xcc\x04\x01\x20\x9f\x8c\x1f\xef\xfe\x80\x9f\x7a\xd5\xd5\xd2\
\x6f\x7f\xeb\xe7\xf1\x1f\x82\x42\x00\x80\x39\x2b\xe0\x37\xbf\x71\
\xbf\x4b\x60\xbd\x2b\xae\x90\x2e\xb9\xc4\x4f\x6d\xc0\xb5\x0b\x2f\
\xf4\xb7\x45\x76\x1c\x9b\x1d\x41\xcb\xcb\xfd\xd4\x47\x50\x08\x00\
\x30\xd6\xac\xf1\x3b\x25\x78\xf9\xe5\x66\xdb\x60\x20\x97\x5d\x7c\
\xb1\xbf\x6f\xfe\x92\xf4\xe2\x8b\xee\x8f\x07\x47\xb0\x08\x00\x38\
\xe4\x99\x67\xa4\x95\x2b\xfd\xd5\xbf\xf2\x4a\xf3\x52\x14\x90\x8b\
\xc6\x8d\x33\xb3\x5d\xbe\xac\x5f\x2f\x3d\xf1\x84\xbf\xfa\x08\x0e\
\x01\x00\x87\xc4\xb1\x74\xff\xfd\x66\x6d\xb0\x2f\xe3\xc6\x99\x65\
\x51\x2c\x11\x44\xae\x48\xa5\xcc\xef\xb4\xcf\x70\xbb\x77\xaf\x74\
\xdf\x7d\x3c\xf7\xc7\xa7\x10\x00\xf0\x69\x95\x95\xe6\x7d\x80\xda\
\x5a\x7f\x3d\x9c\x7d\xb6\xd9\x2c\x28\x9d\xf6\xd7\x03\x90\x0d\xe9\
\xb4\xf9\x5d\x3e\xfb\x6c\x7f\x3d\xd4\xd5\x99\x9b\xff\xee\xdd\xfe\
\x7a\x40\x90\x08\x00\xf8\xbc\x8d\x1b\xa5\x3f\xfd\xc9\xfd\x79\x01\
\x87\x3b\xe5\x14\xb3\x2f\x7a\xab\x56\xfe\x7a\x00\x9a\xa3\x7e\x6f\
\x7f\x1f\x9b\xfc\x1c\xee\x2f\x7f\x91\xfe\xfe\x77\xbf\x3d\x20\x48\
\x04\x00\x1c\xd9\x92\x25\xd2\xb3\xcf\xfa\xed\xe1\xa4\x93\xa4\x7f\
\xfc\x47\xa9\x43\x07\xbf\x7d\x00\x8d\x55\x52\x22\xdd\x7e\xbb\xf9\
\x1d\xf6\xe9\xc5\x17\xfd\x9c\xfb\x81\x44\x20\x00\xe0\xe8\xe6\xce\
\x95\xde\x7c\xd3\x6f\x0f\xdd\xbb\x4b\x77\xde\x29\xf5\xee\xed\xb7\
\x0f\xa0\xa1\x7a\xf6\x34\xbf\xb3\xc7\x1f\xef\xb7\x8f\x95\x2b\xa5\
\xc7\x1e\xf3\xdb\x03\x82\x46\x00\xc0\xd1\xd5\xaf\x19\xde\xb0\xc1\
\x6f\x1f\x25\x25\xd2\x0f\x7e\x20\x9d\x7a\xaa\xdf\x3e\x80\x2f\x32\
\x62\x84\xf4\xc3\x1f\xfa\x9f\xb5\xfa\xf8\x63\xb3\xd9\x8f\xaf\xbd\
\x3d\x90\x08\x04\x00\x1c\x5b\x6d\xad\xf4\xeb\x5f\x9b\xcd\x82\x7c\
\x2a\x28\x30\x27\xa6\x5d\x7c\x31\x2b\x04\x10\x9e\x28\x32\x9b\x59\
\x7d\xfb\xdb\x52\xcb\x96\x7e\x7b\xd9\xbb\x57\x9a\x35\x4b\xaa\xaa\
\xf2\xdb\x07\x82\x47\x00\xc0\x17\xdb\xbd\x5b\xba\xfb\x6e\x73\x61\
\xf1\x29\x8a\xcc\x3a\xea\xef\x7d\x4f\x2a\x2e\xf6\xdb\x0b\x50\xaf\
\xb0\x50\xfa\xce\x77\xcc\x66\x56\xbe\xc3\x69\x75\xb5\x34\x73\xa6\
\xdf\xa5\xbc\x48\x0c\x02\x00\x1a\xa6\xbc\x5c\xba\xe7\x1e\xe9\xc0\
\x01\xdf\x9d\x48\x43\x87\x4a\xff\xfc\xcf\xbc\x17\x00\xff\x7a\xf6\
\x94\xfe\xe9\x9f\xa4\x93\x4f\xf6\xdd\x89\x99\xad\xfb\xd5\xaf\xcc\
\x29\x9f\x40\x03\x10\x00\xd0\x70\x1b\x37\x4a\xf7\xde\x1b\xc6\x66\
\x22\x1d\x3a\x98\xf7\x02\x4e\x3f\xdd\x77\x27\xc8\x57\x63\xc6\x98\
\x55\x2a\xa5\xa5\xbe\x3b\x31\xcf\xfa\x7f\xfb\x5b\x8e\xf7\x45\xa3\
\x10\x00\xd0\x38\xab\x56\xf9\x3d\x38\xe8\x70\x05\x05\xd2\x37\xbe\
\x61\x9e\xbb\xf2\x48\x00\xae\x14\x15\x49\xdf\xfc\xa6\xf4\xb5\xaf\
\x99\xdf\x41\xdf\xe2\x58\x7a\xf0\x41\xe9\xdd\x77\x7d\x77\x82\x84\
\x21\x00\xa0\xf1\xde\x79\x47\x7a\xf8\x61\xbf\x1b\x05\x1d\x6e\xe4\
\x48\x33\x0d\xdb\xbf\xbf\xef\x4e\x90\xeb\x06\x0c\x90\x7e\xfc\x63\
\x69\xf4\x68\xdf\x9d\x1c\xf2\xd8\x63\xd2\x6b\xaf\xf9\xee\x02\x09\
\x44\x00\x40\xd3\x2c\x5c\x28\x3d\xf2\x48\x38\x21\xa0\x63\x47\xb3\
\xf1\xca\x65\x97\x99\xbd\xd7\x81\x6c\x4a\xa7\xcd\x0b\xa8\xdf\xff\
\xbe\xff\x25\x7e\x87\x7b\xe2\x09\xe9\x85\x17\x7c\x77\x81\x84\x6a\
\xe1\xbb\x01\x24\xd8\x82\x05\xd2\xc1\x83\xd2\x0d\x37\xf8\x7f\xfb\
\x59\x32\x37\xfe\xf1\xe3\xa5\xe1\xc3\xcd\xfe\x05\x9b\x36\xf9\xee\
\x08\xb9\xa0\x47\x0f\x33\xdd\xdf\xab\x97\xef\x4e\x3e\xed\xa9\xa7\
\xa4\xe7\x9e\xf3\xdd\x05\x12\x8c\x00\x80\xe6\x79\xf5\x55\xf3\xc7\
\x50\x42\x80\x64\x2e\xd8\x77\xde\x69\xbe\x19\xcd\x9d\x6b\x42\x0a\
\xd0\x58\xe9\xb4\x74\xfe\xf9\x66\x79\x5f\x68\x07\x53\x3d\xf5\x94\
\x34\x6f\x9e\xef\x2e\x90\x70\x04\x00\x34\xdf\xab\xaf\x4a\x2d\x5a\
\x48\xd7\x5c\x13\x4e\x08\x48\xa5\xcc\xd1\xc2\x23\x46\x98\xd9\x00\
\x0e\x43\x41\x63\xf4\xed\x6b\xbe\xf5\x77\xeb\xe6\xbb\x93\xcf\x9b\
\x3b\x97\x9b\x3f\xb2\x82\x00\x80\xec\x58\xb0\xc0\xac\x0c\xb8\xee\
\xba\x70\x42\x80\x24\x75\xee\x6c\xde\x0d\x58\xb4\x48\x7a\xf2\x49\
\x69\xff\x7e\xdf\x1d\x21\x64\x6d\xda\x98\x67\xfd\x67\x9e\x19\xd6\
\xef\xb1\x64\xde\xb7\x79\xfc\x71\xe9\xf9\xe7\x7d\x77\x82\x1c\x41\
\x00\x40\xf6\x2c\x5c\x28\x55\x56\x9a\xa5\x79\x21\x4d\x99\x46\x91\
\x39\x8f\xfd\x94\x53\xa4\xa7\x9f\x36\x7d\x86\xb0\x8c\x11\xe1\x88\
\x22\xe9\xb4\xd3\xa4\x2f\x7f\xd9\x84\x80\xd0\x64\x32\xd2\x43\x0f\
\x71\xb2\x1f\xb2\x8a\x00\x80\xec\x7a\xf3\x4d\xb3\x07\x79\x08\x7b\
\xa2\x7f\x56\x71\xb1\x74\xed\xb5\xe6\x42\xff\x97\xbf\xf8\x3f\xe4\
\x08\x61\xe8\xd7\xcf\xcc\x5c\xf9\x3e\xbd\xef\x68\x0e\x1e\x94\xee\
\xbf\x5f\x5a\xb6\xcc\x77\x27\xc8\x31\x59\x9f\xe3\x8a\x27\x4f\x0e\
\x64\x5d\x18\xbc\xea\xdd\x5b\x9a\x34\x49\x6a\xdd\xda\x77\x27\x47\
\xb7\x66\x8d\x59\xca\xf8\xe1\x87\xbe\x3b\x81\x0f\x5d\xbb\x9a\x17\
\xfc\x46\x8c\x08\x6f\xba\xbf\x5e\x4d\x8d\x39\x8c\x6b\xd5\x2a\xdf\
\x9d\x20\x00\xd1\x8c\x19\x59\xfd\x45\x25\x00\xc0\x9e\x1e\x3d\x4c\
\x08\x28\x29\xf1\xdd\xc9\xd1\xd5\xd5\x99\x4d\x54\x9e\x79\xc6\x1c\
\x7a\x84\xdc\x57\x52\x22\x5d\x7a\xa9\xd9\xca\x37\xe4\x3d\x23\xf6\
\xed\x33\xa7\xfa\x6d\xdc\xe8\xbb\x13\x04\x82\x00\x80\x64\x69\xdf\
\x5e\xba\xe5\x16\x73\x68\x4a\xc8\x6a\x6a\xa4\x97\x5e\x32\x3f\xfb\
\xf6\xf9\xee\x06\x36\xb4\x69\x23\x5d\x70\x81\x74\xee\xb9\xe1\x3d\
\x9e\xfa\xac\x8f\x3f\x36\x87\x6f\x6d\xdf\xee\xbb\x13\x04\x84\x00\
\x80\xe4\x69\xd9\x52\xba\xe9\x26\xb3\x41\x4f\xe8\x6a\x6a\xa4\xbf\
\xfd\x4d\x9a\x3f\x9f\x19\x81\x5c\xd1\xb6\xad\x74\xce\x39\x66\x4d\
\x7f\x61\xa1\xef\x6e\xbe\xd8\x9a\x35\xe6\xd0\xad\xaa\x2a\xdf\x9d\
\x20\x30\x04\x00\x24\x53\x2a\x25\x5d\x75\x95\xb9\x08\x27\x41\x6d\
\xad\x09\x02\xcf\x3f\x2f\x55\x54\xf8\xee\x06\x4d\xd1\xa1\x83\xd9\
\x0b\x62\xcc\x98\x30\x0e\xed\x69\x88\x45\x8b\xcc\x0b\xaa\x21\x9c\
\xb8\x89\xe0\x64\x3b\x00\xb0\x0a\x00\x6e\x64\x32\xd2\xa3\x8f\x4a\
\x65\x65\xd2\xf5\xd7\x87\xb5\x4c\xf0\x48\x0a\x0a\xcc\x54\xf1\xd9\
\x67\x4b\x6f\xbf\x6d\xf6\x39\x60\xd5\x40\x32\xf4\xed\x2b\x9d\x77\
\x9e\x74\xf2\xc9\xe1\xff\x9e\xd5\x8b\x63\x73\xa8\x0f\xfb\xfa\xc3\
\x21\x02\x00\xdc\x5a\xb4\xc8\x3c\xdf\xbc\xf9\xe6\xb0\x5f\x0e\xac\
\x97\x4e\x4b\xa3\x46\x99\x9f\x4d\x9b\xa4\x97\x5f\x36\x4b\x1d\xf9\
\x86\x16\x96\x74\xda\x3c\x62\x3a\xef\x3c\xb3\xac\x2f\x49\xf6\xef\
\x37\xcb\xfc\x78\xd3\x1f\x8e\xf1\x08\x00\x7e\x94\x94\x98\x10\x90\
\xc4\x23\x7c\x77\xed\x92\x16\x2f\x36\xab\x07\x78\x49\xcb\xaf\xce\
\x9d\xa5\x33\xce\x30\x3f\x49\x08\x94\x9f\xb5\x71\xa3\x79\xde\xcf\
\x63\x26\x34\x00\xef\x00\x20\x77\xa4\x52\x66\xdb\xd5\x0b\x2f\x0c\
\x77\x1d\xf6\x17\xd9\xb4\xc9\xcc\x6a\x2c\x59\x62\x5e\x20\x84\x7d\
\x05\x05\xd2\xd0\xa1\xe6\xf1\xcc\xc0\x81\xc9\xfd\xdd\x79\xe3\x0d\
\xe9\xc1\x07\xcd\xfb\x26\x40\x03\xf0\x0e\x00\x72\x47\x26\x63\xf6\
\x36\xdf\xbc\xd9\x1c\xbc\xd2\xaa\x95\xef\x8e\x1a\xaf\x57\x2f\xf3\
\x73\xd5\x55\x66\xa7\xb6\xa5\x4b\xcd\x5b\xdc\x6c\x35\x9c\x5d\xe9\
\xb4\x34\x68\x90\x34\x72\xa4\xd9\xb8\xa7\xa8\xc8\x77\x47\x4d\x57\
\x5b\x2b\xfd\xf9\xcf\x66\x16\x09\xf0\x88\x00\x00\xff\x96\x2e\x35\
\x53\xa1\xdf\xfc\x66\xf2\x9e\xdf\xd6\x2b\x2a\x32\x6f\x9b\x8f\x19\
\x63\xce\x43\x58\xb1\xc2\xbc\x3c\xb8\x72\x25\xef\x0b\x34\x55\x2a\
\x65\x5e\xe8\x1b\x39\x52\x3a\xf5\x54\xb3\x9c\x2f\xe9\x3e\xfa\xc8\
\x3c\xef\xdf\xba\xd5\x77\x27\x00\x8f\x00\x10\x90\x54\x4a\xba\xe4\
\x12\xf3\x13\xf2\x0e\x6d\x8d\x51\x59\x69\x66\x04\x56\xaf\x36\xa1\
\x80\xbd\x05\x8e\xad\x4d\x1b\xe9\x84\x13\xa4\x61\xc3\xcc\x34\x7f\
\x71\xb1\xef\x8e\xb2\x23\x8e\xcd\xb2\xd2\x47\x1e\xe1\x51\x11\x9a\
\x8c\x47\x00\xc8\x5d\x99\x8c\x39\xad\x6f\xdd\x3a\xe9\x1f\xfe\xc1\
\xac\xe3\x4e\xba\xe2\x62\xf3\x0d\x76\xe4\x48\x73\x13\xd8\xb8\x51\
\x7a\xef\x3d\x69\xed\x5a\xf3\xe7\x07\x0f\xfa\xee\xd0\xaf\x16\x2d\
\xcc\xb9\x11\x83\x06\x49\x43\x86\x98\xc7\x29\x49\x7d\xa6\x7f\x34\
\x7b\xf6\x48\xbf\xff\x3d\x6f\xf9\x23\x38\xcc\x00\x20\x4c\xc5\xc5\
\xd2\x57\xbe\x62\x6e\x9c\xb9\xaa\xb6\xd6\xec\x2d\xb0\x6e\x9d\xf4\
\xf7\xbf\x9b\x3f\xcf\xf5\x6f\x87\x2d\x5b\x9a\x69\xfd\x01\x03\xcc\
\x4f\x9f\x3e\xc9\xd9\xa4\xa7\x29\x96\x2f\x97\xfe\xf8\x47\xb6\x97\
\x46\x56\x30\x03\x80\xfc\x50\x59\x29\xdd\x77\x9f\x99\x0a\xbe\xe1\
\x06\x73\xa6\x40\xae\x29\x28\x30\xd3\xdd\x27\x9c\x60\xfe\x3a\x93\
\x91\xb6\x6d\x33\x2b\x0b\x36\x6d\x32\x2f\x47\x6e\xde\x9c\xdc\x50\
\xd0\xb2\xa5\x39\x62\xb7\x5b\x37\xe9\xb8\xe3\xcc\xb7\xfb\xde\xbd\
\x93\xb3\x39\x4f\x73\x54\x55\x99\x8d\x7d\x16\x2d\xf2\xdd\x09\x70\
\x54\x04\x00\x84\x6d\xf9\x72\x69\xfd\x7a\xe9\x9a\x6b\xa4\xd3\x4e\
\xf3\xdd\x8d\x5d\xa9\x94\xb9\x59\x76\xeb\x76\xe8\xdf\x35\x93\x91\
\x76\xee\x34\x3b\x28\xd6\xff\x6c\xdb\x66\x7e\xf6\xec\x31\x8f\x15\
\x7c\x8a\x22\xa9\x5d\x3b\xa9\x4b\x17\x73\xbc\x6e\x97\x2e\xa6\xff\
\x2e\x5d\xa4\x8e\x1d\x73\xe7\x5d\x8e\xc6\x78\xfb\x6d\xb3\x9d\xef\
\xde\xbd\xbe\x3b\x01\x8e\x89\x00\x80\xf0\xed\xdf\x2f\xfd\xee\x77\
\xd2\x5b\x6f\x49\x37\xde\x98\x1b\xef\x06\x34\x54\x2a\x25\x95\x96\
\x9a\x9f\x21\x43\x3e\xfd\xf7\xea\xea\xcc\xa6\x44\xbb\x76\x99\x8d\
\x64\x76\xef\x36\x7f\x5e\x55\x65\x66\x50\x0e\xff\xa9\xa9\x31\x61\
\xa2\xba\xfa\xd8\xf5\x0a\x0b\x4d\xcd\x56\xad\xcc\xca\x86\xe2\xe2\
\x4f\xff\x94\x94\x98\x9f\x0e\x1d\xcc\xac\x4c\xfb\xf6\xf9\xf1\x8d\
\xbe\x21\x76\xef\x36\x37\xfe\x77\xde\xf1\xdd\x09\xd0\x20\x04\x00\
\x24\xc7\x7b\xef\x49\x3f\xfd\xa9\xd9\x3c\xe8\x9c\x73\xf2\xf3\xdb\
\xe5\xe1\xd2\x69\xa9\x53\x27\xf3\xd3\x58\x75\x75\xd2\x81\x03\xe6\
\xcf\x5b\xb5\xe2\x26\xde\x1c\xf5\x6f\xf8\x3f\xfe\xb8\x09\x5b\x40\
\x42\x10\x00\x90\x2c\xd5\xd5\xd2\x9c\x39\xd2\xc2\x85\xe6\x50\xa1\
\x41\x83\x7c\x77\x94\x4c\xe9\x74\xee\x2c\xb1\xf3\x69\xd3\x26\xf3\
\xad\x9f\x83\xa2\x90\x40\x04\x00\x24\x53\x59\x99\x34\x6d\x9a\x79\
\x49\xf0\xfa\xeb\xf3\xeb\xb1\x00\xfc\xab\xac\x34\x4b\x56\x5f\x7e\
\xd9\xff\x7b\x18\x40\x13\x11\x00\x90\x6c\xcb\x97\x9b\x65\x74\xe3\
\xc7\x4b\x63\xc7\x32\x95\x0d\xbb\xea\xea\xa4\x57\x5f\x95\x9e\x7a\
\xca\xbc\x6b\x01\x24\x18\x01\x00\xc9\x57\x5d\x2d\xfd\xf5\xaf\xd2\
\x82\x05\x66\x17\xc1\x31\x63\x78\x3f\x00\xd9\xb7\x62\x85\xd9\xc9\
\xaf\xbc\xdc\x77\x27\x40\x56\x10\x00\x90\x3b\x2a\x2a\xcc\xe9\x6a\
\x0b\x16\x48\x97\x5e\x9a\xdb\x9b\x08\xc1\x9d\xf5\xeb\xcd\x0b\x7e\
\xef\xbf\xef\xbb\x13\x20\xab\x08\x00\xc8\x3d\x1f\x7d\x64\x36\x11\
\x1a\x38\x50\x9a\x30\xc1\x6c\x3e\x03\x34\xd6\x96\x2d\xd2\x13\x4f\
\x98\x03\x9d\x80\x1c\x44\x00\x40\xee\x5a\xbb\x56\xfa\xcf\xff\x94\
\xfa\xf7\x97\x2e\xbb\xcc\x04\x02\xe0\x8b\x6c\xdd\x2a\xcd\x9b\x67\
\x8e\x77\xe6\x05\x3f\xe4\x30\x02\x00\x72\xdf\xfb\xef\x4b\x77\xdf\
\x6d\x82\xc0\xb8\x71\xe6\x94\x39\xe0\xb3\xd6\xaf\x97\xe6\xcf\x37\
\xcf\xfa\xb9\xf1\x23\x0f\x10\x00\x90\x3f\xde\x7f\xdf\xfc\xf4\xeb\
\x27\x5d\x7c\xb1\x34\x78\x70\xee\x9d\x3c\x87\xc6\x5b\xb3\xc6\x7c\
\xe3\x5f\xb7\xce\x77\x27\x80\x53\x04\x00\xe4\x9f\xf5\xeb\xa5\x59\
\xb3\xa4\xce\x9d\xa5\x73\xcf\x95\xce\x3c\xd3\x1c\x5c\x83\xfc\x71\
\xf0\xa0\xb4\x74\xa9\xf4\xc2\x0b\x66\xca\x1f\xc8\x43\x04\x00\xe4\
\xaf\xf2\x72\xe9\xe1\x87\xcd\x9a\xee\x33\xce\x90\xce\x3b\xaf\x69\
\xdb\xea\x22\x39\xf6\xec\x31\xeb\xf8\x17\x2e\xe4\x88\x5e\xe4\x3d\
\x02\x00\x50\x5d\x6d\x96\x0e\x2e\x5c\x28\x0d\x1f\x2e\x9d\x75\x96\
\x74\xe2\x89\x3c\x1e\xc8\x15\x71\x6c\xa6\xf7\x17\x2d\x32\x2f\xf6\
\xd5\xd5\xf9\xee\x08\x08\x02\x01\x00\xa8\x97\xc9\x98\x1b\xc4\xb2\
\x65\xe6\x94\xbb\xd1\xa3\x4d\x18\x28\x2d\xf5\xdd\x19\x9a\x62\xf7\
\x6e\xe9\x8d\x37\xcc\x8d\x7f\xfb\x76\xdf\xdd\x00\xc1\x21\x00\x00\
\x47\xb2\x6b\x97\x79\x23\xfc\xf9\xe7\xcd\xf2\xc1\x31\x63\xcc\xec\
\x00\xef\x0a\x84\xad\xb6\xd6\xbc\xc5\xff\xda\x6b\xd2\xea\xd5\x26\
\xd4\x01\x38\x22\x02\x00\x70\x2c\x71\x6c\xde\x12\x5f\xb3\x46\x2a\
\x28\x30\x8f\x06\x46\x8e\x94\x4e\x3e\xd9\x1c\xa3\x0b\xff\x0e\x1e\
\x34\x37\xfb\xb7\xdf\x96\xde\x79\xc7\x3c\xd2\x01\xf0\x85\x08\x00\
\x40\x43\xd5\xd6\x9a\xc3\x87\x96\x2f\x37\x37\xff\x61\xc3\xa4\x53\
\x4e\x91\x4e\x3a\xc9\x84\x03\xb8\x53\x7f\xd3\x5f\xba\xd4\xfc\xf7\
\xe0\x60\x1e\xa0\xd1\x08\x00\x40\x53\x1c\x38\x20\xbd\xf9\xa6\xf9\
\x29\x28\x30\x7b\x0b\x9c\x78\xa2\x79\x4c\xd0\xb5\xab\xef\xee\x72\
\xd3\xde\xbd\xd2\xaa\x55\xe6\x86\xbf\x6a\x15\xdf\xf4\x81\x66\x22\
\x00\x00\xcd\x55\x5b\x7b\xe8\x31\xc1\xe3\x8f\x4b\xdd\xba\x49\x43\
\x86\x98\x9f\xbe\x7d\x99\x1d\x68\xaa\x83\x07\xa5\x0f\x3e\x30\x7b\
\xf1\xaf\x5c\xc9\x7a\x7d\x20\xcb\x08\x00\x40\xb6\x7d\xfc\xb1\xf9\
\x79\xe1\x05\x73\x2c\x71\xcf\x9e\xd2\xa0\x41\x66\x2b\xe2\xfe\xfd\
\xa5\xa2\x22\xdf\x1d\x86\xa9\xa6\xc6\x1c\xc0\xf3\xfe\xfb\x66\x7a\
\x7f\xfd\x7a\x13\xae\x00\x58\x41\x00\x00\x6c\xca\x64\xa4\x4d\x9b\
\xcc\xcf\xfc\xf9\x26\x10\x1c\x7f\xbc\x99\x19\xe8\xd5\xcb\xfc\x74\
\xe9\x62\xfe\xf7\x7c\x12\xc7\xd2\xb6\x6d\xd2\xe6\xcd\xe6\xff\x37\
\x1f\x7c\x60\xfe\xc8\x1a\x7d\xc0\x19\x02\x00\xe0\x52\x26\x23\x6d\
\xdc\x68\x7e\xea\xb5\x6a\x65\x66\x09\x8e\x3f\xde\xfc\x1c\x77\x9c\
\x09\x05\x85\x85\xfe\xfa\xcc\xa6\x9a\x1a\xa9\xac\xcc\xcc\x8a\xd4\
\xdf\xf0\xb7\x6c\xe1\x19\x3e\xe0\x19\x01\x00\xf0\xed\xc0\x81\x43\
\x07\x15\x1d\xae\x7d\x7b\x13\x04\xba\x74\x31\x2f\x16\x76\xe9\x22\
\x75\xe8\x60\xfe\xf7\xe2\x62\x3f\xbd\x1e\x4d\x55\x95\xd9\x3b\xa1\
\xa2\xc2\x6c\xb1\x5c\x56\x66\x7e\xb6\x6d\x33\xff\x1b\x80\xe0\x10\
\x00\x80\x50\xed\xda\x65\x7e\xd6\xae\xfd\xfc\xdf\x6b\xd9\xf2\x50\
\x18\x68\xdf\x5e\x6a\xd7\x4e\x6a\xdd\xda\xbc\x5f\x50\x5c\x6c\x7e\
\x0e\xff\x73\xc9\x3c\x66\xf8\xa2\x59\x85\x03\x07\x0e\x4d\xc3\x57\
\x55\x49\x95\x95\x87\x7e\x0e\xff\xeb\xdd\xbb\xcd\xcf\xae\x5d\xd2\
\xce\x9d\xe6\x5b\x3e\x80\x44\x21\x00\x00\x49\x54\x3f\xad\x5e\x56\
\xd6\xb4\x7f\xfe\xf0\x30\x70\xf8\x4d\x1f\x40\xde\xb0\x11\x00\x0e\
\x5a\x1a\x17\x40\xb6\x64\x32\xe6\x9b\x3c\x80\xa4\xc8\xfa\x92\x18\
\x1b\xaf\x1e\x33\x17\x08\x00\x40\x76\x65\xfd\xde\x4a\x00\x00\x00\
\x20\x7c\x07\xb2\x3d\xa0\x8d\x00\x90\xf5\x26\x01\x00\xc8\x73\x09\
\x98\x01\x88\xe3\x3d\x59\x1f\x13\x00\x80\xfc\xb6\x2b\xdb\x03\xda\
\x98\x01\xd8\x61\x61\x4c\x00\x00\xf2\x59\xd6\xef\xad\xd9\x0f\x00\
\xa9\x14\x01\x00\x00\x80\xec\x4a\x40\x00\x88\xe3\xed\x59\x1f\x13\
\x00\x80\xfc\x96\x80\x00\x20\x7d\x68\x61\x4c\x00\x00\xf2\x59\xd6\
\xcf\xc3\xce\x7e\x00\x88\xa2\x0d\x59\x1f\x13\x00\x80\xfc\xf6\x41\
\xb6\x07\xcc\x7e\x00\xc8\x64\x36\x64\x7d\x4c\x00\x00\xf2\x99\x85\
\x2f\xd7\xd9\x0f\x00\x2d\x5a\x64\x3d\xa5\x00\x00\x90\xe7\x12\x30\
\x03\xd0\xb1\xe3\x07\x92\x38\xe8\x1b\x00\x80\xec\xa8\x52\x59\xd9\
\xa6\x6c\x0f\x9a\xf5\x00\x10\x4d\x9d\x7a\x50\x71\xbc\x2a\xdb\xe3\
\x02\x00\x90\xa7\x56\x44\x73\xe6\x64\xfd\xc8\x4e\x1b\xab\x00\xa4\
\x28\x7a\xd7\xca\xb8\x00\x00\xe4\x9f\xe5\x36\x06\xb5\x13\x00\xe2\
\xd8\x4a\xb3\x00\x00\xe4\x9d\x38\x5e\x61\x63\x58\x3b\x01\x20\x9d\
\x7e\xc3\xca\xb8\x00\x00\xe4\x9b\x28\x7a\xdd\xc6\xb0\x76\x02\x80\
\xf4\x86\x38\x15\x10\x00\x80\xe6\x3a\xa0\x54\x6a\xa9\x8d\x81\xad\
\x04\x80\x68\xda\xb4\x03\x8a\xe3\xb7\x6d\x8c\x0d\x00\x40\xde\x88\
\xe3\x37\xa2\x69\xd3\xac\x7c\xa1\xb6\x35\x03\x20\x45\xd1\x22\x6b\
\x63\x03\x00\x90\x0f\x52\x29\x6b\xf7\x52\x9b\x01\x60\xbe\xb5\xb1\
\x01\x00\xc8\x07\x99\xcc\x73\xb6\x86\xb6\x17\x00\xf6\xed\x7b\x59\
\x52\xa5\xb5\xf1\x01\x00\xc8\x6d\xfb\x95\x4e\xff\xcd\xd6\xe0\xd6\
\x02\x40\x74\xff\xfd\xd5\x8a\xe3\x97\x6d\x8d\x0f\x00\x40\x8e\x7b\
\xde\xd6\xf3\x7f\xc9\xe6\x0c\x80\xf1\x94\xe5\xf1\x01\x00\xc8\x4d\
\x51\xf4\xb4\xcd\xe1\x6d\x07\x80\x47\x25\x65\x7d\xfb\x42\x00\x00\
\x72\xdc\x41\x1d\x3c\xf8\x98\xcd\x02\x56\x03\x40\x34\x73\xe6\xc7\
\x92\x16\xda\xac\x01\x00\x40\xce\x89\xa2\x17\xa3\x7b\xee\xd9\x66\
\xb3\x84\xed\x19\x00\x49\x9a\xe3\xa0\x06\x00\x00\xb9\x23\x8e\xad\
\xdf\x3b\xed\x07\x80\xda\xda\x39\x62\x57\x40\x00\x00\x1a\xaa\x5a\
\x99\xcc\x23\xb6\x8b\x58\x0f\x00\xd1\xec\xd9\xdb\x15\xc7\x56\x9f\
\x63\x00\x00\x90\x33\xe2\xf8\xe1\x68\xd6\xac\x0a\xdb\x65\x5c\x3c\
\x02\x90\xa2\xe8\xd7\x4e\xea\x00\x00\x90\x74\xa9\xd4\x7d\x2e\xca\
\x44\x2e\x8a\xc4\x52\xa4\xc9\x93\xd7\x4a\x1a\xe0\xa2\x1e\x00\x00\
\x89\x14\xc7\xeb\x34\x73\xe6\xa0\x48\x8a\x6d\x97\x72\x32\x03\xf0\
\xc9\xbf\xc8\x34\x17\xb5\x00\x00\x48\xb0\xff\x76\x71\xf3\x97\x5c\
\x3d\x02\x90\xa4\xa2\xa2\xfb\x24\xed\x70\x56\x0f\x00\x80\x64\xd9\
\xa9\xe2\xe2\x07\x5c\x15\x73\x16\x00\xa2\x9f\xff\x7c\xbf\xa4\x7b\
\x5d\xd5\x03\x00\x20\x51\xa2\x68\xc6\x27\xf7\x4a\x27\xdc\xcd\x00\
\x48\x52\x6d\xed\x5d\x92\xaa\x9c\xd6\x04\x00\x20\x7c\xfb\x75\xf0\
\xe0\x74\x97\x05\x9d\x06\x80\x68\xf6\xec\x8f\x24\xcd\x72\x59\x13\
\x00\x80\xe0\x45\xd1\x34\xdb\x3b\xff\x7d\x96\xdb\x19\x00\x49\xaa\
\xad\xfd\x3f\x92\xf6\x3a\xaf\x0b\x00\x40\x98\xf6\x29\x8a\x7e\xe1\
\xba\xa8\xf3\x00\x10\xcd\x9e\xbd\x5d\xac\x08\x00\x00\xc0\x88\xa2\
\xff\x8a\xa6\x4d\x2b\x77\x5d\xd6\xfd\x0c\x80\x24\x55\x55\xfd\xbb\
\xa2\xe8\x23\x2f\xb5\x01\x00\x08\xc7\x56\x15\x16\xfe\xa7\x8f\xc2\
\x5e\x02\x40\xf4\x9b\xdf\xec\x95\xf4\xbf\x7c\xd4\x06\x00\x20\x20\
\xff\xec\xf2\xcd\xff\xc3\xf9\x99\x01\x90\xa4\xd2\xd2\xdf\x4a\x5a\
\xea\xad\x3e\x00\x00\x7e\xbd\xa1\x19\x33\xfe\xe0\xab\xb8\xb7\x00\
\x10\x4d\x9d\x9a\x51\x1c\xdf\x22\xa9\xce\x57\x0f\x00\x00\x78\x52\
\xa7\x4c\x66\x92\xab\x5d\xff\x8e\xc4\xdf\x0c\x80\xa4\x68\xe6\xcc\
\x25\xe2\x85\x40\x00\x40\xfe\xf9\x45\x34\x6b\xd6\x5b\x3e\x1b\xf0\
\x1a\x00\x24\x49\xb5\xb5\x3f\x91\xb4\xde\x77\x1b\x00\x00\x38\xb2\
\x41\x45\x45\xff\xe2\xbb\x09\xef\x01\x20\x9a\x3d\xbb\x52\xd2\x44\
\x49\x19\xdf\xbd\x00\x00\x60\x59\x46\x51\xf4\x2d\x5f\x2f\xfe\x1d\
\xce\x7b\x00\x90\xa4\x68\xc6\x8c\x17\x24\xfd\xd2\x77\x1f\x00\x00\
\x58\x15\x45\x3f\x8b\xa6\x4f\x5f\xe0\xbb\x0d\x29\x90\x00\x20\x49\
\x4a\xa5\x7e\x22\x69\x99\xef\x36\x00\x00\xb0\x64\xa9\x4a\x4b\xff\
\x5f\xdf\x4d\xd4\x8b\x7c\x37\x70\xb8\xf8\xb6\xdb\x4e\x54\x1c\xbf\
\x21\xa9\xad\xef\x5e\x00\x00\xc8\xa2\xdd\x4a\xa7\x47\x47\x77\xdf\
\xbd\xce\x77\x23\xf5\xc2\x99\x01\x90\x14\x4d\x9f\xbe\x5a\xd2\x37\
\xe4\x71\x59\x04\x00\x00\x59\x16\x2b\x8e\x6f\x0e\xe9\xe6\x2f\x05\
\x16\x00\x24\x29\x9a\x31\xe3\x71\xc5\xb1\x97\x6d\x11\x01\x00\xc8\
\xba\x38\xfe\xdf\xd1\xcc\x99\x8f\xfa\x6e\xe3\xb3\x82\x0b\x00\x92\
\xa4\xf2\xf2\x1f\x4b\x9a\xe7\xbb\x0d\x00\x00\x9a\x25\x8a\xe6\xaa\
\xbc\x3c\x98\xe7\xfe\x87\x0b\x32\x00\x44\x73\xe6\xd4\xa9\xaa\xea\
\x7a\xf1\x52\x20\x00\x20\xa9\xe2\xf8\x6d\x65\x32\x37\x46\x73\xe6\
\x04\xb9\xe3\x6d\x90\x01\x40\xfa\xe4\xc0\xa0\x28\xba\x4c\xd2\x66\
\xdf\xbd\x00\x00\xd0\x48\x5b\x95\x4e\x5f\x19\xcd\x9c\xb9\xcf\x77\
\x23\x47\x13\x6c\x00\x90\xa4\x68\xfa\xf4\x0f\x55\x57\x77\xa9\xa4\
\x1d\xbe\x7b\x01\x00\xa0\x81\xb6\x2b\x95\xba\x28\x9a\x36\x6d\x8b\
\xef\x46\x8e\x25\xe8\x00\x20\x49\xd1\x3d\xf7\xac\x50\x1c\x5f\x28\
\xa9\xc2\x77\x2f\x00\x00\x7c\x81\x3d\x8a\xa2\xf1\xd1\xb4\x69\x2b\
\x7d\x37\xf2\x45\x82\x0f\x00\x92\x14\xcd\x9c\xb9\x4c\x71\x7c\xa5\
\x24\xef\x5b\x27\x02\x00\x70\x14\xfb\x15\x45\x97\x46\xd3\xa7\xbf\
\xe9\xbb\x91\x86\x48\x44\x00\x90\xa4\x68\xe6\xcc\x57\x15\xc7\xe7\
\x49\xda\xe9\xbb\x17\x00\x00\x3e\x63\xb7\xa2\xe8\xe2\x68\xfa\xf4\
\x45\xbe\x1b\x69\xa8\xc4\x04\x00\xe9\xff\x1e\x1f\x3c\x4e\xd2\x76\
\xdf\xbd\x00\x00\xf0\x89\x9d\x4a\xa5\x2e\x4a\xd2\xcd\x5f\x0a\x6c\
\x2b\xe0\x86\x8a\x6f\xb9\x65\xa8\xd2\xe9\x79\x92\x7a\xf8\xee\x05\
\x00\x90\xd7\x36\x2b\x95\xba\x24\x09\xcf\xfc\x3f\x2b\x51\x33\x00\
\xf5\xa2\x7b\xee\x59\xa1\x28\x3a\x4d\xd2\x52\xdf\xbd\x00\x00\xf2\
\xd6\xbb\x8a\xe3\xb3\x92\x78\xf3\x97\x12\x1a\x00\xa4\x4f\x96\x08\
\x56\x55\x8d\x55\x1c\x3f\xe3\xbb\x17\x00\x40\xde\x79\x4a\x71\x7c\
\x56\x34\x73\x66\x62\xf7\xaa\x49\x6c\x00\x90\x3e\xd9\x2c\xa8\xbc\
\xfc\x0a\x45\xd1\xbf\x48\xca\xf8\xee\x07\x00\x90\xf3\x62\x49\xff\
\xa1\x6d\xdb\xae\x0a\x79\x93\x9f\x86\x48\xe4\x3b\x00\x47\x12\x4f\
\x9a\x74\x85\xa2\xe8\x77\x92\xda\xfb\xee\x05\x00\x90\x93\xf6\x2a\
\x8a\xbe\x15\x4d\x9f\xfe\x88\xef\x46\xb2\x21\x67\x02\x80\x24\xc5\
\xb7\xde\x3a\x48\x51\xf4\xa0\xa2\x68\xa4\xef\x5e\x00\x00\x39\xe5\
\x4d\xa5\xd3\x5f\x0d\xed\x48\xdf\xe6\x48\xf4\x23\x80\xcf\x8a\x66\
\xcd\x5a\xa3\x83\x07\x4f\xe7\x91\x00\x00\x20\x4b\x62\x49\x77\xab\
\x73\xe7\xb3\x72\xe9\xe6\x2f\xe5\xd8\x0c\xc0\xe1\xe2\xdb\x6e\x3b\
\x5f\x71\x7c\x9f\xa4\x3e\xbe\x7b\x01\x00\x24\xd2\x7a\x45\xd1\xb7\
\xa3\xe9\xd3\x17\xf8\x6e\xc4\x86\x9c\x9a\x01\x38\x5c\x34\x7d\xfa\
\x8b\xaa\xad\x1d\x22\xe9\x3f\x24\x05\x79\x14\x23\x00\x20\x48\x07\
\x25\xdd\xad\x38\x3e\x39\x57\x6f\xfe\x52\x0e\xcf\x00\x1c\x2e\x9e\
\x34\x69\xb4\x52\xa9\x59\x8a\xe3\x53\x7d\xf7\x02\x00\x08\xda\x1b\
\x92\x6e\x8d\x66\xcc\xc8\xf9\x7d\x66\xf2\x22\x00\x48\x52\x2c\x45\
\xba\xed\xb6\x6b\x15\xc7\x3f\x97\xd4\xcb\x77\x3f\x00\x80\xa0\x7c\
\xa8\x28\xfa\x17\x95\x96\xde\x1b\x4d\x9d\x9a\x17\xef\x90\xe5\x4d\
\x00\xa8\x17\xdf\x7c\x73\x5b\x15\x15\xfd\x48\xd2\x0f\x24\xb5\xf1\
\xdd\x0f\x00\xc0\xab\x3d\x8a\xa2\x5f\xaa\xb0\xf0\x3f\xa3\x9f\xff\
\x3c\xaf\x4e\x9c\xcd\xbb\x00\x50\x2f\x9e\x3c\xb9\x93\xa2\x68\x8a\
\xe2\xf8\x87\x92\xda\xfa\xee\x07\x00\xe0\xd4\x7e\x49\xf7\xa9\x45\
\x8b\xff\x1d\xdd\x75\x57\x99\xef\x66\x7c\xc8\xdb\x00\x50\x2f\xbe\
\xfd\xf6\xae\x3a\x78\xf0\xfb\x92\x6e\x91\xd4\xd1\x77\x3f\x00\x00\
\xab\x76\x48\x9a\xa5\xba\xba\x69\xd1\x3d\xf7\x6c\xf3\xdd\x8c\x4f\
\x79\x1f\x00\xea\xc5\x77\xde\xd9\x5a\x95\x95\xdf\x52\x14\xdd\x2e\
\x69\x80\xef\x7e\x00\x00\x59\x14\xc7\xeb\x14\x45\x77\xa9\xb6\xf6\
\xb7\xd1\xec\xd9\x95\xbe\xdb\x09\x01\x01\xe0\x08\xe2\x5b\x6f\x3d\
\x55\xa9\xd4\x44\x49\x5f\x97\x54\xec\xbb\x1f\x00\x40\x93\x1c\x90\
\xf4\x84\x52\xa9\xd9\x9a\x36\xed\x85\xc8\x6c\xea\x83\x4f\x10\x00\
\x8e\x21\xbe\xe3\x8e\x8e\xaa\xad\xbd\x56\x71\x7c\xbd\xa4\xb1\x92\
\xd2\x9e\x5b\x02\x00\x1c\x5b\x9d\xa4\x17\x25\xfd\x45\x99\xcc\x23\
\xd1\xac\x59\x15\xbe\x1b\x0a\x15\x01\xa0\x81\xe2\x5b\x6e\xe9\xa2\
\x16\x2d\xae\x56\x1c\x5f\x2a\xe9\x7c\x49\xad\x7d\xf7\x04\x00\x90\
\x24\xed\x93\xf4\xa2\xe2\xf8\x69\xa5\xd3\x8f\x46\xd3\xa6\x95\xfb\
\x6e\x28\x09\x08\x00\x4d\x10\x4f\x99\xd2\x4a\x99\xcc\xd9\x92\xc6\
\x49\x3a\x5b\xd2\x28\x49\xad\xfc\x76\x05\x00\x79\xa3\x5a\xd2\x9b\
\x8a\xa2\x57\x25\xcd\x57\x69\xe9\xab\xd1\xd4\xa9\x35\xbe\x9b\x4a\
\x1a\x02\x40\x16\xc4\x53\xa6\xb4\x52\x1c\x8f\x52\x26\x73\x9a\xa2\
\x68\x98\xa2\x68\xb8\xe2\x78\xb0\xa4\x22\xdf\xbd\x01\x40\xc2\x55\
\x49\x7a\x4f\xd2\x72\xc5\xf1\x72\x49\x8b\x95\x4e\xbf\x15\x4d\x9b\
\x76\xc0\x73\x5f\x89\x47\x00\xb0\x24\xbe\xee\xba\xb4\x4a\x4b\x7b\
\x2b\x95\xea\xab\x28\xea\xa3\x38\xee\x23\xa9\xa7\xa4\x4e\x87\xfd\
\x74\x90\x54\x20\x73\x26\x43\x89\xaf\x5e\x01\xc0\xb1\xdd\x32\x27\
\xb6\xd6\x48\xda\x25\xb3\x34\xaf\xfe\x67\x8b\xa2\x68\x83\xa4\x0f\
\x54\x57\xb7\x41\xdb\xb7\x6f\x8c\xe6\xcc\xe1\x3c\x17\x00\x00\x00\
\x00\x00\x00\x00\x00\x00\x00\x00\x00\x00\x00\x00\x00\x00\x00\x00\
\x00\x00\x00\x00\x00\x00\x00\x00\x00\x00\x00\x00\x00\x00\x00\x00\
\x00\x00\x00\x00\x00\x00\x00\x00\x00\x00\x00\x00\x00\x00\x00\x00\
\x00\x00\x00\x00\x00\x00\x00\x00\xd0\x60\xff\x3f\x14\xff\xbf\xcc\
\x76\x29\x5b\x23\x00\x00\x00\x00\x49\x45\x4e\x44\xae\x42\x60\x82\
\
\x00\x00\x10\xbe\
\x00\
\x00\x01\x00\x01\x00\x20\x20\x00\x00\x01\x00\x20\x00\xa8\x10\x00\
\x00\x16\x00\x00\x00\x28\x00\x00\x00\x20\x00\x00\x00\x40\x00\x00\
\x00\x01\x00\x20\x00\x00\x00\x00\x00\x00\x00\x00\x00\x00\x00\x00\
\x00\x00\x00\x00\x00\x00\x00\x00\x00\x00\x00\x00\x00\x00\x00\x00\
\x00\x00\x00\x00\x00\x00\x00\x00\x00\x00\x00\x00\x00\x00\x00\x00\
\x00\x00\x00\x00\x00\x00\x00\x00\x00\x00\x00\x00\x00\x00\x00\x00\
\x00\x00\x00\x00\x00\x00\x00\x00\x00\x00\x00\x00\x00\x00\x00\x00\
\x00\x00\x00\x00\x00\x00\x00\x00\x00\x00\x00\x00\x00\x00\x00\x00\
\x00\x00\x00\x00\x00\x00\x00\x00\x00\x00\x00\x00\x00\x00\x00\x00\
\x00\x00\x00\x00\x00\x00\x00\x00\x00\x00\x00\x00\x00\x00\x00\x00\
\x00\x00\x00\x00\x00\x00\x00\x00\x00\x00\x00\x00\x00\x00\x00\x00\
\x00\x00\x00\x00\x00\x00\x00\x00\x00\x00\x00\x00\x00\x00\x00\x00\
\x00\x00\x00\x00\x00\x00\x00\x00\x00\x00\x00\x00\x00\x00\x00\x00\
\x00\x00\x00\x00\x00\x00\x00\x00\x00\x00\x00\x00\x00\x00\x00\x00\
\x00\x00\x00\x00\x00\x00\x00\x00\x00\x00\x00\x00\x00\x00\x00\x00\
\x00\x00\x00\x00\x00\x00\x00\x00\x00\x00\x00\x00\x00\x00\x00\x00\
\x00\x00\x00\x00\x00\x00\x00\x00\x00\x00\x00\x00\x00\x00\x00\x00\
\x00\x00\x00\x00\x00\x00\x00\x00\x00\x00\x00\x00\x00\x00\x00\x00\
\x00\x00\x00\x00\x00\x00\x00\x00\x00\x00\x00\x00\x00\x00\x00\x00\
\x00\x00\x00\x00\x00\x00\x00\x00\x00\x00\x00\x00\x00\x00\x00\x00\
\x00\x00\x00\x00\x00\x00\x00\x00\x00\x00\x00\x00\x00\x00\x00\x00\
\x00\x00\x00\x00\x00\x00\x00\x00\x00\x00\x00\x00\x00\x00\x00\x00\
\x00\x00\x00\x00\x00\x00\x00\x00\x00\x00\x00\x00\x00\x00\x00\x00\
\x00\x00\x00\x00\x00\x00\x00\x00\x00\x00\x00\x00\x00\x00\x00\x00\
\x00\x00\x00\x00\x00\x00\x00\x00\x00\x00\x00\x00\x00\x00\x00\x00\
\x00\x00\x00\x00\x00\x00\x00\x00\x00\x00\x00\x00\x00\x00\x00\x00\
\x00\x00\x00\x00\x00\x00\x00\x00\x00\x00\x00\x00\x00\x00\x00\x00\
\x00\x00\x00\x00\x00\x00\x00\x00\x00\x00\x00\x00\x00\x00\x00\x00\
\x00\x00\x00\x00\x00\x00\x00\x00\x00\x00\x00\x00\x00\x00\x00\x00\
\x00\x00\x00\x00\x00\x00\x00\x00\x00\x00\x00\x00\x00\x00\x00\x00\
\x00\x00\x00\x00\x00\x00\x00\x00\x00\x00\x00\x00\x00\x00\x00\x00\
\x00\x00\x00\x00\x00\x00\x00\x00\x00\x00\x00\x00\x00\x00\x00\x00\
\x00\x00\x00\x00\x00\x00\x00\x00\x00\x00\x00\x00\x00\x00\x00\x00\
\x00\x00\x00\x00\x00\x00\x00\x00\x00\x00\x00\x00\x00\x00\x00\x00\
\x00\x00\x00\x00\x00\x00\x00\x00\x00\x00\x00\x00\x00\x00\x00\x00\
\x00\x00\x00\x00\x00\x00\x00\x00\x00\x00\x00\x00\x00\x00\x00\x00\
\x00\xb8\xba\xc2\x0c\xb9\xb6\xbc\x72\xb6\xb3\xb9\xa2\xaf\xaf\xb5\
\xa6\xad\xac\xb2\xaa\xa9\xaa\xb3\xac\xac\xad\xb7\xae\xa1\xa1\xab\
\xae\xac\xac\xb7\xae\xa5\xa8\xb6\xae\xaa\xae\xbc\xae\xac\xb1\xbf\
\xae\xb3\xba\xc9\xae\xb2\xb9\xc7\xae\xb5\xbc\xca\xae\xb3\xb9\xc9\
\xae\xb2\xb8\xc7\xae\xa0\xa7\xb3\xae\x93\x91\x96\xae\x91\x8d\x91\
\xae\x8a\x85\x8a\xae\x90\x8d\x93\xae\x93\x93\x99\xae\x9b\x9a\xa2\
\xae\x83\x84\x92\xae\x85\x87\x93\xaa\x7c\x7f\x8a\xa6\x79\x7c\x89\
\xa2\x76\x79\x88\x74\x80\x84\x8f\x0c\x00\x00\x00\x00\xa5\xa6\xb4\
\x14\xa6\xa9\xb6\xd4\xa0\xa3\xb0\xff\xab\xac\xb9\xff\xa5\xa8\xb5\
\xff\xa4\xa6\xb1\xff\xad\xaf\xbb\xff\xae\xb0\xba\xff\xbb\xbc\xc5\
\xff\xb6\xb9\xc2\xff\xb5\xba\xc3\xff\xb9\xbb\xc6\xff\xb5\xbb\xc7\
\xff\xbc\xbe\xc9\xff\xbf\xc3\xcf\xff\xc2\xc7\xd3\xff\xbd\xc0\xce\
\xff\xaa\xb1\xbf\xff\xa3\xa5\xad\xff\xb1\xae\xb0\xff\xb0\xaf\xb1\
\xff\xa3\x9f\xa3\xff\xa0\x9d\xa2\xff\xa8\xa7\xad\xff\xab\xab\xb3\
\xff\xa8\xa9\xb4\xff\xa8\xa9\xb4\xff\x8f\x91\x9d\xff\x85\x89\x98\
\xff\x72\x79\x88\xff\x76\x7a\x85\xd6\x71\x73\x7e\x14\x9a\x9c\xa7\
\x98\x9a\x9c\xa8\xff\x9f\xa4\xb1\xff\xa2\xa7\xb7\xff\xa5\xa7\xb8\
\xff\xa8\xaa\xb7\xff\xad\xb1\xbd\xff\xaa\xaf\xbe\xff\xa2\xaa\xbc\
\xff\xa7\xaa\xba\xff\xab\xb0\xbe\xff\xab\xae\xbc\xff\xac\xb2\xbf\
\xff\xab\xaf\xc0\xff\xb0\xb5\xc8\xff\xa7\xb0\xc4\xff\xb0\xbb\xcd\
\xff\xaf\xb7\xc7\xff\xa9\xa9\xac\xff\xaa\xa7\xa9\xff\xa7\xa4\xa7\
\xff\xa9\xa6\xa9\xff\xa9\xa8\xad\xff\xa3\xa2\xa7\xff\x97\x97\x9d\
\xff\x9a\x99\xa1\xff\x90\x91\x9b\xff\x88\x8c\x95\xff\x7e\x82\x8c\
\xff\x83\x84\x8e\xff\x7e\x80\x88\xff\x77\x79\x83\x9c\xa4\xa6\xb0\
\xe2\x98\x9c\xa7\xff\x8d\x93\x9e\xff\x86\x88\x90\xff\x8d\x90\x96\
\xff\x88\x87\x8b\xff\x89\x89\x8c\xff\x8a\x8c\x94\xff\x8a\x8d\x99\
\xff\x8f\x93\x9f\xff\x8c\x91\x9d\xff\x8f\x92\x99\xff\x92\x91\x98\
\xff\x91\x8f\x96\xff\x96\x95\x9d\xff\x90\x91\x99\xff\x8a\x8c\x96\
\xff\x8f\x8f\x95\xff\x8c\x89\x8b\xff\x94\x91\x94\xff\x97\x93\x98\
\xff\x8c\x8c\x8e\xff\x91\x8f\x94\xff\x96\x93\x98\xff\x91\x90\x98\
\xff\x8e\x8e\x94\xff\x8a\x8d\x93\xff\x8b\x8b\x92\xff\x87\x87\x8f\
\xff\x86\x86\x90\xff\x7a\x7c\x84\xff\x75\x76\x7f\xe6\x8b\x8e\x93\
\xe6\x81\x85\x8c\xff\x7f\x82\x89\xff\x7a\x7c\x7f\xff\x7f\x7d\x7f\
\xff\x83\x7f\x82\xff\x87\x85\x85\xff\x91\x8c\x90\xff\x90\x90\x93\
\xff\x95\x94\x97\xff\x8e\x8e\x90\xff\x8e\x8b\x8d\xff\x88\x85\x88\
\xff\x88\x86\x87\xff\x86\x84\x87\xff\x7e\x7d\x7f\xff\x82\x7f\x81\
\xff\x80\x7e\x80\xff\x7d\x7a\x7c\xff\x7b\x78\x7a\xff\x7c\x79\x7b\
\xff\x80\x7b\x7e\xff\x7e\x7e\x7e\xff\x7a\x78\x7b\xff\x72\x72\x76\
\xff\x7a\x7b\x7f\xff\x76\x77\x7c\xff\x72\x74\x7a\xff\x6e\x6e\x74\
\xff\x64\x66\x6e\xff\x62\x65\x6c\xff\x58\x5d\x66\xea\x8d\x8c\x90\
\xe8\x91\x90\x94\xff\x89\x8d\x92\xff\x83\x86\x8f\xff\x7b\x7d\x82\
\xff\x73\x72\x76\xff\x6c\x6c\x6c\xff\x70\x6d\x6e\xff\x76\x73\x74\
\xff\x76\x75\x74\xff\x75\x74\x74\xff\x79\x77\x78\xff\x7b\x77\x76\
\xff\x7d\x7a\x7a\xff\x80\x7d\x7d\xff\x86\x83\x83\xff\x8b\x88\x89\
\xff\x89\x84\x86\xff\x82\x80\x80\xff\x84\x81\x84\xff\x7e\x7b\x7d\
\xff\x7d\x7a\x7c\xff\x78\x77\x79\xff\x7b\x78\x7b\xff\x72\x72\x75\
\xff\x71\x70\x74\xff\x6d\x6e\x6f\xff\x62\x64\x68\xff\x5d\x60\x63\
\xff\x5c\x5e\x64\xff\x57\x5c\x62\xff\x57\x59\x63\xea\x87\x86\x8b\
\xe8\x8a\x86\x8a\xff\x87\x85\x87\xba\x90\x8d\x92\x78\x8c\x8b\x93\
\x7c\x8b\x8b\x91\xff\x8d\x8c\x97\xff\x84\x86\x8e\xff\x84\x84\x8c\
\xff\x7e\x81\x85\xff\x75\x78\x7b\xff\x74\x75\x79\xff\x6b\x6c\x71\
\xff\x6f\x6d\x6f\xff\x70\x6e\x6e\xff\x6e\x6b\x6c\xff\x69\x67\x67\
\xff\x6b\x68\x69\xff\x6b\x69\x6a\xff\x6f\x6e\x6e\xff\x70\x6e\x6e\
\xff\x6f\x6d\x6d\xff\x6c\x6b\x6a\xff\x6c\x69\x6b\xff\x5f\x60\x62\
\xff\x5d\x5d\x5f\xff\x5c\x60\x61\xff\x5c\x5e\x5f\x7c\x57\x5b\x5c\
\x78\x52\x54\x58\xba\x4e\x52\x53\xff\x4e\x50\x56\xea\x8f\x91\x9d\
\xe8\x83\x85\x8e\xff\x82\x86\x8a\x7c\x7d\x7f\x87\x16\x81\x82\x86\
\x5a\x81\x7e\x85\xff\x81\x82\x86\xff\x80\x80\x87\xff\x86\x86\x8a\
\xff\x8b\x8b\x8f\xff\x87\x89\x8f\xff\x90\x8f\x97\xff\x91\x91\x9b\
\xff\x8f\x90\x9d\xff\x84\x87\x92\xff\x84\x86\x90\xff\x81\x85\x8b\
\xff\x83\x82\x8a\xff\x77\x79\x81\xff\x76\x76\x7d\xff\x76\x75\x79\
\xff\x71\x70\x73\xff\x6b\x6d\x70\xff\x6b\x6b\x6f\xff\x62\x64\x66\
\xff\x62\x62\x65\xff\x61\x60\x62\xff\x61\x64\x66\x5a\x68\x69\x6d\
\x18\x59\x5b\x5c\x7a\x56\x5a\x5b\xff\x57\x59\x5d\xec\x95\x97\xa0\
\xea\x8b\x8c\x96\xff\x8e\x8e\x97\x7c\x78\x7a\x82\x42\x79\x79\x7e\
\xff\x78\x79\x7e\xff\x7a\x79\x7b\xc0\x84\x85\x8b\xda\x81\x82\x88\
\xff\x80\x80\x89\xee\x80\x80\x8a\xb8\x80\x84\x8d\xf2\x84\x86\x8b\
\xff\x8f\x8e\x97\xda\x85\x86\x92\xc0\x90\x8f\x98\xff\x91\x92\x9b\
\xff\x90\x91\x9b\xc0\x92\x94\x9f\xda\x93\x95\xa0\xff\x97\x97\xa2\
\xf2\x8a\x8b\x97\xb8\x7c\x80\x8b\xee\x7e\x83\x8e\xff\x7c\x7f\x8b\
\xda\x71\x72\x7e\xc0\x6a\x6e\x77\xff\x61\x64\x69\xff\x58\x5b\x60\
\x44\x52\x55\x5a\x7a\x51\x55\x58\xff\x53\x55\x59\xec\x9a\x9b\x9f\
\xea\x95\x96\x9f\xff\x89\x8b\x94\x7c\x85\x86\x8e\x42\x85\x89\x90\
\xff\x7f\x81\x87\xff\x7f\x7f\x84\x64\x83\x84\x88\x1a\x8a\x88\x8d\
\xee\x88\x87\x8d\x56\x87\x8a\x8f\x20\x83\x84\x8c\xf6\x89\x8a\x95\
\xff\x86\x87\x8f\xbc\x93\x96\x9e\x00\x8c\x8c\x96\xac\x8b\x8d\x98\
\xb0\x8c\x8e\x99\x00\x88\x8a\x94\xba\x87\x87\x91\xff\x8a\x89\x93\
\xf6\x82\x81\x8a\x22\x83\x86\x8c\x54\x82\x84\x8e\xf0\x83\x85\x93\
\x1c\x84\x86\x8f\x60\x7d\x7f\x8a\xff\x74\x76\x7c\xff\x70\x73\x78\
\x44\x60\x60\x63\x7a\x63\x63\x67\xff\x5c\x60\x64\xec\x92\x92\x98\
\xea\x89\x8b\x91\xff\x90\x92\x9a\x7c\x92\x95\x99\x42\x8e\x92\x9a\
\xff\x90\x93\x9c\xff\x8d\x90\x95\xe8\x83\x82\x8b\x10\x7f\x7d\x83\
\x3c\x81\x7d\x82\x00\x84\x83\x85\xac\x95\x94\x98\xff\x94\x93\x9b\
\xff\x87\x88\x92\xff\x8a\x8c\x94\x54\x89\x89\x95\x1c\x8b\x8b\x95\
\x1e\x96\x97\xa3\x50\x9f\xa1\xac\xff\xa4\xa7\xb1\xff\xa4\xa6\xb0\
\xff\x9b\x9d\xa7\xae\x82\x84\x85\x00\x7c\x7d\x81\x3c\x81\x7d\x83\
\x10\x78\x76\x78\xe6\x76\x74\x75\xff\x74\x71\x74\xff\x6d\x6c\x6f\
\x44\x62\x61\x64\x7c\x5d\x5f\x60\xff\x5e\x5e\x62\xee\x97\x97\x9d\
\xea\x96\x94\x9b\xff\x9a\x9a\xa0\x7c\x95\x97\x9f\x42\x8d\x8f\x98\
\xff\x8b\x8d\x97\xff\x81\x84\x8b\xff\x7d\x7f\x84\x92\x00\x00\x00\
\x00\x7e\x7e\x84\x44\x83\x82\x87\xff\x83\x80\x85\xff\x86\x86\x8b\
\xff\x8d\x8f\x96\xff\x90\x8f\x97\xe0\x8c\x8d\x97\x0a\x9b\x9a\xa3\
\x0a\xa0\x9f\xa6\xde\xa7\xa9\xb0\xff\xac\xae\xb7\xff\xa6\xa7\xb3\
\xff\xa0\xa1\xaf\xff\x9c\x9f\xad\x46\x00\x00\x00\x00\x84\x86\x8c\
\x90\x80\x7e\x81\xff\x76\x74\x75\xff\x72\x6f\x71\xff\x71\x6f\x6f\
\x44\x69\x69\x6a\x7c\x66\x64\x66\xff\x62\x61\x66\xee\x99\x9b\xa2\
\xec\x9a\x99\xa0\xff\x98\x9a\xa1\x7c\x8d\x90\x99\x42\x97\x99\xa0\
\xff\x98\x98\xa3\xff\x97\x99\xa2\xff\x97\x99\xa4\x88\x00\x00\x00\
\x00\x7d\x7e\x87\x36\x7f\x81\x86\xfc\x76\x78\x7a\xff\x7c\x7b\x7d\
\xff\x76\x76\x79\xff\x77\x78\x7a\xda\x82\x82\x88\x08\x82\x82\x88\
\x06\x80\x80\x86\xd8\x83\x82\x85\xff\x83\x83\x84\xff\x92\x94\x97\
\xff\x88\x89\x91\xfc\x92\x94\x9e\x3a\x00\x00\x00\x00\x8b\x8b\x91\
\x86\x7a\x79\x7a\xff\x77\x76\x78\xff\x6b\x6d\x71\xff\x61\x64\x68\
\x44\x5e\x60\x67\x7c\x5f\x61\x67\xff\x5f\x61\x66\xee\x9d\x9c\x9f\
\xec\x9e\x9c\xa0\xff\xa8\xaa\xac\x7c\x98\x96\xa1\x42\x99\x9a\xa3\
\xff\x98\x98\xa2\xff\x90\x92\x9e\xe2\x9b\x9d\xa7\x0c\x8d\x94\x9b\
\x4a\x7f\x82\x8a\x02\x82\x84\x8c\xa2\x7a\x7d\x82\xff\x7a\x7b\x7f\
\xff\x80\x81\x87\xff\x75\x76\x78\x4a\x7c\x7a\x7a\x24\x79\x74\x75\
\x26\x7d\x7c\x7e\x46\x7a\x77\x78\xff\x72\x71\x73\xff\x74\x74\x74\
\xff\x6f\x6f\x70\xa4\x6c\x6b\x6d\x02\x67\x67\x69\x4c\x70\x71\x75\
\x0c\x68\x68\x6c\xe0\x5e\x60\x66\xff\x57\x5b\x60\xff\x51\x55\x5b\
\x44\x4b\x4d\x55\x7e\x4a\x50\x56\xff\x49\x4d\x55\xee\x91\x92\x98\
\xec\x97\x96\x99\xff\x96\x96\x99\x7e\x90\x8f\x94\x42\x96\x93\x98\
\xff\x94\x93\x98\xff\x90\x92\x99\x5c\x91\x8d\x93\x1e\x8a\x8c\x92\
\xf2\x86\x87\x8d\x60\x76\x79\x7e\x1a\x81\x82\x84\xf4\x7d\x7f\x81\
\xff\x82\x80\x85\xb4\x82\x7d\x7f\x00\x85\x82\x84\xb6\x84\x82\x82\
\xb8\x87\x82\x83\x00\x7f\x7d\x7d\xb2\x7c\x79\x7a\xff\x7a\x7a\x7a\
\xf4\x77\x75\x77\x1c\x73\x75\x76\x5e\x6f\x6f\x71\xf4\x6d\x6d\x71\
\x20\x61\x64\x69\x5a\x5f\x62\x6a\xff\x54\x56\x60\xff\x4e\x50\x5a\
\x44\x49\x4e\x56\x7e\x40\x46\x4e\xff\x41\x42\x4e\xee\x9c\x9c\xa2\
\xee\x97\x95\x99\xff\x8d\x8c\x8e\x7e\x8d\x8c\x8f\x42\x88\x88\x8a\
\xff\x8f\x8b\x90\xff\x88\x85\x88\xd0\x91\x8d\x8e\xe4\x8c\x8c\x8d\
\xff\x8b\x8a\x8d\xf0\x83\x84\x88\xcc\x82\x82\x87\xf6\x75\x78\x7c\
\xff\x74\x76\x7a\xe4\x7b\x79\x7a\xd0\x7f\x7b\x7f\xff\x7d\x7a\x7a\
\xff\x7b\x76\x78\xd0\x79\x77\x77\xe2\x7a\x78\x79\xff\x7c\x7a\x7a\
\xf6\x7b\x77\x78\xcc\x76\x73\x74\xf0\x74\x73\x73\xff\x75\x73\x75\
\xe4\x6d\x6e\x6f\xd0\x67\x6a\x70\xff\x5e\x60\x66\xff\x5c\x5e\x63\
\x44\x4f\x51\x5a\x80\x48\x4c\x53\xff\x43\x45\x4e\xee\xa7\xa4\xa8\
\xee\xa3\xa1\xa5\xff\x98\x96\x9a\x80\x97\x96\x9a\x12\x93\x94\x98\
\x46\x9b\x99\x9f\xff\xa1\x9f\xa4\xff\x99\x97\x9d\xff\x94\x93\x9b\
\xff\x91\x91\x96\xff\x8f\x8f\x94\xff\x91\x91\x99\xff\x8e\x8f\x98\
\xff\x83\x81\x87\xff\x86\x85\x89\xff\x83\x80\x86\xff\x85\x83\x87\
\xff\x84\x81\x85\xff\x82\x7f\x82\xff\x81\x7c\x7d\xff\x7e\x7c\x7b\
\xff\x7f\x7c\x7c\xff\x79\x76\x77\xff\x7b\x76\x78\xff\x7f\x7d\x7e\
\xff\x79\x76\x77\xff\x6f\x6e\x6e\xff\x61\x60\x62\x48\x5e\x5d\x5f\
\x12\x5d\x5c\x5e\x80\x5c\x5b\x5d\xff\x59\x5a\x60\xee\xa7\xa4\xa9\
\xee\xad\xa8\xad\xff\xa8\xa3\xa6\xc2\xae\xa9\xab\x7c\xad\xaa\xac\
\x7e\xa3\xa2\xa6\xff\x98\x96\x9d\xff\x8f\x8e\x97\xff\x91\x8f\x95\
\xff\x96\x93\x9c\xff\x95\x94\x9c\xff\x9f\x9c\xa5\xff\x97\x93\x9c\
\xff\x8f\x8f\x98\xff\x8d\x8c\x94\xff\x9d\x9a\xa2\xff\x95\x94\x9d\
\xff\x94\x91\x9a\xff\x8b\x89\x92\xff\x8c\x8a\x90\xff\x8f\x8d\x91\
\xff\x8d\x8b\x8e\xff\x7f\x7e\x83\xff\x85\x84\x85\xff\x76\x76\x7a\
\xff\x74\x74\x78\xff\x6f\x70\x70\xff\x69\x68\x6a\x82\x6a\x69\x6b\
\x80\x6a\x6a\x6b\xc2\x6f\x6d\x70\xff\x66\x65\x66\xee\xa2\xa4\xa8\
\xea\xa9\xa6\xa8\xff\xa8\xa5\xa9\xff\xa6\xa5\xa9\xff\xa7\xa4\xaa\
\xff\xa6\xa3\xa7\xff\xa4\xa2\xa9\xff\x9b\x9c\xa2\xff\x96\x99\x9e\
\xff\x98\x96\x9c\xff\xa0\x9e\xa7\xff\x90\x90\x98\xff\x93\x8e\x94\
\xff\x8f\x8d\x93\xff\x8e\x8b\x90\xff\x92\x8f\x95\xff\x9a\x97\x9d\
\xff\xa3\xa1\xa7\xff\x9d\x9c\xa4\xff\x9c\x98\xa0\xff\x9c\x9c\xa4\
\xff\x9c\x9b\xa3\xff\x95\x95\x9c\xff\x89\x87\x8b\xff\x83\x83\x85\
\xff\x85\x83\x88\xff\x76\x78\x78\xff\x73\x72\x73\xff\x6c\x6d\x70\
\xff\x6a\x69\x6d\xff\x66\x67\x69\xff\x64\x62\x65\xec\xa6\xa7\xad\
\xe6\xa8\xa6\xad\xff\xa5\xa4\xa8\xff\xa3\xa0\xa4\xff\x9f\x9f\xa7\
\xff\xa0\x9e\xa9\xff\xa3\xa3\xac\xff\xaa\xa6\xac\xff\x9f\xa2\xa7\
\xff\xa5\xa5\xab\xff\xa3\xa3\xa9\xff\xa0\x9f\xa8\xff\x9f\x9f\xa4\
\xff\xa4\xa3\xaa\xff\x9e\x9c\xa3\xff\xa2\x9d\xa3\xff\xa6\xa3\xa9\
\xff\xa3\x9f\xa2\xff\xae\xaa\xac\xff\xab\xa5\xa9\xff\xae\xaa\xb0\
\xff\x9e\x9e\xa6\xff\xa2\xa1\xa8\xff\x95\x94\x96\xff\x80\x80\x81\
\xff\x86\x84\x85\xff\x7b\x7a\x7c\xff\x71\x6d\x72\xff\x6f\x6f\x70\
\xff\x6f\x6f\x70\xff\x78\x76\x76\xff\x71\x71\x73\xea\x9e\x9f\xa5\
\xd8\x9f\x9f\xa5\xff\x9a\x9c\xa2\xff\x93\x93\x9c\xff\x94\x96\x9d\
\xff\x98\x97\xa0\xff\x9c\x9d\xa5\xff\x9d\x9e\xa3\xff\x9c\x9c\xa3\
\xff\x98\x94\x9e\xff\x8a\x89\x92\xff\x9b\x9b\xa2\xff\x9a\x9b\xa3\
\xff\xa3\xa1\xaa\xff\xa3\xa2\xa9\xff\x9c\x9a\xa4\xff\xa5\xa5\xaf\
\xff\xa3\xa4\xae\xff\x9f\x9e\xa6\xff\x96\x93\x98\xff\x90\x8d\x90\
\xff\x8e\x8a\x8c\xff\x90\x8b\x8b\xff\x8c\x87\x89\xff\x95\x90\x8f\
\xff\x87\x82\x83\xff\x86\x81\x82\xff\x87\x81\x84\xff\x7f\x7d\x7e\
\xff\x81\x7e\x80\xff\x7a\x79\x7b\xff\x74\x70\x72\xdc\x98\x93\x96\
\x92\x93\x90\x90\xff\x90\x8d\x8f\xff\x93\x8f\x94\xff\x87\x86\x8a\
\xff\x8b\x89\x8f\xff\x8a\x8a\x91\xff\x87\x89\x91\xff\x89\x8c\x96\
\xff\x87\x8a\x93\xff\x84\x84\x8d\xff\x87\x85\x8d\xff\x84\x88\x91\
\xff\x87\x88\x90\xff\x8f\x90\x98\xff\x9c\x9c\xa3\xff\xa1\xa1\xa8\
\xff\xa1\xa1\xaa\xff\x99\x99\xa2\xff\x99\x9b\xa4\xff\x8f\x92\x99\
\xff\x8a\x8c\x90\xff\x89\x86\x88\xff\x83\x81\x81\xff\x81\x7f\x7e\
\xff\x7c\x79\x7b\xff\x77\x73\x75\xff\x72\x6f\x71\xff\x6d\x6c\x6e\
\xff\x6b\x6a\x6d\xff\x67\x67\x6a\xff\x6c\x6b\x6e\x90\x9c\x9a\xa0\
\x0e\x9f\xa0\xa4\xc8\x99\x98\x9d\xff\x97\x95\x9c\xff\x91\x91\x97\
\xff\x99\x98\x9e\xff\x9b\x9a\x9f\xff\x9d\x9c\xa0\xff\x9c\x9b\xa4\
\xff\x93\x93\x9a\xff\x90\x90\x97\xff\x84\x83\x88\xff\x78\x77\x7c\
\xff\x78\x78\x7c\xff\x81\x80\x84\xff\x8c\x8a\x8e\xff\x92\x8e\x93\
\xff\x8c\x8b\x8e\xff\x82\x81\x83\xff\x84\x82\x85\xff\x83\x80\x82\
\xff\x7d\x7a\x7c\xff\x7f\x7e\x7e\xff\x77\x76\x77\xff\x73\x6f\x72\
\xff\x72\x6e\x71\xff\x72\x70\x71\xff\x74\x73\x75\xff\x6e\x6c\x6e\
\xff\x71\x71\x75\xff\x67\x69\x6c\xcc\x61\x61\x67\x10\x00\x00\x00\
\x00\xa1\xa4\xa9\x06\x9d\xa0\xa5\x64\x95\x97\x9e\x8c\x92\x94\x9e\
\x90\x96\x97\xa1\x94\x95\x94\x9d\x96\x9b\x9d\xa6\x96\x92\x94\x9d\
\x98\x85\x87\x92\x9a\x83\x85\x8e\x9a\x81\x82\x8c\x9c\x82\x84\x8d\
\x9c\x81\x82\x8c\x9c\x80\x81\x8b\x9c\x93\x93\x9d\x9c\x94\x95\x9e\
\x9e\x90\x8e\x98\x9e\x82\x80\x85\x9e\x84\x80\x85\x9e\x83\x7f\x81\
\x9c\x82\x7d\x7f\x9c\x79\x79\x7b\x9c\x81\x7e\x80\x9a\x82\x7e\x81\
\x9a\x8d\x89\x8e\x98\x8a\x87\x89\x98\x88\x84\x89\x96\x89\x86\x88\
\x92\x88\x87\x8b\x62\x83\x84\x88\x06\x00\x00\x00\x00\x00\x00\x00\
\x00\x00\x00\x00\x00\x00\x00\x00\x00\x00\x00\x00\x00\x00\x00\x00\
\x00\x00\x00\x00\x00\x00\x00\x00\x00\x00\x00\x00\x00\x00\x00\x00\
\x00\x00\x00\x00\x00\x00\x00\x00\x00\x00\x00\x00\x00\x00\x00\x00\
\x00\x00\x00\x00\x00\x00\x00\x00\x00\x00\x00\x00\x00\x00\x00\x00\
\x00\x00\x00\x00\x00\x00\x00\x00\x00\x00\x00\x00\x00\x00\x00\x00\
\x00\x00\x00\x00\x00\x00\x00\x00\x00\x00\x00\x00\x00\x00\x00\x00\
\x00\x00\x00\x00\x00\x00\x00\x00\x00\x00\x00\x00\x00\x00\x00\x00\
\x00\x00\x00\x00\x00\x00\x00\x00\x00\x00\x00\x00\x00\x00\x00\x00\
\x00\x00\x00\x00\x00\x00\x00\x00\x00\x00\x00\x00\x00\x00\x00\x00\
\x00\x00\x00\x00\x00\x00\x00\x00\x00\x00\x00\x00\x00\x00\x00\x00\
\x00\x00\x00\x00\x00\x00\x00\x00\x00\x00\x00\x00\x00\x00\x00\x00\
\x00\x00\x00\x00\x00\x00\x00\x00\x00\x00\x00\x00\x00\x00\x00\x00\
\x00\x00\x00\x00\x00\x00\x00\x00\x00\x00\x00\x00\x00\x00\x00\x00\
\x00\x00\x00\x00\x00\x00\x00\x00\x00\x00\x00\x00\x00\x00\x00\x00\
\x00\x00\x00\x00\x00\x00\x00\x00\x00\x00\x00\x00\x00\x00\x00\x00\
\x00\x00\x00\x00\x00\x00\x00\x00\x00\x00\x00\x00\x00\x00\x00\x00\
\x00\x00\x00\x00\x00\x00\x00\x00\x00\x00\x00\x00\x00\x00\x00\x00\
\x00\x00\x00\x00\x00\x00\x00\x00\x00\x00\x00\x00\x00\x00\x00\x00\
\x00\x00\x00\x00\x00\x00\x00\x00\x00\x00\x00\x00\x00\x00\x00\x00\
\x00\x00\x00\x00\x00\x00\x00\x00\x00\x00\x00\x00\x00\x00\x00\x00\
\x00\x00\x00\x00\x00\x00\x00\x00\x00\x00\x00\x00\x00\x00\x00\x00\
\x00\x00\x00\x00\x00\x00\x00\x00\x00\x00\x00\x00\x00\x00\x00\x00\
\x00\x00\x00\x00\x00\x00\x00\x00\x00\x00\x00\x00\x00\x00\x00\x00\
\x00\x00\x00\x00\x00\x00\x00\x00\x00\x00\x00\x00\x00\x00\x00\x00\
\x00\x00\x00\x00\x00\x00\x00\x00\x00\x00\x00\x00\x00\x00\x00\x00\
\x00\x00\x00\x00\x00\x00\x00\x00\x00\x00\x00\x00\x00\x00\x00\x00\
\x00\x00\x00\x00\x00\x00\x00\x00\x00\x00\x00\x00\x00\x00\x00\x00\
\x00\x00\x00\x00\x00\x00\x00\x00\x00\x00\x00\x00\x00\x00\x00\x00\
\x00\x00\x00\x00\x00\x00\x00\x00\x00\x00\x00\x00\x00\x00\x00\x00\
\x00\x00\x00\x00\x00\x00\x00\x00\x00\x00\x00\x00\x00\x00\x00\x00\
\x00\x00\x00\x00\x00\x00\x00\x00\x00\x00\x00\x00\x00\x00\x00\x00\
\x00\x00\x00\x00\x00\x00\x00\x00\x00\x00\x00\x00\x00\xff\xff\xff\
\xff\xff\xff\xff\xff\xff\xff\xff\xff\xff\xff\xff\xff\xe0\x00\x00\
\x07\x80\x00\x00\x01\x00\x00\x00\x00\x00\x00\x00\x00\x00\x00\x00\
\x00\x00\x00\x00\x00\x18\x00\x00\x18\x38\x00\x00\x1c\x30\x00\x00\
\x0c\x33\x62\x46\xcc\x31\xc3\xc3\x8c\x30\xc1\x83\x0c\x30\xc1\x83\
\x0c\x31\xc3\xc3\x8c\x33\x62\x46\xcc\x30\x00\x00\x08\x18\x00\x00\
\x18\x18\x00\x00\x00\x00\x00\x00\x00\x00\x00\x00\x00\x00\x00\x00\
\x00\x00\x00\x00\x00\x80\x00\x00\x01\xe0\x00\x00\x07\xff\xff\xff\
\xff\xff\xff\xff\xff\xff\xff\xff\xff\xff\xff\xff\xff\
\x00\x00\xe9\xae\
\x89\
\x50\x4e\x47\x0d\x0a\x1a\x0a\x00\x00\x00\x0d\x49\x48\x44\x52\x00\
\x00\x06\x50\x00\x00\x01\xe2\x08\x06\x00\x00\x00\x97\xd1\x81\x24\
\x00\x00\x00\x04\x67\x41\x4d\x41\x00\x00\xb1\x8e\x7c\xfb\x51\x93\
\x00\x00\x00\x20\x63\x48\x52\x4d\x00\x00\x87\x0f\x00\x00\x8c\x0f\
\x00\x00\xfd\x52\x00\x00\x81\x40\x00\x00\x7d\x79\x00\x00\xe9\x8b\
\x00\x00\x3c\xe5\x00\x00\x19\xcc\x73\x3c\x85\x77\x00\x00\x0a\x2f\
\x69\x43\x43\x50\x49\x43\x43\x20\x50\x72\x6f\x66\x69\x6c\x65\x00\
\x00\x48\xc7\x9d\x96\x77\x54\x54\xd7\x16\x87\xcf\xbd\x77\x7a\xa1\
\xcd\x30\xd2\x19\x7a\x93\x2e\x30\x80\xf4\x2e\x20\x1d\x04\x51\x18\
\x66\x06\x18\xca\x00\xc3\x0c\x4d\x6c\x88\xa8\x40\x44\x11\x11\x01\
\x45\x90\xa0\x80\x01\xa3\xa1\x48\xac\x88\x62\x21\x28\xa8\x60\x0f\
\x48\x10\x50\x62\x30\x8a\xa8\xa8\x64\x46\xd6\x4a\x7c\x79\x79\xef\
\xe5\xe5\xf7\xc7\xbd\xdf\xda\x67\xef\x73\xf7\xd9\x7b\x9f\xb5\x2e\
\x00\x24\x4f\x1f\x2e\x2f\x05\x96\x02\x20\x99\x27\xe0\x07\x7a\x38\
\xd3\x57\x85\x47\xd0\xb1\xfd\x00\x06\x78\x80\x01\xa6\x00\x30\x59\
\xe9\xa9\xbe\x41\xee\xc1\x40\x24\x2f\x37\x17\x7a\xba\xc8\x09\xfc\
\x8b\xde\x0c\x01\x48\xfc\xbe\x65\xe8\xe9\x4f\xa7\x83\xff\x4f\xd2\
\xac\x54\xbe\x00\x00\xc8\x5f\xc4\xe6\x6c\x4e\x3a\x4b\xc4\xf9\x22\
\x4e\xca\x14\xa4\x8a\xed\x33\x22\xa6\xc6\x24\x8a\x19\x46\x89\x99\
\x2f\x4a\x50\xc4\x72\x62\x8e\x5b\xe4\xa5\x9f\x7d\x16\xd9\x51\xcc\
\xec\x64\x1e\x5b\xc4\xe2\x9c\x53\xd9\xc9\x6c\x31\xf7\x88\x78\x7b\
\x86\x90\x23\x62\xc4\x47\xc4\x05\x19\x5c\x4e\xa6\x88\x6f\x8b\x58\
\x33\x49\x98\xcc\x15\xf1\x5b\x71\x6c\x32\x87\x99\x0e\x00\x8a\x24\
\xb6\x0b\x38\xac\x78\x11\x9b\x88\x98\xc4\x0f\x0e\x74\x11\xf1\x72\
\x00\x70\xa4\xb8\x2f\x38\xe6\x0b\x16\x70\xb2\x04\xe2\x43\xb9\xa4\
\xa4\x66\xf3\xb9\x71\xf1\x02\xba\x2e\x4b\x8f\x6e\x6a\x6d\xcd\xa0\
\x7b\x72\x32\x93\x38\x02\x81\xa1\x3f\x93\x95\xc8\xe4\xb3\xe9\x2e\
\x29\xc9\xa9\x4c\x5e\x36\x00\x8b\x67\xfe\x2c\x19\x71\x6d\xe9\xa2\
\x22\x5b\x9a\x5a\x5b\x5a\x1a\x9a\x19\x99\x7e\x51\xa8\xff\xba\xf8\
\x37\x25\xee\xed\x22\xbd\x0a\xf8\xdc\x33\x88\xd6\xf7\x87\xed\xaf\
\xfc\x52\xea\x00\x60\xcc\x8a\x6a\xb3\xeb\x0f\x5b\xcc\x7e\x00\x3a\
\xb6\x02\x20\x77\xff\x0f\x9b\xe6\x21\x00\x24\x45\x7d\x6b\xbf\xf1\
\xc5\x79\x68\xe2\x79\x89\x17\x08\x52\x6d\x8c\x8d\x33\x33\x33\x8d\
\xb8\x1c\x96\x91\xb8\xa0\xbf\xeb\x7f\x3a\xfc\x0d\x7d\xf1\x3d\x23\
\xf1\x76\xbf\x97\x87\xee\xca\x89\x65\x0a\x93\x04\x74\x71\xdd\x58\
\x29\x49\x29\x42\x3e\x3d\x3d\x95\xc9\xe2\xd0\x0d\xff\x3c\xc4\xff\
\x38\xf0\xaf\xf3\x58\x1a\xc8\x89\xe5\xf0\x39\x3c\x51\x44\xa8\x68\
\xca\xb8\xbc\x38\x51\xbb\x79\x6c\xae\x80\x9b\xc2\xa3\x73\x79\xff\
\xa9\x89\xff\x30\xec\x4f\x5a\x9c\x6b\x91\x28\xf5\x9f\x00\x35\xca\
\x08\x48\xdd\xa0\x02\xe4\xe7\x3e\x80\xa2\x10\x01\x12\x79\x50\xdc\
\xf5\xdf\xfb\xe6\x83\x0f\x05\xe2\x9b\x17\xa6\x3a\xb1\x38\xf7\x9f\
\x05\xfd\xfb\xae\x70\x89\xf8\x91\xce\x8d\xfb\x1c\xe7\x12\x18\x4c\
\x67\x09\xf9\x19\x8b\x6b\xe2\x6b\x09\xd0\x80\x00\x24\x01\x15\xc8\
\x03\x15\xa0\x01\x74\x81\x21\x30\x03\x56\xc0\x16\x38\x02\x37\xb0\
\x02\xf8\x81\x60\x10\x0e\xd6\x02\x16\x88\x07\xc9\x80\x0f\x32\x41\
\x2e\xd8\x0c\x0a\x40\x11\xd8\x05\xf6\x82\x4a\x50\x03\xea\x41\x23\
\x68\x01\x27\x40\x07\x38\x0d\x2e\x80\xcb\xe0\x3a\xb8\x09\xee\x80\
\x07\x60\x04\x8c\x83\xe7\x60\x06\xbc\x01\xf3\x10\x04\x61\x21\x32\
\x44\x81\xe4\x21\x55\x48\x0b\x32\x80\xcc\x20\x06\x64\x0f\xb9\x41\
\x3e\x50\x20\x14\x0e\x45\x43\x71\x10\x0f\x12\x42\xb9\xd0\x16\xa8\
\x08\x2a\x85\x2a\xa1\x5a\xa8\x11\xfa\x16\x3a\x05\x5d\x80\xae\x42\
\x03\xd0\x3d\x68\x14\x9a\x82\x7e\x85\xde\xc3\x08\x4c\x82\xa9\xb0\
\x32\xac\x0d\x1b\xc3\x0c\xd8\x09\xf6\x86\x83\xe1\x35\x70\x1c\x9c\
\x06\xe7\xc0\xf9\xf0\x4e\xb8\x02\xae\x83\x8f\xc1\xed\xf0\x05\xf8\
\x3a\x7c\x07\x1e\x81\x9f\xc3\xb3\x08\x40\x88\x08\x0d\x51\x43\x0c\
\x11\x06\xe2\x82\xf8\x21\x11\x48\x2c\xc2\x47\x36\x20\x85\x48\x39\
\x52\x87\xb4\x20\x5d\x48\x2f\x72\x0b\x19\x41\xa6\x91\x77\x28\x0c\
\x8a\x82\xa2\xa3\x0c\x51\xb6\x28\x4f\x54\x08\x8a\x85\x4a\x43\x6d\
\x40\x15\xa3\x2a\x51\x47\x51\xed\xa8\x1e\xd4\x2d\xd4\x28\x6a\x06\
\xf5\x09\x4d\x46\x2b\xa1\x0d\xd0\x36\x68\x2f\xf4\x2a\x74\x1c\x3a\
\x13\x5d\x80\x2e\x47\x37\xa0\xdb\xd0\x97\xd0\x77\xd0\xe3\xe8\x37\
\x18\x0c\x86\x86\xd1\xc1\x58\x61\x3c\x31\xe1\x98\x04\xcc\x3a\x4c\
\x31\xe6\x00\xa6\x15\x73\x1e\x33\x80\x19\xc3\xcc\x62\xb1\x58\x79\
\xac\x01\xd6\x0e\xeb\x87\x65\x62\x05\xd8\x02\xec\x7e\xec\x31\xec\
\x39\xec\x20\x76\x1c\xfb\x16\x47\xc4\xa9\xe2\xcc\x70\xee\xb8\x08\
\x1c\x0f\x97\x87\x2b\xc7\x35\xe1\xce\xe2\x06\x71\x13\xb8\x79\xbc\
\x14\x5e\x0b\x6f\x83\xf7\xc3\xb3\xf1\xd9\xf8\x12\x7c\x3d\xbe\x0b\
\x7f\x03\x3f\x8e\x9f\x27\x48\x13\x74\x08\x76\x84\x60\x42\x02\x61\
\x33\xa1\x82\xd0\x42\xb8\x44\x78\x48\x78\x45\x24\x12\xd5\x89\xd6\
\xc4\x00\x22\x97\xb8\x89\x58\x41\x3c\x4e\xbc\x42\x1c\x25\xbe\x23\
\xc9\x90\xf4\x49\x2e\xa4\x48\x92\x90\xb4\x93\x74\x84\x74\x9e\x74\
\x8f\xf4\x8a\x4c\x26\x6b\x93\x1d\xc9\x11\x64\x01\x79\x27\xb9\x91\
\x7c\x91\xfc\x98\xfc\x56\x82\x22\x61\x24\xe1\x25\xc1\x96\xd8\x28\
\x51\x25\xd1\x2e\x31\x28\xf1\x42\x12\x2f\xa9\x25\xe9\x24\xb9\x56\
\x32\x47\xb2\x5c\xf2\xa4\xe4\x0d\xc9\x69\x29\xbc\x94\xb6\x94\x8b\
\x14\x53\x6a\x83\x54\x95\xd4\x29\xa9\x61\xa9\x59\x69\x8a\xb4\xa9\
\xb4\x9f\x74\xb2\x74\xb1\x74\x93\xf4\x55\xe9\x49\x19\xac\x8c\xb6\
\x8c\x9b\x0c\x5b\x26\x5f\xe6\xb0\xcc\x45\x99\x31\x0a\x42\xd1\xa0\
\xb8\x50\x58\x94\x2d\x94\x7a\xca\x25\xca\x38\x15\x43\xd5\xa1\x7a\
\x51\x13\xa8\x45\xd4\x6f\xa8\xfd\xd4\x19\x59\x19\xd9\x65\xb2\xa1\
\xb2\x59\xb2\x55\xb2\x67\x64\x47\x68\x08\x4d\x9b\xe6\x45\x4b\xa2\
\x95\xd0\x4e\xd0\x86\x68\xef\x97\x28\x2f\x71\x5a\xc2\x59\xb2\x63\
\x49\xcb\x92\xc1\x25\x73\x72\x8a\x72\x8e\x72\x1c\xb9\x42\xb9\x56\
\xb9\x3b\x72\xef\xe5\xe9\xf2\x6e\xf2\x89\xf2\xbb\xe5\x3b\xe4\x1f\
\x29\xa0\x14\xf4\x15\x02\x14\x32\x15\x0e\x2a\x5c\x52\x98\x56\xa4\
\x2a\xda\x2a\xb2\x14\x0b\x15\x4f\x28\xde\x57\x82\x95\xf4\x95\x02\
\x95\xd6\x29\x1d\x56\xea\x53\x9a\x55\x56\x51\xf6\x50\x4e\x55\xde\
\xaf\x7c\x51\x79\x5a\x85\xa6\xe2\xa8\x92\xa0\x52\xa6\x72\x56\x65\
\x4a\x95\xa2\x6a\xaf\xca\x55\x2d\x53\x3d\xa7\xfa\x8c\x2e\x4b\x77\
\xa2\x27\xd1\x2b\xe8\x3d\xf4\x19\x35\x25\x35\x4f\x35\xa1\x5a\xad\
\x5a\xbf\xda\xbc\xba\x8e\x7a\x88\x7a\x9e\x7a\xab\xfa\x23\x0d\x82\
\x06\x43\x23\x56\xa3\x4c\xa3\x5b\x63\x46\x53\x55\xd3\x57\x33\x57\
\xb3\x59\xf3\xbe\x16\x5e\x8b\xa1\x15\xaf\xb5\x4f\xab\x57\x6b\x4e\
\x5b\x47\x3b\x4c\x7b\x9b\x76\x87\xf6\xa4\x8e\x9c\x8e\x97\x4e\x8e\
\x4e\xb3\xce\x43\x5d\xb2\xae\x83\x6e\x9a\x6e\x9d\xee\x6d\x3d\x8c\
\x1e\x43\x2f\x51\xef\x80\xde\x4d\x7d\x58\xdf\x42\x3f\x5e\xbf\x4a\
\xff\x86\x01\x6c\x60\x69\xc0\x35\x38\x60\x30\xb0\x14\xbd\xd4\x7a\
\x29\x6f\x69\xdd\xd2\x61\x43\x92\xa1\x93\x61\x86\x61\xb3\xe1\xa8\
\x11\xcd\xc8\xc7\x28\xcf\xa8\xc3\xe8\x85\xb1\xa6\x71\x84\xf1\x6e\
\xe3\x5e\xe3\x4f\x26\x16\x26\x49\x26\xf5\x26\x0f\x4c\x65\x4c\x57\
\x98\xe6\x99\x76\x99\xfe\x6a\xa6\x6f\xc6\x32\xab\x32\xbb\x6d\x4e\
\x36\x77\x37\xdf\x68\xde\x69\xfe\x72\x99\xc1\x32\xce\xb2\x83\xcb\
\xee\x5a\x50\x2c\x7c\x2d\xb6\x59\x74\x5b\x7c\xb4\xb4\xb2\xe4\x5b\
\xb6\x58\x4e\x59\x69\x5a\x45\x5b\x55\x5b\x0d\x33\xa8\x0c\x7f\x46\
\x31\xe3\x8a\x35\xda\xda\xd9\x7a\xa3\xf5\x69\xeb\x77\x36\x96\x36\
\x02\x9b\x13\x36\xbf\xd8\x1a\xda\x26\xda\x36\xd9\x4e\x2e\xd7\x59\
\xce\x59\x5e\xbf\x7c\xcc\x4e\xdd\x8e\x69\x57\x6b\x37\x62\x4f\xb7\
\x8f\xb6\x3f\x64\x3f\xe2\xa0\xe6\xc0\x74\xa8\x73\x78\xe2\xa8\xe1\
\xc8\x76\x6c\x70\x9c\x70\xd2\x73\x4a\x70\x3a\xe6\xf4\xc2\xd9\xc4\
\x99\xef\xdc\xe6\x3c\xe7\x62\xe3\xb2\xde\xe5\xbc\x2b\xe2\xea\xe1\
\x5a\xe8\xda\xef\x26\xe3\x16\xe2\x56\xe9\xf6\xd8\x5d\xdd\x3d\xce\
\xbd\xd9\x7d\xc6\xc3\xc2\x63\x9d\xc7\x79\x4f\xb4\xa7\xb7\xe7\x6e\
\xcf\x61\x2f\x65\x2f\x96\x57\xa3\xd7\xcc\x0a\xab\x15\xeb\x57\xf4\
\x78\x93\xbc\x83\xbc\x2b\xbd\x9f\xf8\xe8\xfb\xf0\x7d\xba\x7c\x61\
\xdf\x15\xbe\x7b\x7c\x1f\xae\xd4\x5a\xc9\x5b\xd9\xe1\x07\xfc\xbc\
\xfc\xf6\xf8\x3d\xf2\xd7\xf1\x4f\xf3\xff\x3e\x00\x13\xe0\x1f\x50\
\x15\xf0\x34\xd0\x34\x30\x37\xb0\x37\x88\x12\x14\x15\xd4\x14\xf4\
\x26\xd8\x39\xb8\x24\xf8\x41\x88\x6e\x88\x30\xa4\x3b\x54\x32\x34\
\x32\xb4\x31\x74\x2e\xcc\x35\xac\x34\x6c\x64\x95\xf1\xaa\xf5\xab\
\xae\x87\x2b\x84\x73\xc3\x3b\x23\xb0\x11\xa1\x11\x0d\x11\xb3\xab\
\xdd\x56\xef\x5d\x3d\x1e\x69\x11\x59\x10\x39\xb4\x46\x67\x4d\xd6\
\x9a\xab\x6b\x15\xd6\x26\xad\x3d\x13\x25\x19\xc5\x8c\x3a\x19\x8d\
\x8e\x0e\x8b\x6e\x8a\xfe\xc0\xf4\x63\xd6\x31\x67\x63\xbc\x62\xaa\
\x63\x66\x58\x2e\xac\x7d\xac\xe7\x6c\x47\x76\x19\x7b\x8a\x63\xc7\
\x29\xe5\x4c\xc4\xda\xc5\x96\xc6\x4e\xc6\xd9\xc5\xed\x89\x9b\x8a\
\x77\x88\x2f\x8f\x9f\xe6\xba\x70\x2b\xb9\x2f\x13\x3c\x13\x6a\x12\
\xe6\x12\xfd\x12\x8f\x24\x2e\x24\x85\x25\xb5\x26\xe3\x92\xa3\x93\
\x4f\xf1\x64\x78\x89\xbc\x9e\x14\x95\x94\xac\x94\x81\x54\x83\xd4\
\x82\xd4\x91\x34\x9b\xb4\xbd\x69\x33\x7c\x6f\x7e\x43\x3a\x94\xbe\
\x26\xbd\x53\x40\x15\xfd\x4c\xf5\x09\x75\x85\x5b\x85\xa3\x19\xf6\
\x19\x55\x19\x6f\x33\x43\x33\x4f\x66\x49\x67\xf1\xb2\xfa\xb2\xf5\
\xb3\x77\x64\x4f\xe4\xb8\xe7\x7c\xbd\x0e\xb5\x8e\xb5\xae\x3b\x57\
\x2d\x77\x73\xee\xe8\x7a\xa7\xf5\xb5\x1b\xa0\x0d\x31\x1b\xba\x37\
\x6a\x6c\xcc\xdf\x38\xbe\xc9\x63\xd3\xd1\xcd\x84\xcd\x89\x9b\x7f\
\xc8\x33\xc9\x2b\xcd\x7b\xbd\x25\x6c\x4b\x57\xbe\x72\xfe\xa6\xfc\
\xb1\xad\x1e\x5b\x9b\x0b\x24\x0a\xf8\x05\xc3\xdb\x6c\xb7\xd5\x6c\
\x47\x6d\xe7\x6e\xef\xdf\x61\xbe\x63\xff\x8e\x4f\x85\xec\xc2\x6b\
\x45\x26\x45\xe5\x45\x1f\x8a\x59\xc5\xd7\xbe\x32\xfd\xaa\xe2\xab\
\x85\x9d\xb1\x3b\xfb\x4b\x2c\x4b\x0e\xee\xc2\xec\xe2\xed\x1a\xda\
\xed\xb0\xfb\x68\xa9\x74\x69\x4e\xe9\xd8\x1e\xdf\x3d\xed\x65\xf4\
\xb2\xc2\xb2\xd7\x7b\xa3\xf6\x5e\x2d\x5f\x56\x5e\xb3\x8f\xb0\x4f\
\xb8\x6f\xa4\xc2\xa7\xa2\x73\xbf\xe6\xfe\x5d\xfb\x3f\x54\xc6\x57\
\xde\xa9\x72\xae\x6a\xad\x56\xaa\xde\x51\x3d\x77\x80\x7d\x60\xf0\
\xa0\xe3\xc1\x96\x1a\xe5\x9a\xa2\x9a\xf7\x87\xb8\x87\xee\xd6\x7a\
\xd4\xb6\xd7\x69\xd7\x95\x1f\xc6\x1c\xce\x38\xfc\xb4\x3e\xb4\xbe\
\xf7\x6b\xc6\xd7\x8d\x0d\x0a\x0d\x45\x0d\x1f\x8f\xf0\x8e\x8c\x1c\
\x0d\x3c\xda\xd3\x68\xd5\xd8\xd8\xa4\xd4\x54\xd2\x0c\x37\x0b\x9b\
\xa7\x8e\x45\x1e\xbb\xf9\x8d\xeb\x37\x9d\x2d\x86\x2d\xb5\xad\xb4\
\xd6\xa2\xe3\xe0\xb8\xf0\xf8\xb3\x6f\xa3\xbf\x1d\x3a\xe1\x7d\xa2\
\xfb\x24\xe3\x64\xcb\x77\x5a\xdf\x55\xb7\x51\xda\x0a\xdb\xa1\xf6\
\xec\xf6\x99\x8e\xf8\x8e\x91\xce\xf0\xce\x81\x53\x2b\x4e\x75\x77\
\xd9\x76\xb5\x7d\x6f\xf4\xfd\x91\xd3\x6a\xa7\xab\xce\xc8\x9e\x29\
\x39\x4b\x38\x9b\x7f\x76\xe1\x5c\xce\xb9\xd9\xf3\xa9\xe7\xa7\x2f\
\xc4\x5d\x18\xeb\x8e\xea\x7e\x70\x71\xd5\xc5\xdb\x3d\x01\x3d\xfd\
\x97\xbc\x2f\x5d\xb9\xec\x7e\xf9\x62\xaf\x53\xef\xb9\x2b\x76\x57\
\x4e\x5f\xb5\xb9\x7a\xea\x1a\xe3\x5a\xc7\x75\xcb\xeb\xed\x7d\x16\
\x7d\x6d\x3f\x58\xfc\xd0\xd6\x6f\xd9\xdf\x7e\xc3\xea\x46\xe7\x4d\
\xeb\x9b\x5d\x03\xcb\x07\xce\x0e\x3a\x0c\x5e\xb8\xe5\x7a\xeb\xf2\
\x6d\xaf\xdb\xd7\xef\xac\xbc\x33\x30\x14\x32\x74\x77\x38\x72\x78\
\xe4\x2e\xfb\xee\xe4\xbd\xa4\x7b\x2f\xef\x67\xdc\x9f\x7f\xb0\xe9\
\x21\xfa\x61\xe1\x23\xa9\x47\xe5\x8f\x95\x1e\xd7\xfd\xa8\xf7\x63\
\xeb\x88\xe5\xc8\x99\x51\xd7\xd1\xbe\x27\x41\x4f\x1e\x8c\xb1\xc6\
\x9e\xff\x94\xfe\xd3\x87\xf1\xfc\xa7\xe4\xa7\xe5\x13\xaa\x13\x8d\
\x93\x66\x93\xa7\xa7\xdc\xa7\x6e\x3e\x5b\xfd\x6c\xfc\x79\xea\xf3\
\xf9\xe9\x82\x9f\xa5\x7f\xae\x7e\xa1\xfb\xe2\xbb\x5f\x1c\x7f\xe9\
\x9b\x59\x35\x33\xfe\x92\xff\x72\xe1\xd7\xe2\x57\xf2\xaf\x8e\xbc\
\x5e\xf6\xba\x7b\xd6\x7f\xf6\xf1\x9b\xe4\x37\xf3\x73\x85\x6f\xe5\
\xdf\x1e\x7d\xc7\x78\xd7\xfb\x3e\xec\xfd\xc4\x7c\xe6\x07\xec\x87\
\x8a\x8f\x7a\x1f\xbb\x3e\x79\x7f\x7a\xb8\x90\xbc\xb0\xf0\x1b\xf7\
\x84\xf3\xfb\x37\x04\x29\x1e\x00\x00\x00\x09\x70\x48\x59\x73\x00\
\x00\x2e\x23\x00\x00\x2e\x23\x01\x78\xa5\x3f\x76\x00\x00\x00\x21\
\x74\x45\x58\x74\x43\x72\x65\x61\x74\x69\x6f\x6e\x20\x54\x69\x6d\
\x65\x00\x32\x30\x32\x31\x3a\x30\x31\x3a\x32\x35\x20\x30\x38\x3a\
\x30\x34\x3a\x35\x31\x1e\x59\x0d\xf7\x00\x00\xde\xbc\x49\x44\x41\
\x54\x78\x5e\xec\xdd\x07\x7c\x1c\xd5\xb5\x3f\xf0\x73\x66\x77\xb5\
\xbb\x92\xdc\x01\x1b\x30\x18\x8c\x6d\x69\x77\xa3\x62\xc5\x60\x07\
\x08\x0e\x10\x4a\xe8\x10\xd3\x21\xa4\x91\xe4\xa5\x77\x48\xf5\x73\
\x1a\x90\x97\xde\x3b\x21\x24\x21\xc5\x01\x12\x08\x21\x85\x24\x22\
\x14\x03\x46\x96\xb4\x51\x33\xc6\xc1\xe0\x98\x62\xdc\x25\xed\xae\
\xb4\x3b\xf7\x7f\x47\x73\x92\x3f\xc5\x36\xb6\xb5\xbb\x73\x67\xe6\
\xf7\xfd\x3c\x71\xcf\xef\x8a\xe4\x11\x2c\xcd\xce\xcc\x99\xb9\x97\
\x95\x52\x04\x00\x00\x00\x00\x00\xe5\xb3\x6c\x99\x65\x65\x32\xc4\
\x4b\x96\xd8\x25\x99\x02\x00\x00\x00\x00\x00\x00\x9f\x41\x03\x05\
\x00\x00\x00\x00\x40\xdb\xd8\x3e\xa3\x3e\x31\x65\xda\x41\x31\x2e\
\x4d\x57\x2a\xb2\xbf\xa5\xd4\x7e\xca\xa2\xfd\x58\xd1\x7e\x8a\x79\
\x92\x1e\x27\x2a\x56\x13\x99\x78\xa2\xfe\xdb\xeb\xf5\x59\x74\x82\
\xf5\x17\x91\xd2\x5f\x1c\xd7\x73\x11\xfd\x15\x95\x2f\x4b\x7f\xfd\
\x87\xad\xbf\x8a\xf2\x35\xa2\xbf\xf2\xfa\x3f\xa3\xbf\x38\xa7\xeb\
\x1d\xfa\xbf\x67\x50\xff\xf7\x0c\x92\x72\x6a\xb5\x45\xff\xf7\x6f\
\xd5\xe3\x56\xfd\xff\x6f\x53\x49\xd9\xcf\x30\x59\xcf\x70\xb1\xf8\
\x74\xaf\xb5\xe6\xa9\xb6\x36\x7b\x54\xff\x67\x00\x00\x00\x00\x00\
\x00\xa0\x0a\xd0\x40\x01\x00\x00\x00\x80\xc0\xb3\x2c\x8b\x87\xba\
\xe6\x1e\x6c\xd9\x91\x39\x3a\x1e\x46\x96\xfe\x52\x34\x4b\x31\x1f\
\xca\x8a\x0e\x22\xd6\x5f\x44\x4e\x63\xc4\x64\xce\x89\xfb\x46\xfd\
\xb5\xde\xf9\xd2\xe7\xf1\x8f\xeb\x7f\xee\x75\x7a\xf2\x31\x45\xbc\
\x36\x9f\x2b\xae\x99\x7a\xd4\xc0\x76\xe7\x6f\x04\x00\x00\x00\x00\
\x00\x80\xf1\x43\x03\x05\x00\x00\x00\x00\x02\x63\xcd\x9d\x0d\xf1\
\x03\xa7\x5b\x0d\x91\x28\xbf\x8c\x89\x33\xa4\x68\x9e\x9e\x9e\x47\
\x4c\x4e\xe3\xa4\x76\xec\x6f\x0a\xb6\xa7\xf4\xff\xe6\xd5\x8a\xd4\
\x80\x62\xee\xb5\x6c\xd5\x6b\x2b\xfa\x67\xb2\xb5\x77\x83\x7c\x1f\
\x00\x20\x90\x7a\x97\x5b\x35\x87\xcf\x69\xdc\xcf\x56\x6a\xbf\x48\
\xd4\x9a\x6c\x97\x4a\xf5\x16\x73\x3d\x33\xd5\xdb\x6c\x4d\x74\xde\
\x22\x64\xa2\x3a\xfd\x79\x90\x50\xca\x79\x53\x50\x45\x89\x39\xca\
\xce\x48\x54\xe3\x7e\xe9\xbf\x5b\x51\x49\xff\x3d\xb6\x1e\x8b\xc4\
\xaa\xa8\x88\x47\x75\x5d\xd0\xff\xd9\x11\x9d\xf3\xfa\x3f\x9b\xd7\
\xdf\x1f\x1a\x7b\x5b\xd0\xb6\xb7\xb3\x45\xdb\x55\xd1\xda\x36\x1a\
\xa1\x4d\x5c\xb4\x37\x3f\xbc\x63\x60\xeb\xe2\xc5\xb6\xf3\xc6\x21\
\x00\x00\x00\x04\x00\x1a\x28\x00\x00\x00\x00\xe0\x4b\xdb\x57\xcc\
\x9a\x1a\x4f\x24\xdb\x54\x24\xd2\xc6\xa4\xe6\xeb\x29\xfd\xc5\x4e\
\xa3\xc4\x59\x4a\x0b\x9e\x47\x3d\xab\x88\xbb\x59\x51\x37\x29\xd5\
\x55\x64\x5e\xf9\x87\xd5\x7d\x7d\xd8\xa3\x05\x00\x4c\xe7\x34\xc6\
\x0f\xd9\x8f\x0f\xa6\x98\x75\xa8\xb2\xf8\x50\x3d\x75\xa8\x3e\x8e\
\x1d\xc2\xc4\x07\x10\xab\x03\xf4\x71\x7f\x3f\x3d\xa7\x47\x9a\xa4\
\xbf\x58\x7f\x79\xcd\x59\xb6\x71\xab\x22\xda\xa4\x8f\xb9\x4f\xea\
\x7f\xc6\x0d\xa4\xf8\x29\x9d\x9f\xd2\xf5\x13\xfa\x9f\xfd\x71\x2a\
\x8e\x3e\xfe\xc0\x8e\xb5\x1b\xd0\x68\x01\x00\x00\x30\x1f\x1a\x28\
\x00\x00\x00\x00\x60\xbc\xf6\x76\x2b\x7a\xd4\xa4\xc6\x56\x8b\x69\
\x11\x59\xbc\x50\x9f\xc1\x2e\x62\xa2\x23\xf4\xb7\x4c\xb8\x59\xe6\
\x57\xce\xbe\x2b\x1d\x7a\x5c\x61\x2b\xfb\x7e\x35\x5a\x58\x51\xbb\
\x60\xed\x53\xee\xb7\x00\x00\xaa\x67\xfd\x8a\x59\xc9\x29\xf1\xda\
\xb9\x56\x94\xe7\x31\x71\x23\x93\x9a\xab\x0f\xef\xf3\x88\xd4\xa1\
\x7a\x9c\xa1\xff\x96\xe7\xee\x2b\x15\x14\x45\xfd\xbf\x6f\xbd\xb3\
\x04\x23\x29\xb5\x86\x98\x1f\x55\x8a\xd6\x94\x4a\xa5\xbe\xd5\x6a\
\xf5\x1a\xec\x79\x05\x00\x00\x60\x06\x34\x50\x00\x00\x00\x00\xc0\
\x38\xeb\xda\x67\x27\x66\x4c\x4e\x2c\x52\xcc\xc7\xe9\x33\xd6\x63\
\x98\xf8\x68\x3d\x5d\xef\x7e\x17\x2a\x45\x5f\x19\xfc\x4b\x5f\x20\
\xb4\xeb\xa2\x9d\x46\xed\xbb\xe3\x0b\xfa\xd7\xca\xb7\x00\x00\xc6\
\x6d\xf9\x72\x2b\x72\xea\xec\x86\xb9\xd1\xa8\xd5\xca\xac\x5a\x14\
\x71\x2b\x93\x6a\x24\x1a\x7b\xb3\x24\x88\x4d\x92\x7d\x35\xa2\xbf\
\x56\xeb\xaf\x5e\xa5\xa8\x47\x29\xbb\xdb\x22\xee\x4c\xce\xef\x5f\
\x67\xdb\x36\x6e\xe2\x00\x00\x00\x54\x11\x1a\x28\x00\x00\x00\x00\
\xe0\x39\xe7\xa6\xda\xe9\x73\xe7\xbd\x9c\x2d\xeb\xd5\xfa\x14\xf5\
\x44\x26\x72\x1a\x26\x09\xf7\xbb\xe0\xa1\xc7\xf5\xd5\xc2\x9f\xc8\
\xb6\xff\x3c\x3a\x62\xdd\x35\xe1\xc8\x9e\x4d\x32\x0f\x00\xb0\x5b\
\xcb\x96\x59\xd6\x07\xcf\x6a\x78\x59\xd4\xe2\x45\xca\xe2\xf9\xfa\
\xb8\xde\xaa\xa7\x9b\xf4\x57\xdd\xd8\xdf\x00\xfb\x62\x2b\x39\x4b\
\x31\x12\x75\xe8\x63\xf3\x03\x3c\x52\x7a\x30\x79\xd4\xea\x7f\xa1\
\xa9\x02\x00\x00\x50\x39\x68\xa0\x04\x5c\x7e\x55\x66\x96\x62\xb5\
\xbf\x44\xf0\x98\xcd\xc5\x5c\x5d\xcb\xea\x1e\x89\xe0\x53\x43\xdd\
\x73\x0f\xb0\xec\x98\xf3\x94\x1c\x84\x88\x62\xbb\x58\xdb\xd2\xdf\
\x29\x11\x00\xca\xc0\xd9\xc3\xa4\xa6\xae\xee\x54\x56\x7c\x3a\x31\
\x9d\xaa\xa7\xa6\xba\xdf\x01\x43\x39\xeb\xfa\xaf\xd4\x47\xc4\x3f\
\xd8\xb6\x7d\xc7\xe7\x6f\x5d\xbd\x72\xe9\x52\xdb\x99\x03\x00\xa0\
\xc1\x8e\xd4\x7e\x56\xd4\x5a\x14\x21\x72\x97\x59\x64\x3a\x4a\x4f\
\x4f\x74\xbf\x0b\x15\xb4\x51\x7f\x3d\xa8\x48\xdd\x47\xc4\xf7\x3c\
\x3b\x34\xf8\xd0\xcc\x45\xeb\x72\xee\xb7\x00\xc6\x2f\xb7\x2a\xfd\
\x72\x7d\x9e\x86\x25\x53\xcd\xb4\x21\xd9\xda\xbb\x41\x6a\xf0\xb1\
\xa7\xbb\x0f\xaa\x9b\x68\x4f\x4e\x49\x04\x03\x6c\xb7\xb6\xf6\x4d\
\x6f\xde\x30\xe4\xd4\x68\xa0\x04\x5c\x3e\x9b\xf9\xbe\xfe\x94\x7b\
\xb3\x44\xf0\xde\x3f\xe3\x4d\x3d\xce\x53\x57\xe0\x63\x85\x6c\xfa\
\xe7\xfa\xf0\x79\xb1\x44\x08\x91\xd1\x51\x3b\x55\xdf\xd6\xd7\x2f\
\x11\x00\xf6\x41\xa1\x2b\x7d\x98\x62\x3e\x4f\x9f\x9f\x9c\xad\x2f\
\xc5\x9d\xb7\x4c\xa2\xee\x77\xc0\x87\x9e\xd1\x57\x12\xbf\xb3\x15\
\xfd\x76\xe3\x96\xdc\x5f\x66\x2d\x5e\x9b\x97\x79\x00\x08\x81\xed\
\xf7\x1e\x36\x25\x36\xa1\xee\x78\x26\x75\x3c\x33\x9f\xa0\xa7\x9c\
\x1b\x3f\xb8\xc9\xea\xbd\x11\x52\xea\x61\xfd\x27\xd1\x4e\x36\xfd\
\x6d\x73\x69\xfb\x3d\x07\xb6\xad\x1f\x96\xef\x01\xec\xb5\x42\x36\
\xe3\xec\xc7\x83\xf3\x35\x03\xe9\xf3\xb0\x7f\x0d\xed\x50\x2d\xd3\
\x8e\xee\xdd\x21\x53\xe0\x53\xb9\xee\x86\x85\x16\x47\x57\x48\x04\
\x03\xd8\x76\x69\x61\xb2\xa5\xff\x41\xa7\x46\x03\x25\xe0\xd0\x40\
\x31\x0e\x1a\x28\x3e\xb7\xf9\xc1\x86\x89\x75\xc9\xa8\xb3\xc1\x6e\
\xd2\x9d\x81\x70\x51\xd7\xc4\x9b\x7a\x3f\x2a\x01\x00\xf6\xd0\x8e\
\x6c\xba\x21\xa6\xf8\x42\x66\x3a\x57\x47\x67\x09\x17\x08\x9e\x41\
\x7d\x8c\xbc\xdd\xb6\xd5\x2f\x9f\xd9\x5a\xb8\x13\xcd\x14\x80\xe0\
\x91\xbd\xa9\x8e\x23\xe6\x13\x89\xc9\x69\x98\xcc\xd7\x5f\x91\xb1\
\x6f\x82\xc9\x0a\xfa\xf8\x7c\xbf\x22\xfa\x8b\x2a\xd1\x1f\x3f\xff\
\xdb\xfe\x0e\xbc\x3d\x08\x7b\x03\x0d\x14\xb3\xe9\xdf\xed\x1f\x26\
\x9a\x7a\x70\xdf\xcf\xe7\xd0\x40\x31\x0f\x1a\x28\x21\x82\x06\x8a\
\x71\xd0\x40\xf1\xb9\x42\x77\xea\x4d\xc4\xd6\x0f\x24\x42\xf8\x3c\
\x7e\xed\xcd\x7d\x87\xe3\xa2\x13\xe0\xa5\xe5\x3b\xe6\x1c\x4a\xb1\
\xf8\x45\xfa\x3c\xc4\x79\x63\x0f\x4d\x93\x70\x71\x9e\x82\xbc\x55\
\x5f\x76\xfc\x7c\xc5\xe6\x81\xbf\x2c\x5e\x6c\x17\xdd\x69\x00\xf0\
\x9b\x5c\x67\xfa\x20\x8b\xe9\x0c\xb2\xf8\x74\x1d\x4f\xd4\x5f\xd8\
\xbf\xc4\xff\x9e\xd1\x5f\x7f\x52\xa4\xfe\x30\xb2\x7d\xf8\x0f\x13\
\x8f\x79\x6c\x8b\x3b\x0d\xb0\x73\x68\xa0\x98\xcf\x56\xea\xac\x64\
\x73\xef\x6d\x12\xc1\x87\xd0\x40\x31\x0f\x1a\x28\x21\x82\x06\x8a\
\x71\xd0\x40\xf1\xb9\x42\x77\xa6\x9d\x98\x8e\x93\x08\xa1\x54\x7a\
\x75\xbc\xa9\xff\x2e\x09\x00\xf0\x1c\x63\x6f\xe9\x25\xac\x25\xc4\
\x7c\xb9\x3e\xcd\x5c\xac\xa7\xb0\x94\x0b\x3c\xad\xbf\x7e\x69\x97\
\xd4\x8d\xc9\xd6\xde\x95\xee\x14\x00\x98\x6c\xb8\xbb\x61\xbe\x45\
\xd1\x33\x99\xc9\x69\x9a\x1c\xa9\xbf\x70\x2c\x0f\xae\x51\x45\xf4\
\x0f\xfd\x75\x9b\x65\xab\x5b\xe3\x2d\xbd\x8f\xc9\x3c\xc0\x7f\xa1\
\x81\xe2\x0b\x4f\x8f\x96\x8a\x4d\xf5\xad\x03\xce\x9e\x48\xe0\x43\
\x68\xa0\x98\xe7\xb9\x0d\x14\x6b\x6c\x06\x00\x00\x5e\x52\xa1\x3b\
\x75\xb8\xbe\x7c\x7c\xa5\x44\x08\x2d\xeb\x75\x52\x00\x80\x66\x59\
\x16\x17\xba\xd2\xaf\x2a\x74\x67\x7e\x5a\x97\x8c\x3e\x49\x6c\xfd\
\x90\x88\x5f\xa5\xbf\x85\x1b\x6e\xe0\x98\xae\xbf\xde\x6d\x45\xf8\
\xa1\x42\x36\xd3\x99\xcb\x66\xde\xeb\x6c\x34\xed\x7e\x0b\x00\x4c\
\x31\xdc\xd5\xd8\xaa\x7f\x47\x3f\x9b\xcf\x66\x56\x47\x38\xda\xc1\
\x4c\xcb\xf4\xb4\xb3\x09\x3c\x8e\xe5\xc1\x16\xd3\x7f\xc0\x27\x58\
\x44\x5f\x26\x8b\xff\xa5\x7f\x06\x1e\xd2\x3f\x03\x1f\x2e\xac\x6c\
\x9c\x2d\xdf\x07\x00\x7f\x98\x1e\x8b\x44\xbe\x23\x35\x00\x94\x19\
\x1a\x28\x00\x00\x7b\x48\x91\x75\xb9\x1e\x70\x11\x19\x7a\x7c\xde\
\xc6\xf6\x19\xf5\x12\x00\x42\x6b\xfb\x8a\x59\x53\x9d\x9b\xe1\xb9\
\xce\x54\x2f\x59\xfc\x37\x7d\x74\xbc\x54\x4f\xd7\xba\xdf\x05\xd8\
\xa9\x16\xe7\x26\x5d\x2c\x66\xad\x2f\x64\x33\x37\xe6\xbb\x53\xc7\
\xca\x3c\x00\x78\x60\x28\x9b\x6e\x2a\x74\x67\x3e\xad\x7f\x1f\x07\
\x22\x56\x64\x95\x9e\xfa\xa8\x3e\xd1\x9d\xeb\x7e\x17\x42\x6a\x81\
\xfe\x19\xb8\x8e\xe2\x91\x47\xc7\x9a\x29\xdd\x99\xf7\x0f\x77\x64\
\x0e\x94\xef\x01\x80\xd1\xf8\xbc\x7c\x36\x73\x85\x04\x00\x28\x23\
\x34\x50\x00\x00\xf6\x80\xf3\x84\x35\x31\x39\x0d\x14\x80\xfa\x09\
\x53\xa7\x9d\x27\x35\x40\xe8\x0c\x67\x33\x6d\xfa\xe2\xec\x87\xf1\
\xba\xfa\xf5\x63\x4f\xac\x32\x35\xca\xb7\x00\xf6\x54\x5c\x7f\x5d\
\xc6\x6c\xfd\xa3\x90\xcd\xfc\xb3\xd0\x9d\x7e\xdb\x93\x1d\x33\xd1\
\x7c\x03\xa8\x82\xc1\xce\x86\xfd\x9d\xe6\xb7\xfe\xdd\x5b\x15\x25\
\xee\xd6\xc7\xf0\x8f\xeb\xe9\x79\xee\x77\x01\x9e\x67\x01\x33\x7d\
\x31\x12\xa3\x27\xf2\xdd\x99\x3f\x17\xba\xd2\x6f\xd8\x74\x5f\x7a\
\x82\x7c\x0f\x00\x0c\xc4\x44\x5f\xcd\xaf\xca\xcc\x92\x08\x00\x65\
\x82\x06\x0a\x00\xc0\x1e\x18\x5e\xd5\x70\xb4\x3e\x19\x99\x23\x11\
\x00\xcb\x78\x41\xa8\xb4\xb7\x5b\xd1\x7c\x77\xe6\xa2\x42\x36\x7d\
\x6f\x84\xe8\x61\x7d\x3c\x7c\xa3\x9e\x4e\xba\xdf\x05\x18\x97\x0c\
\x31\x7f\x7b\x6a\x6c\xd2\x13\x85\xee\xcc\x75\xf9\x8e\x39\x87\xca\
\x3c\x00\x94\x89\x73\x0c\x1f\xee\xce\x9c\xa1\x8f\xe1\xbf\x89\x45\
\xa2\x6e\xf3\x9b\xa8\xd5\xfd\x2e\xc0\x4b\x8a\x30\xd3\xab\xc9\xe2\
\x1f\xd5\x4f\xe0\x0d\xce\x43\x14\xf9\xce\xf4\xd1\xf2\x3d\x00\x30\
\xcb\x24\x8a\xd2\xf5\xcb\x96\x59\xb8\xdf\x0b\x50\x46\xf8\x85\x02\
\x00\xd8\x13\xcc\xb8\x61\x0e\xff\xc5\x44\xc7\xe7\x57\xce\x3b\x44\
\x22\x40\x60\x3d\xdd\x7d\x50\x5d\xae\x3b\xfd\xee\x85\x53\x53\xab\
\x99\xe9\x26\xfd\xd3\x8f\x1b\x26\x50\x29\x53\xf5\xc1\xf5\xc3\x1c\
\x8b\x3f\x5a\xe8\xce\xfc\xcc\x79\xd3\x49\xe6\x01\x60\x1f\x39\x0d\
\xc9\x42\x36\xfd\xb9\x45\x53\x53\x4f\x44\x98\x6e\x73\x96\x77\xd1\
\xd3\x35\xee\x77\x01\xf6\x49\xbd\xf3\x10\x05\x47\xf8\xde\x42\x36\
\xd3\xe3\xbc\xcd\xb4\xfd\xde\xc3\xa6\xc8\xf7\x00\xc0\x00\xce\xb5\
\xea\x55\xe7\xa4\xde\x23\x11\x00\xca\x00\x0d\x14\x00\x80\x97\xb0\
\xae\x7d\x76\x82\x99\x2f\x90\x08\xe0\xb0\xa8\x26\x7a\x99\xd4\x00\
\x81\xe3\xec\x6f\x52\xc8\xa6\x97\x4d\xe6\x29\xeb\x2c\xe6\xaf\xea\
\x0b\xb1\xc3\xe5\x5b\x00\x95\x16\xd5\x57\xfe\x97\x38\x6f\x3a\xe5\
\xb3\x99\xbf\x14\xba\x53\x27\xc8\x3c\x00\xec\x01\x67\xd9\xd9\x42\
\x57\xfa\xe4\x42\x36\xf3\x5b\x8e\xc5\xd7\x12\xf1\x47\xf4\xf4\x0c\
\xf7\xbb\x00\x65\x95\x76\xde\x66\x8a\x4f\xac\x7b\x42\x1f\xaf\xbf\
\x8f\xc6\x37\x80\x39\xd8\xa2\xcf\x0d\x76\x36\xa4\x25\x02\xc0\x38\
\xa1\x81\x02\x00\xf0\x12\xa6\x4f\x49\x9e\xad\x87\xc9\x6e\x02\x70\
\x31\xe1\xad\x24\x08\x9e\xa1\xee\xb9\x07\x38\xcb\x28\xc5\xeb\xea\
\x1f\xd3\x3f\xe5\x9f\xd4\x53\xd3\xdc\xef\x00\x54\x1f\x13\x9d\x48\
\x6c\xdd\xe5\x2c\x1d\x37\x9c\x4d\xbd\x46\xa6\x01\x60\x27\xb6\x76\
\xcc\x99\xe4\xbc\x31\x98\xeb\x6a\xec\x23\x8b\xff\xa8\xa7\xce\xd2\
\x5f\x91\xb1\x6f\x02\x54\x56\x9d\x3e\x5e\xbf\xd9\x69\x7c\x17\xb2\
\x99\x7b\x72\xd9\xf4\x12\x67\xd9\x38\xf9\x1e\x00\x78\x23\x11\x8b\
\x44\x6f\xec\xe8\xb0\x62\x92\x01\x60\x1c\xd0\x40\x01\x00\x78\x09\
\xfa\x82\x00\x37\xca\xe1\xc5\x98\x1a\x73\x5d\x8d\x47\x49\x02\xf0\
\x35\x67\x53\xe1\x42\x36\xfd\x85\x28\xd7\xac\xd5\x3f\xdb\x1f\xd6\
\x53\xd8\x24\x16\x0c\xc2\x47\x47\xc8\xba\xa3\x90\xcd\xac\x28\x64\
\x53\xa7\xca\x24\x00\x68\xb9\xce\xf4\x41\x4e\xe3\x3b\x19\x8b\x8f\
\xbd\x31\xa8\x7f\x5f\x1a\xe4\x5b\x00\x5e\x38\xc6\x22\xfe\xf5\xa2\
\xa9\xa9\x35\xf9\xee\xf4\x07\x9c\xc6\x9e\xcc\x03\x40\xf5\xb5\x65\
\xa2\x29\xe7\x81\x28\x00\x18\x27\x34\x50\x00\x00\x76\x63\xe8\x81\
\x39\xd3\x89\xe9\x64\x89\x00\xcf\xc3\x6c\xa1\xb9\x06\xbe\xe6\xac\
\x5b\x5e\xc8\x66\x3e\x1b\x8b\x44\x9d\x65\x5e\x3e\xa0\xa7\xea\xdc\
\xef\x00\x18\x69\xa1\xbe\x7c\xf9\x83\xfe\x99\xfd\x47\xbe\x3b\x75\
\xac\xcc\x01\x84\xd2\x8e\x6c\xba\xc1\x59\x36\xc9\x8a\xf0\x7f\x1a\
\xdf\xb8\x51\x0d\x26\x99\xc5\xcc\x5f\x70\x1a\x7b\x85\x6c\xfa\x9a\
\xe1\x95\xb3\xb1\x8c\x1c\x80\x17\x98\xae\xce\x65\x33\x8b\x24\x01\
\xc0\x3e\x42\x03\x05\x00\x60\x37\x22\xc9\xf8\xa5\x7a\xc0\x2b\xe8\
\xb0\x53\xfa\xc2\xf0\xa2\xde\xe5\x16\x36\x63\x05\xdf\x71\xf6\x76\
\xca\x67\x33\x1f\x8e\x4f\xac\x7b\x54\xc7\x8f\xea\xaf\xfa\xb1\x6f\
\x00\xf8\xc3\xb1\xcc\xd6\x3f\x0a\xd9\xf4\x6d\x43\xab\x52\xcd\x32\
\x07\x10\x0a\xb9\xae\xd4\x91\xfa\x67\xff\x37\x35\xc4\xbd\xce\xb2\
\x49\x7a\x2a\xee\x7e\x07\xc0\x48\x93\xf4\x19\xf3\xd5\x91\x78\xf2\
\x5f\xfa\xbc\xe3\x5b\xf9\x55\x99\x59\x32\x0f\x00\xd5\x11\xb5\x88\
\x6e\x78\xba\xfb\x20\x3c\x24\x05\x30\x0e\x68\xa0\x00\x00\xec\x06\
\x33\x96\xef\x82\xdd\x9a\x76\xf8\xdc\xd4\xe9\x52\x03\x18\x6f\xd9\
\x32\xcb\xca\x67\x33\xaf\x9b\x31\x35\x39\xc0\x44\xd7\xe9\xa9\x29\
\xee\x77\x00\xfc\x88\xcf\x88\x46\xad\x0e\xfd\x33\xfd\xc3\x5c\x57\
\xe3\xc1\x32\x09\x10\x48\xc3\xdd\x0d\xf3\x9d\x8d\xe1\x2d\xcb\x7a\
\x40\xff\xec\x9f\xa7\xa7\x70\x2d\x0f\x7e\x92\xd0\xe7\x1d\xff\xc3\
\x51\x5a\x9d\xef\x4e\x7f\xb7\xd0\x9d\x3a\x5c\xe6\x01\xa0\xf2\xe6\
\x4d\xe2\x29\xff\x27\x35\x00\xec\x03\x9c\x74\x01\x00\xec\xc2\x70\
\x67\x63\x8b\x1e\x9c\x2f\x80\x5d\xb2\xd0\x64\x03\x9f\xc8\x77\xa5\
\x8e\xb9\xfa\xdc\xc6\x07\x99\xe8\x06\x1d\x0f\x75\x67\x01\x7c\x2f\
\xa2\x7f\xa6\xdf\x68\x59\x91\x81\x42\x36\xbd\xec\xc9\x8e\x99\xb5\
\x32\x0f\x10\x08\x43\xd9\x74\x93\xf3\xc6\x49\x84\xa3\x0f\xeb\xe8\
\x6c\x0c\xaf\x7f\xe4\x01\x7c\xab\x86\x99\xdf\x42\x6c\x0d\x38\x4b\
\xd0\xe5\x57\xce\x3b\x44\xe6\x01\xa0\x82\xf4\x07\xc7\xdb\xb0\x8f\
\x1c\xc0\xbe\x43\x03\x05\x00\x60\x17\x22\x11\xec\x6f\x01\x7b\x80\
\xe9\xb4\xc1\x8e\xd4\x7e\x92\x00\x8c\x93\xcb\x36\xcc\x2c\x74\x67\
\x7e\xc6\x96\xf5\x0f\x62\x7e\xb9\x4c\x03\x04\x4d\x9d\x3e\x20\x7f\
\x72\x6a\x6c\x52\x5f\xbe\x2b\x75\x81\xcc\x01\xf8\x96\x3e\xb7\x68\
\x2c\x64\x33\xbf\x8c\x12\x77\xca\x1b\x27\x68\x9c\x40\x90\xc4\xf4\
\x0f\xf4\x9b\x39\x1e\x5b\xad\x7f\xce\xff\x6f\xc7\x43\x99\x69\x32\
\x0f\x00\x95\xa1\x7f\xe5\xf8\x87\xdb\x57\xcc\x9a\x2a\x19\x00\xf6\
\x02\x1a\x28\x00\x00\x3b\xd1\xde\x6e\x45\xf5\x09\xc6\x25\x12\x01\
\x76\xa7\x26\x12\xe5\x8b\xa5\x06\x30\x46\x47\x87\x15\xcb\x77\x67\
\xae\xb2\x28\xda\xaf\x2f\x99\x9c\xe3\x19\x6e\xbe\x41\x18\x1c\xca\
\x96\xf5\xcb\x7c\x36\xf3\xd7\xc1\xce\x86\xb4\xcc\x01\xf8\xc6\x50\
\xf7\xdc\x03\xf4\xb1\xfb\x9b\xb1\x98\x95\xd5\xd1\x69\x06\xe2\x9a\
\x1d\x82\x2c\xa1\xbf\x3e\x58\x93\xa0\x47\xf3\xd9\xf4\xc7\xf0\x16\
\x21\x40\x25\xf1\x41\xf1\xba\xba\x6f\x4a\x00\x80\xbd\x80\x93\x31\
\x00\x80\x9d\x38\x72\xd2\xbc\x93\xf5\x30\xc3\x4d\x00\xbb\x67\x31\
\xe3\x6d\x25\x30\x4a\xbe\x33\xb3\x38\x13\x4b\x75\x32\xd3\xb5\x3a\
\x62\xd3\x48\x08\x1d\x26\x3a\x3e\x16\x89\xae\x2a\x64\x33\x9f\xc5\
\x0d\x39\xf0\x83\x75\xed\xb3\x13\xf9\xee\xcc\xd5\x51\xae\x79\x44\
\x1f\xbb\xdf\xae\xa7\xa2\xee\x77\x00\x42\x61\x12\x13\x7f\x66\x6a\
\x6c\xd2\xea\x42\x57\xfa\xf5\xce\x9e\x6d\x32\x0f\x00\x65\xc5\x17\
\xe5\xb3\x69\x3c\xfc\x07\xb0\x97\xf0\xa1\x04\x00\xb0\x13\x91\x48\
\x04\x37\xc4\x61\x6f\x2c\xc0\x93\xce\x60\x02\x67\x09\x8c\x42\x77\
\xfa\xc7\x1c\xa1\xbf\xe9\x88\x9f\x49\x08\xbb\x1a\xfd\xf5\xd1\x29\
\xb1\x49\xff\x2c\x74\xa5\x9d\x07\x23\x00\x8c\x63\x59\x16\xe7\xbb\
\x53\x97\xcd\x98\x9a\x1c\x60\xa6\x6b\xf4\xd4\x44\xf7\x3b\x00\xa1\
\x74\x30\x59\x7c\xfd\xd5\xe7\xa5\x1e\xca\x67\x1b\x5f\x29\x73\x00\
\x50\x46\x4c\xfc\x4d\x67\x89\x5f\x89\x00\xb0\x07\xd0\x40\x01\x00\
\x78\x81\x6d\x5d\xb3\x27\xeb\xe1\x6c\x37\x01\xec\x99\x98\x85\xa6\
\x1b\x78\xcb\xd9\xf7\xa1\x26\x41\x3d\xc4\x7c\x85\x8e\x58\xae\x0b\
\x40\xe8\x5f\x86\xc3\xc9\xe2\x3f\x16\xba\xd3\xd7\x6f\xbf\xf7\xb0\
\x29\x32\x0d\xe0\xb9\xa1\x55\xa9\xe6\x5c\x57\xea\x6e\x66\xeb\x46\
\x1d\x0f\x75\x67\x01\x40\x6b\x63\x8a\xb4\x17\xb2\x99\x1b\x73\x9d\
\xe9\x83\x64\x0e\x00\xca\x63\x8a\xfe\xfd\xfa\xa1\xd3\xc0\x97\x0c\
\x00\x2f\x01\x0d\x14\x00\x80\x17\x48\x58\xc9\xf3\x9d\xc1\x4d\x00\
\x7b\x88\xf9\xd2\xe5\xcb\xad\x88\x24\x80\xaa\x19\x5e\x39\x7b\x46\
\xa1\x3b\x73\xab\xb3\xef\x83\x8e\xd3\xdd\x59\x00\x78\x11\xe6\xd7\
\xc7\x27\xd6\xf5\xe6\xb2\xe9\xb3\x64\x06\xc0\x13\x9b\xee\x4b\x4f\
\x28\x64\xd3\x5f\x8c\x46\xad\x87\x75\x3c\xd6\x9d\x05\x80\x17\x70\
\x6e\xee\x5e\x66\x45\x78\xc0\xd9\xd3\xcd\xd9\xdb\xcd\x9d\x06\x80\
\xf1\x62\xe2\x93\x73\x5d\x29\x67\xb9\x48\x00\xd8\x03\x68\xa0\x00\
\x00\xbc\x18\xde\x24\x80\x7d\x31\xf3\xcc\xb9\xa9\x13\xa4\x06\xa8\
\x8a\x7c\x57\xea\xfc\x48\x3c\x91\xd5\x57\x41\x78\x6b\x0e\x60\xcf\
\xcc\xb0\x88\x7f\x5b\xc8\xa6\x6f\xc0\xdb\x28\xe0\x05\xe7\x6d\xc1\
\xfa\x09\xdc\x47\xc4\xef\xd7\x11\xfb\x9c\x00\xbc\xb4\x7a\x67\x4f\
\xb7\x4c\xac\xf1\xe1\xfc\xaa\xcc\x2b\x64\x0e\x00\xc6\xef\xf3\x3b\
\xba\x33\xf3\xa4\x06\x80\xdd\x40\x03\x05\x00\xe0\x39\x0a\x1d\x0d\
\x47\xe8\xe1\x18\x37\x01\xec\x25\x0b\xcd\x37\xa8\x8e\xed\x2b\x66\
\x4d\x2d\x64\xd3\x37\xb1\x65\xfd\x8a\x88\xf7\x93\x69\x00\xd8\x63\
\xfc\xba\xf8\xc4\xda\x7f\x16\xba\x32\x27\xc9\x04\x40\x45\xe5\x57\
\x65\x66\xe5\xb3\xe9\x3f\xca\xdb\x82\x07\xbb\xb3\x00\xb0\xe7\xb8\
\x89\xa3\x74\x4f\x3e\x9b\xf9\xb6\x2c\xb9\x0c\x00\xe3\x53\x5b\xc3\
\x74\x63\x7b\xbb\x85\x66\x3e\xc0\x4b\x40\x03\x05\x00\xe0\xb9\x62\
\x91\xcb\xf5\x5f\xb1\x16\x28\xec\xab\x73\x9d\x65\x39\xa4\x06\xa8\
\x88\x7c\x36\x73\x5c\xbc\xb6\xbe\x53\x1f\xaa\x2e\x92\x29\x00\xd8\
\x27\x7c\x90\xbe\x1a\xba\xd3\x59\x4a\x69\xcd\x9d\x0d\x71\x99\x04\
\x28\x2b\x67\x8d\xf9\x42\x77\xfa\x6d\x1c\xa5\xac\xb3\x64\x8a\x4c\
\x03\xc0\xbe\x71\x36\x6d\x78\x5b\xc2\x4a\xfe\x73\xb8\x3b\x73\x86\
\xcc\x01\xc0\xbe\x3b\x6a\xe1\x94\xd4\x47\xa4\x06\x80\x5d\x40\x03\
\x05\x00\x40\x38\x17\xb8\x8a\xd8\x69\xa0\x00\xec\xab\xba\xfa\x3a\
\x7a\xad\xd4\x00\x65\xe5\x3c\x1d\x56\xe8\xce\x7c\x9a\x89\xfe\x4a\
\x4c\x87\xc8\x34\x00\x8c\x8f\xbe\x1e\xe2\xf7\x1f\x72\x70\x74\x05\
\x96\xb1\x80\x72\x73\xde\x6c\xce\x75\x35\xea\x63\x36\x7f\x5b\x47\
\x3c\x60\x01\x50\x3e\x07\x47\x98\x6e\x73\x36\x99\xdf\xf1\x50\x66\
\x9a\xcc\x01\xc0\x3e\x60\xa6\x4f\xe4\x3a\xd3\x0b\x24\x02\xc0\x4e\
\xa0\x81\x02\x00\x20\x86\xbb\xe6\x1d\xcb\x44\xb3\x25\x02\xec\x13\
\x65\x31\x96\xf1\x82\xb2\xcb\x65\x1b\x66\x2e\x9a\x9a\xfa\x3b\x31\
\x7d\x5c\xc7\x88\x3b\x0b\x00\x65\xd4\x5a\xc3\xf4\x70\xbe\x3b\x75\
\x99\x64\x80\x7d\xb6\x6c\x99\x65\xe5\xb2\x99\xf7\x52\x2c\xda\x4d\
\xc4\xaf\x92\x69\x00\x28\xbf\xcb\x6a\x12\xd4\x93\xcb\xa6\xcf\x92\
\x0c\x00\x7b\x2f\x66\x45\xf8\x27\xeb\x57\xcc\x4a\x4a\x06\x80\x17\
\x40\x03\x05\x00\xe0\xbf\x22\xb8\xf1\x0d\xe3\xc6\x44\x8b\x9d\x75\
\xce\x25\x02\x8c\x5b\xa1\x3b\x7d\x8a\x45\x91\x55\xba\xc4\xfe\x4c\
\x00\x95\x55\xcf\x6c\xdd\x98\xcf\x66\xbe\xbf\xae\x7d\x76\x42\xe6\
\x00\xf6\x4a\xae\xab\xf1\xe0\xab\xce\x4b\xfd\x59\x5f\x68\x7f\x59\
\xc7\x5a\x77\x16\x00\x2a\x68\xba\x45\xfc\xdb\x7c\x77\xfa\xbb\x1b\
\xdb\x67\xd4\xcb\x1c\x00\xec\x9d\xd4\xfe\x75\xf5\xd7\x48\x0d\x00\
\x2f\x80\x06\x0a\x00\x80\xe6\x3c\x6d\xc1\x44\xe7\x4b\x04\x18\x0f\
\x8b\xa2\x0a\x4f\x30\xc3\xb8\x39\x4f\x30\x17\xba\xd3\x9f\x22\xe6\
\x3b\x08\x1b\xc5\x03\x54\x8d\x3e\x1f\x78\xf3\x8c\xa9\xc9\x7b\x0b\
\xdd\xa9\xc3\x65\x0a\x60\x8f\xe4\xba\x32\xe7\x5a\x56\xa4\x4b\xff\
\x0c\x9d\x20\x53\x00\x50\x25\xcc\xfc\x96\x09\x53\xa7\xad\xca\x65\
\x33\x8b\x64\x0a\x00\xf6\xce\xbb\x0b\xd9\xc6\x13\xa5\x06\x80\xe7\
\x40\x03\x05\x00\x40\xdb\xaf\xb6\xfe\x6c\x3d\x4c\x72\x13\xc0\xf8\
\x30\x61\x19\x2f\x18\x9f\xed\xf7\x1e\x36\xe5\xaa\xf3\x52\xbf\x27\
\xe6\x4f\xe8\x88\xf3\x35\x80\xea\x6b\x23\xb6\x56\x16\xb2\xa9\x53\
\x25\x03\xec\xd2\xd3\xdd\x07\xd5\x39\x4f\xbf\x5b\x16\xdd\xac\x23\
\xf6\x63\x00\xf0\x08\x13\xcd\xd1\x27\x4d\x77\xe7\xb3\x99\x0f\x3b\
\x0f\xa2\xc8\x34\x00\xec\x19\xfd\x2b\x14\xf9\xd1\xb6\xae\xd9\x93\
\x25\x03\x80\xc0\x07\x0a\x00\x80\x0b\x37\xbc\xa1\x9c\xe6\xe1\xe9\
\x37\xd8\x57\x43\xd9\x74\x53\xcd\xc4\xba\x87\xf4\x15\x0c\x6e\xdc\
\x02\x78\x6b\xaa\xbe\x5c\xba\x3d\xdf\x9d\xb9\xda\xb2\x2c\xfd\x2b\
\x09\xf0\x62\xc3\x9d\x8d\x2d\x93\x79\xf2\xc3\xce\xd3\xef\x32\x05\
\x00\xde\x8a\xe9\x03\xf6\x75\x57\x9d\x97\xba\x63\xe8\x81\x39\xd3\
\x65\x0e\x00\xf6\xcc\xa1\x09\x2b\xf9\x35\xa9\x01\x40\xa0\x81\x02\
\x00\xa1\x37\xdc\x91\x39\x90\x99\x4e\x96\x08\x50\x16\xfa\xc2\x0d\
\x4d\x39\xd8\x6b\xb9\xee\xcc\x79\x51\xe2\xfb\xf5\xcf\xcf\x11\x32\
\x05\x00\xde\x8a\xe8\x73\x84\x6b\x72\x9d\xa9\x9f\x62\x73\x55\x78\
\xa1\x7c\x36\x73\x45\x24\x12\xb9\x5f\x7f\xea\x37\xc8\x14\x00\x18\
\x42\x9f\x4b\x9d\x12\xad\x8d\xaf\xd2\xbf\xa7\xc7\xc9\x14\x00\xec\
\x99\xcb\x73\xd9\xf4\x6b\xa5\x06\x00\x0d\x0d\x14\x00\x08\x3d\x2b\
\xa6\x2e\xd5\x43\xc4\x4d\x00\xe5\xa1\x2f\xda\x2e\x5c\x73\x67\x43\
\x5c\x22\xc0\x4b\x1a\x7b\xca\x9d\xe9\xd7\xba\xac\x73\x67\x00\xc0\
\x18\x4c\x97\xec\x5f\x57\xff\x57\x3c\xcd\x0c\x0e\xe7\xf3\x3d\x9f\
\xcd\x7c\x5b\x7f\xd6\xff\x58\x47\x34\xd6\x00\xcc\x75\xa0\xfe\x3d\
\xbd\x2b\x9f\x4d\x7f\x10\x6f\x12\x02\xec\x39\x8b\xe8\x3b\xc3\x2b\
\x67\xcf\x90\x08\x10\x7a\x68\xa0\x00\x40\xe8\xe9\x33\x69\xbc\x29\
\x00\x95\x30\xf5\xe0\x83\x23\x67\x48\x0d\xb0\x4b\xbd\xcb\xad\x9a\
\x42\x77\xfa\x7a\xe7\x29\x77\x1d\x71\x6e\x06\x60\xae\x45\xd1\xda\
\xf8\x03\x43\xab\x52\xcd\x92\x21\x84\xf2\xab\x32\xb3\x0e\x39\x38\
\xfa\x0f\x7d\xfe\xf8\x36\x99\x02\x00\xb3\x45\x99\xf8\xff\x72\x5d\
\x8d\xcb\x37\xdd\x97\x9e\x20\x73\x00\xb0\x5b\xbc\x5f\x24\x9e\xfc\
\x01\x1a\x8f\x00\x2e\x5c\xa4\x03\x40\xa8\x0d\x77\x37\xcc\xd7\x27\
\x07\x4d\x12\x01\xca\xca\xc2\x66\xf2\xf0\x12\xb6\x76\xcc\x99\x34\
\xbb\x21\x75\x27\x31\xbf\x5e\xa6\x00\xc0\x6c\xb3\xa2\x51\xeb\x1f\
\x85\xce\xc6\x57\x4b\x86\x10\x71\xfe\xdc\x39\x4a\x0f\xeb\xf2\x48\
\x77\x06\x00\xfc\x83\xcf\xab\x9f\xc0\x2b\x76\x74\xce\x9d\x2b\x13\
\x00\xb0\x7b\xa7\xe7\xba\x52\x6f\x96\x1a\x20\xd4\xd0\x40\x01\x80\
\x50\x8b\x50\x14\x37\xb8\xa1\x92\x5e\x33\xd8\xd9\xb0\xbf\xd4\x00\
\xcf\x93\xeb\x6a\x3c\x38\x19\x8d\xdf\xcd\x44\xc7\xcb\x14\x00\xf8\
\xc3\x44\x8a\x44\xee\xc8\x67\x33\x38\x87\x08\x91\x42\x77\xfa\x6d\
\xfa\xcf\xfd\x0f\xba\x9c\xe6\xce\x00\x80\x0f\xa5\x6b\x22\x35\x0f\
\xe8\xdf\xe7\x53\x24\x03\xc0\xee\x7d\xa9\xd0\xd1\x80\xbd\x19\x21\
\xf4\xd0\x40\x01\x80\xd0\x6a\x6f\xb7\xa2\xce\x9a\xe6\x12\x01\x2a\
\x21\x16\x89\x58\xf8\x19\x83\x17\x19\xec\x6c\x48\x5b\x56\xe4\x3e\
\x7d\x0c\xc2\x52\x40\x00\xfe\x14\x63\xa2\x1f\xe7\xb3\x99\x0f\x4b\
\x86\x80\x5a\xbe\xdc\x8a\x14\xba\x33\x5f\x26\xe6\x6f\xeb\x18\x75\
\x67\x01\xc0\xc7\xa6\xe8\xdf\xe7\xdf\xe7\xbb\x32\xef\x93\x0c\x00\
\xbb\x56\x4f\xb1\xe8\x8f\x9d\xcf\x42\xc9\x00\xa1\x84\x06\x0a\x00\
\x84\xd6\x91\x53\x52\xa7\xea\xe1\x00\x37\x01\x54\x86\x45\x16\x9e\
\x50\x86\xe7\xc9\x75\xa5\x8e\x8c\x45\xa2\x77\xeb\xf2\x50\x77\x06\
\x00\x7c\x8a\x99\xe8\xba\x42\x77\xe6\xf3\x58\x23\x3c\x98\x9c\x65\
\x16\xcf\x68\x48\xdd\x4e\x4c\xef\x95\x29\x00\x08\x86\x08\x5b\xf4\
\xa5\x7c\x77\xe6\x9b\x63\x0f\xd5\x01\xc0\xee\x1c\x7b\xc6\xbc\xd4\
\x87\xa4\x06\x08\x25\x34\x50\x00\x20\xb4\x22\xd8\x3c\x1e\xaa\xa3\
\x6d\xa8\x3b\xf3\x32\xa9\x21\xe4\x0a\xdd\xe9\xe3\x2d\xcb\xba\x4b\
\x97\x58\x02\x06\x20\x28\x98\x3e\x34\xdc\x95\xfa\x21\x9e\xce\x0c\
\x96\x42\x57\xfa\xb0\x64\x2c\x7e\x2f\x13\x39\x0f\xdc\x00\x40\x00\
\x31\xd3\xdb\x17\x4d\x49\xfd\x16\x9b\xcb\x03\xec\x9e\xfe\x5d\x59\
\x36\xdc\xd9\xd8\x22\x11\x20\x74\xd0\x40\x01\x80\x50\xda\x7e\xef\
\x61\x53\x88\xe9\x4c\x89\x00\x15\x15\x45\xb3\x0e\xb4\xe1\xee\xcc\
\x19\xfa\xea\xe3\x0e\x5d\xe2\x22\x1d\x20\x60\x98\xe8\x0d\x67\x36\
\xa4\x7e\xd6\xd1\x61\xc5\x64\x0a\x7c\x6c\x38\x9b\x69\x23\x8b\xef\
\xd7\x65\xc6\x9d\x01\x80\xc0\x62\x3a\xad\x7e\x02\xb7\x0f\xaf\x9c\
\x3d\x43\x66\x00\xe0\xc5\x6a\x22\x11\xeb\xc6\x35\x77\x36\xc4\x25\
\x03\x84\x0a\x1a\x28\x00\x10\x4a\xf1\x09\xb5\x17\xe8\x21\xe1\x26\
\x80\x0a\x63\x75\x29\x9e\x4c\x0e\xb7\x5c\x36\x75\x76\x84\xe9\x37\
\xba\xc4\x71\x07\x20\xb8\x2e\xcc\x44\x53\xbf\xea\x5d\x6e\xd5\x48\
\x06\x1f\x2a\x74\xa5\x4f\xd6\x1f\xd8\x7f\xd7\x25\x6e\xa6\x02\x84\
\xc7\x7c\x2b\x9e\xbc\x6f\x47\xe7\xdc\xb9\x92\x01\xe0\x45\xb8\xe9\
\x90\x83\xa2\x9f\x96\x00\x10\x2a\x68\xa0\x00\x40\x38\x31\xde\x08\
\x80\x6a\xe2\x83\xce\x9c\xd7\xf8\x6a\x09\x10\x32\xb9\xee\xcc\x79\
\x16\x59\xbf\xd6\x25\x6e\xaa\x02\x04\x1d\xd3\x39\x47\x34\x34\x2e\
\x47\x13\xc5\x9f\xf2\xdd\x99\x0b\xc9\xe2\xdb\x74\x89\x37\x05\x01\
\x42\x86\x89\x0e\xaf\x89\xd4\xdc\xeb\xec\x55\x27\x53\x00\xf0\x42\
\x4c\xef\xcf\x67\x1b\x5f\x29\x09\x20\x34\xd0\x40\x01\x80\xd0\x71\
\x9f\x2c\xe2\x57\x48\x04\xa8\x12\x46\xd3\x2e\x84\xc6\x9a\x27\x4c\
\xbf\xd0\x25\x96\xf5\x01\x08\x0d\x3e\xf3\x88\x79\xa9\x5f\x62\x39\
\x2f\x7f\x29\x74\xa5\xdf\xc2\x4c\x3f\xd3\x25\x9a\x5f\x00\xe1\xb5\
\xbf\xb3\x57\x5d\xbe\x33\xb3\x58\x32\x00\x3c\x5f\x44\xff\xdf\x0d\
\xd8\x37\x08\xc2\x06\x0d\x14\x00\x08\x9d\x1a\x2b\x76\xb9\x1e\xd8\
\x4d\x00\x55\xc2\x74\xce\xe6\x07\x1b\x26\x4a\x82\x10\x18\xee\xca\
\x9c\x6e\x31\xdd\xa4\x4b\xdc\x44\x05\x08\x1b\x7d\xcc\xcf\xc4\x1a\
\x7f\xd1\xde\x6e\x45\x65\x06\x0c\x96\xcf\xa6\x3f\x48\x16\x7f\x47\
\x97\x58\x6e\x13\x00\x26\x70\x84\xfe\x50\xc8\xa6\x4e\x95\x0c\x00\
\xcf\xe1\xbc\xad\x55\x37\x81\xbf\x2c\x11\x20\x14\xd0\x40\x01\x80\
\x50\xb1\x2c\x8b\xf5\x27\xbe\xd3\x40\x01\xa8\xb6\xda\xba\x84\xb5\
\x44\x6a\x08\xb8\x42\x57\xe6\xa4\x88\x45\xcb\x75\x89\x27\x99\x01\
\x42\x8b\xcf\x5b\x34\x35\x75\xfd\xb2\x65\x16\xae\xb9\x0c\x96\xef\
\xce\x7c\x52\x9f\x1c\xfe\x9f\x2e\xf1\x70\x0d\x00\xfc\x47\x52\x5f\
\x39\xfe\x36\xd7\x95\x39\x57\x32\x00\x3c\x87\xfe\xc0\x7c\x53\xae\
\x3b\x7d\xa6\x44\x80\xc0\xc3\xc9\x3c\x00\x84\xca\x70\x47\xea\x38\
\xfd\x71\x7f\x98\x44\x80\x2a\xc3\x32\x5e\x61\x90\xef\x4a\x1d\xa3\
\xcf\xb0\x6e\xd1\x25\x36\x8c\x07\x80\xcb\xae\x3a\x2f\xf5\xad\xb1\
\x07\x38\xc0\x38\x85\xee\xcc\x67\x98\x69\x99\x44\x00\x80\xe7\xaa\
\xb1\x2c\xfa\x65\x2e\x9b\xc6\x03\x50\x00\x3b\x61\x31\x7f\x7f\xb0\
\xb3\x61\x7f\x89\x00\x81\x86\x06\x0a\x00\x84\x4b\x04\x9b\xc7\x83\
\x87\x98\x8f\x2b\x74\xa5\xd1\xc0\x0b\xb0\xa1\x55\xa9\x66\xb6\xac\
\xdb\x75\x59\xe7\xce\x00\x40\xd8\x31\xd1\x5b\x73\x5d\x8d\x9f\x95\
\x08\x86\x70\x9a\x27\xfa\x0f\xe7\x63\x12\x01\x00\x76\x26\x66\x11\
\xff\x1c\x4d\x14\x80\x9d\x9a\x1e\xb3\xa2\xdf\x93\x1a\x20\xd0\xd0\
\x40\x01\x80\xd0\x78\xb2\x63\x66\x2d\x13\xe1\xe4\x17\xbc\xc4\x8a\
\x19\x4b\xc8\x05\x54\x61\x65\xe3\xec\x68\xd4\xba\x53\x97\x93\xdd\
\x19\x00\x80\xff\xe0\x8f\xe4\xb2\x99\xf7\x4a\x00\x8f\x15\xba\xd3\
\x9f\x42\xf3\x04\x00\xf6\xd0\x7f\x9a\x28\xaf\x95\x0c\x00\xff\xc1\
\x74\x4e\x3e\x9b\xb9\x42\x12\x40\x60\xa1\x81\x02\x00\xa1\x31\x25\
\x36\xf1\x1c\x3d\x60\x13\x6f\xf0\x16\xd3\xeb\xb0\x94\x4b\xf0\x38\
\xaf\xaf\xab\x78\xe4\x8f\xba\x3c\xd0\x9d\x01\x00\x78\x3e\x7d\xe1\
\xf5\xa5\x7c\x36\x7d\x89\x44\xf0\x48\xbe\x3b\x73\x15\x31\x7f\x42\
\x22\x00\xc0\x9e\x18\x6b\xa2\x0c\x77\x36\x9e\x26\x19\x00\x84\xbe\
\xb0\xfd\x6a\x7e\x55\x66\x96\x44\x80\x40\x42\x03\x05\x00\x42\x04\
\xfb\x4f\x80\xf7\xf4\x09\xe6\x9c\xe1\x8e\xc6\x57\x48\x84\x00\x70\
\xde\x6e\x8b\x45\xa2\xb7\x39\x7f\xb6\x32\x05\x00\xb0\x33\xcc\xc4\
\x3f\xca\x77\x66\x16\x4b\x86\x2a\xcb\x75\xa7\xdf\xad\xff\x10\xae\
\x95\x08\x00\xb0\x37\x6a\x22\x91\xc8\xf2\x42\x77\xea\x04\xc9\x00\
\xe0\x9a\x44\x51\xba\x7e\xd9\x32\x0b\xf7\x98\x21\xb0\xf0\xc3\x0d\
\x00\xa1\x90\xeb\x4c\x1f\xc4\x44\xaf\x96\x08\xe0\xad\x08\x9a\x79\
\x41\xe1\x5c\x28\x4c\x8d\x4d\xfa\xa9\x2e\x17\xba\x33\x00\x00\xbb\
\x15\xe7\x08\xdd\x32\xb8\xaa\x31\x25\x19\xaa\x24\xdf\x9d\xb9\xdc\
\x62\xfe\x8a\x44\x00\x80\x7d\x91\x24\xb6\x7e\x9b\x5f\x95\xc1\xc3\
\x50\x00\xcf\xc1\x44\xc7\x5f\x75\x6e\x0a\x4b\x95\x42\x60\xa1\x81\
\x02\x00\xa1\xc0\x11\xba\x54\x0f\x11\x37\x01\x78\x4b\x9f\x60\x5e\
\xb0\xae\x7d\x76\x42\x22\xf8\xd8\xd5\xe7\x36\x7e\x41\x0f\xe7\xba\
\x09\x00\x60\x8f\x4c\x89\x46\x23\xb7\x0f\x76\xa4\xf6\x93\x0c\x15\
\x96\xeb\x4e\x9f\xc9\x4c\x3f\xd2\xa5\xfe\x08\x06\x00\x18\x97\x7a\
\x8e\xd2\x6d\x68\x84\x03\x3c\x9f\xfe\x9c\xfd\xec\x50\xd7\xbc\x8c\
\x44\x80\x40\x41\x03\x05\x00\x42\x81\xb1\x7c\x17\x98\x65\xca\xf4\
\xc9\xf1\x33\xa5\x06\x9f\x2a\x74\xa7\xde\xa4\xaf\x14\xde\x27\x11\
\x00\x60\x8f\x31\xd1\xec\x58\xd4\xfa\x4d\xef\x72\xab\x46\xa6\xa0\
\x42\xf2\x9d\xe9\xa3\x2d\xe6\x5f\xea\x32\xea\xce\x00\x00\x8c\xdb\
\xb4\x58\x24\xf2\xc7\x5c\xb6\x61\xa6\x64\x00\x20\x4a\x44\xad\xd8\
\x4f\x3a\x3a\xac\x98\x64\x80\xc0\x40\x03\x05\x00\x02\x2f\xb7\x2a\
\xfd\x72\x3d\xbc\xcc\x4d\x00\x66\x60\xcb\xba\x42\x4a\xf0\xa1\x7c\
\xb6\xf1\x95\xfa\x0f\xf1\x5b\x12\x01\x00\xf6\x1e\xd3\x71\xb3\x1b\
\x52\x38\x8e\x54\xd0\x8e\x6c\xba\x81\x23\xfc\x3b\x5d\x26\xdd\x19\
\x00\x80\x32\x61\x3a\xc4\xa2\xe8\x9d\xdb\xef\x3d\x6c\x8a\xcc\x00\
\x00\x51\x5b\x26\x9a\x5a\x2a\x35\x40\x60\xa0\x81\x02\x00\x81\x67\
\x45\xf1\xf6\x09\x18\xe9\x94\xa1\x07\xe6\x4c\x97\x1a\x7c\x24\xbf\
\x2a\x33\x8b\x29\xb2\x5c\x97\x78\x72\x1c\x00\xc6\x85\x89\xde\x54\
\xe8\x4a\xbf\x53\x22\x94\x91\xf3\x19\x1b\x23\xfe\x83\x2e\xa7\xb9\
\x33\x00\x00\x65\x97\xa9\x99\x58\xb7\x1c\x4f\xdc\x03\x3c\x07\xd3\
\x55\xb9\x6c\x66\x91\x24\x80\x40\x40\x03\x05\x00\x02\x4d\x4e\x66\
\x2f\x76\x13\x80\x51\xa2\x91\x44\xfc\x12\xa9\xc1\x27\x9c\xbd\x6b\
\x38\x4a\x4e\xf3\xe4\x00\x77\x06\x00\x60\x9c\x2c\xfe\xd2\xd8\x5b\
\x6d\x50\x36\xeb\x57\xcc\x4a\x46\x6b\xe3\xb7\x32\xd1\xe1\x32\x05\
\x00\x50\x11\xfa\x38\x73\x42\x26\xda\xf8\x3d\x89\x00\xa0\xaf\x73\
\xf5\xef\xc5\x8d\x4f\x77\x1f\x54\x27\x19\xc0\xf7\xd0\x40\x01\x80\
\x40\x4b\xc5\x1a\x5f\xa3\x87\xfd\xdd\x04\x60\x16\xb6\x08\x6f\x47\
\xf9\xcc\xf4\xa9\xc9\xaf\xeb\x61\x81\x9b\x00\x00\xca\x22\xc6\x14\
\xf9\x55\xae\xab\xf1\x60\xc9\x30\x0e\x96\x65\xf1\xfe\x75\xf5\x3f\
\xd6\x25\x9e\x7e\x05\x80\xea\x60\x7e\x7d\x3e\x9b\xfe\xa8\x24\x80\
\xd0\x63\xa2\x39\x93\x78\xca\xff\x49\x04\xf0\x3d\x34\x50\x00\x20\
\xd0\xf4\x41\x0e\x37\xa8\xc1\x64\xad\x43\xab\x52\xcd\x52\x83\xe1\
\x9c\x4d\xe3\xf5\xc5\xc0\x9b\x25\x02\x00\x94\xd3\x0c\xcb\x8a\xfc\
\x02\xcb\xc0\x8c\xdf\x70\x67\xe3\x27\xf5\x70\x81\x9b\x00\x00\xaa\
\x83\x89\x3f\x9d\xcb\xa6\xce\x96\x08\x10\x7a\xfa\xba\xe9\x6d\x85\
\x6c\xea\x54\x89\x00\xbe\x86\x06\x0a\x00\x04\xd6\xf6\x15\xb3\xa6\
\xea\x8f\xed\x33\x24\x02\x18\x29\x8a\x3d\x7a\x7c\x61\x28\x9b\x6e\
\x22\xb6\x9c\xb7\x4f\x00\x00\x2a\xe5\xd8\x4c\x2c\xf5\x39\xa9\x61\
\x1f\xe4\xba\x33\xe7\x31\x33\x36\xaf\x05\x00\x2f\x58\x16\x59\x37\
\x0e\x75\xcd\xcb\x48\x06\x08\x3b\xd6\xff\xf7\x43\xf7\xbe\x0c\x80\
\xbf\xa1\x81\x02\x00\x81\x15\xaf\xab\xbd\xd0\x19\xdc\x04\x60\x2a\
\xbe\xa4\xbd\xdd\x8a\x4a\x00\x03\x6d\x6c\x9f\x51\xaf\xff\x80\x7e\
\xad\xcb\xa4\x3b\x03\x00\x50\x31\x1f\xc8\x65\xd3\x67\x49\x0d\x7b\
\x61\xa8\x3b\xf3\x32\x8b\xe9\x06\x5d\xb2\x3b\x03\x00\x50\x75\x13\
\x22\x56\xec\xd6\xed\xf7\x1e\x36\x45\x32\x40\xc8\xf1\x41\xf1\xba\
\xfa\x6f\x4b\x00\xf0\x2d\x34\x50\x00\x20\xc0\x2c\x3c\xd9\x0f\x7e\
\x70\xe0\x91\x53\x1b\x4e\x92\x1a\x0c\x34\x71\xea\x34\x7d\xd2\xcf\
\x0d\x12\x01\x00\x2a\x89\x2d\xe2\x1f\x61\x3f\x94\xbd\xb3\xb5\x63\
\xce\xa4\x08\xd3\xcd\xba\xac\x77\x67\x00\x00\xbc\xe1\xec\xfd\x50\
\x33\xa1\xee\x67\xcb\x96\x59\xb8\xdf\x06\xe0\xba\x20\x9f\x4d\x5f\
\x22\x35\x80\x2f\xe1\x80\x0e\x00\x81\xb4\xa3\x3b\x33\x4f\x0f\xd8\
\x3c\x14\x7c\x21\x42\x58\xc6\xcb\x54\xf9\x6c\xc6\xf9\xb3\xb9\xcc\
\x4d\x00\x00\x55\x31\x8d\xad\xc8\x8d\xb8\xf9\xb6\x67\x9c\x4d\xe3\
\x93\xb1\x9a\x1b\x99\x68\xae\x4c\x01\x00\x78\x8a\x99\x5e\x73\xd5\
\xb9\x8d\x9f\x90\x08\x10\x7a\x4c\xfc\x8d\x5c\xb6\x61\xa6\x44\x00\
\xdf\xc1\x49\x39\x00\x04\x52\x0d\x36\x8f\x07\x5f\xe1\xb3\x9d\xa7\
\x67\x25\x80\x21\x0a\xdd\xa9\xc3\x99\x08\xfb\x9e\x00\x40\xd5\xe9\
\x63\xcf\xf1\x57\x9d\xdb\x78\x95\x44\xd8\x8d\xe1\xce\x94\xfe\xf7\
\xc4\x67\x4a\x04\x00\x30\x02\x33\x7f\x12\x1b\x68\x03\xfc\xd7\x14\
\xa6\xc8\x0f\x9d\x87\x1e\x24\x03\xf8\x0a\x1a\x28\x00\x10\x38\x63\
\x4f\x6c\x32\x9e\x18\x07\x5f\x49\x26\x63\xf1\xf3\xa5\x06\x03\x2c\
\x5f\x6e\x45\x88\xad\x9f\xe8\x72\xa2\x3b\x03\x00\x50\x5d\xcc\xfc\
\xbf\xc3\x5d\x8d\xad\x12\x61\x27\xf2\xd9\xc6\x57\x32\xd3\xa7\x25\
\x02\x00\x98\xc4\xd2\xff\xf7\xd3\xfc\xca\x79\x87\x48\x06\x08\x35\
\x26\x3e\x39\xb7\xaa\xf1\x1d\x12\x01\x7c\x05\x0d\x14\x00\x08\x9c\
\xab\xcf\x6d\x5c\xac\x87\x59\x6e\x02\xf0\x0d\xbc\x35\x65\x90\x33\
\xe6\x35\x7e\x58\x0f\xc7\xba\x09\x00\xc0\x13\x35\x11\x2b\x72\xe3\
\xba\xf6\xd9\x09\xc9\xf0\x1c\x83\x1d\xa9\xfd\x98\x22\x37\xe9\x32\
\xea\xce\x00\x00\x18\x67\x1a\xc7\x63\x3f\x1b\x7b\x30\x07\x00\x88\
\x2c\xbe\x6e\x47\x36\x8d\xbd\x25\xc1\x77\xd0\x40\x01\x80\x20\xc2\
\x8d\x68\xf0\xa3\x63\x0b\x2b\x1b\x67\x4b\x0d\x1e\x1a\xea\xce\xbc\
\x8c\x99\x97\x4a\x04\x00\xf0\xd2\xcb\x66\x4c\x49\x7e\x4a\x6a\x10\
\xce\x12\x20\xb1\x98\xf5\x43\x5d\x62\xb3\x7d\x00\x30\xdd\x2b\xcf\
\x6c\x68\xfc\xa4\xd4\x00\x61\x57\x5b\x43\xfc\x93\xf6\x76\x0b\x0f\
\x3f\x80\xaf\xa0\x81\x02\x00\x81\xf2\x74\xf7\x41\x75\xc4\xfc\x5a\
\x89\x00\x7e\xc2\xaa\xc6\xba\x5c\x6a\xf0\x88\x73\x32\x1f\x65\xba\
\x5e\x97\x71\x77\x06\x00\xc0\x63\x4c\xef\xcf\x75\x37\x2c\x94\x04\
\x5a\xae\x2b\xf5\x3f\x7a\x38\xcb\x4d\x00\x00\xa6\xe3\x8f\xe5\x3b\
\x33\xce\x2a\x09\x00\x40\x74\xd4\xc2\x29\xa9\x8f\x4a\x0d\xe0\x0b\
\x68\xa0\x00\x40\xa0\x4c\xa2\x49\xe7\xea\x61\x82\x9b\x00\x7c\x86\
\xf9\x72\x6c\xac\xe7\xad\x85\x53\x1a\x3f\xa4\x87\x05\x6e\x02\x00\
\x30\x42\xc4\xe2\xe8\x8f\xd6\xdc\xd9\x80\xc6\xae\x36\xb8\xaa\x31\
\xa5\x87\x2f\xb8\x09\x00\xc0\x17\x22\x1c\xa1\x1b\xb6\x76\xcc\x99\
\x24\x19\x20\xd4\x98\xe9\xe3\xb9\xce\x34\xae\xb9\xc0\x37\xd0\x40\
\x01\x80\x60\x61\x0b\xcb\x77\x81\x6f\x31\xd1\x11\xc3\x9d\x0d\xc7\
\x48\x84\x2a\xdb\xd1\x9d\x99\xc7\xcc\x58\x62\x01\x00\x4c\x94\x3e\
\xe4\xa0\xe8\xc7\xa5\x0e\xad\x8e\x0e\x2b\x16\x8b\x46\x7e\xa2\xcb\
\xa4\x3b\x03\x00\xe0\x1b\xb3\x92\xd1\x9a\xaf\x48\x0d\x10\x76\x31\
\x2b\xc2\x3f\x59\xbf\x62\x16\x3e\xcf\xc1\x17\xd0\x40\x01\x80\xc0\
\xc8\x65\x1b\x66\x32\xd1\x09\x12\x01\x7c\x8a\xd1\x04\xf4\xc0\xd8\
\x7a\xfa\x4c\xdf\xd6\x25\x36\x6b\x06\x00\x33\x31\x7d\x78\xb0\xb3\
\x21\x2d\x29\x94\x32\xd1\xc6\x4f\xe8\x01\x4f\xac\x02\x80\x3f\x31\
\xbf\x3e\xd7\x95\x3a\x47\x12\x40\xd8\xa5\xf6\xaf\xab\xbf\x46\x6a\
\x00\xa3\xa1\x81\x02\x00\x81\xc1\x2a\x7a\xa9\x1e\x22\x6e\x02\xf0\
\x27\x66\xbe\x00\x4f\xe2\x54\x5f\x6e\x55\xe3\x15\x68\xc0\x02\x80\
\xe1\x6a\x62\x91\xe8\x77\xc2\xba\xd4\xe3\x70\x36\xd3\xa6\x3f\x24\
\xaf\x96\x08\x00\xe0\x4b\xfa\x18\xfe\xdd\xc1\x8e\xd4\x7e\x12\x01\
\xc2\xee\xdd\x85\x6c\xe3\x89\x52\x03\x18\x0b\x0d\x14\x00\x08\x0c\
\x66\xc2\x93\xfb\x10\x04\x93\xf6\xab\xad\xc7\xc6\xb8\x55\xb4\xe3\
\xa1\xcc\x34\xb2\x18\xeb\xe9\x03\x80\x1f\xbc\x32\xd7\xd9\xf0\x06\
\xa9\x43\xa3\x77\xb9\x55\x13\x51\x74\xbd\x2e\x63\xee\x0c\x00\x80\
\x6f\x1d\x10\x8b\x5a\x5f\x95\x1a\x20\xec\x98\x54\xe4\xfa\x6d\x5d\
\xb3\x27\x4b\x06\x30\x12\x1a\x28\x00\x10\x08\xb2\x01\x59\xa8\x97\
\xb5\x80\x40\xb9\x42\x46\xa8\x82\x58\x82\x3e\xab\x87\x69\x6e\x02\
\x00\x30\x1c\x5b\xd7\x6e\xbf\xf7\xb0\x29\x92\x42\x61\xf6\xbc\xc6\
\x8f\x10\x53\xb3\x44\x00\x00\x7f\x63\xba\x64\xb8\x3b\x73\x86\x24\
\x80\x70\x63\x3a\x24\x61\x25\xbf\x2e\x09\xc0\x48\x68\xa0\x00\x40\
\x20\x70\x04\xfb\x46\x40\x70\x30\xd3\x49\xc3\x2b\x67\xcf\x90\x08\
\x15\xe4\x34\x5f\x99\xe8\x4a\x89\x00\x00\x7e\xb0\x7f\xcd\x84\xba\
\xcf\x48\x1d\x78\x83\xab\x1a\x53\xcc\xfc\x11\x89\x00\x00\x81\x10\
\x61\xfa\xf6\xd6\x8e\x39\x93\x24\x02\x84\xdd\x65\xb9\x6c\xfa\xb5\
\x52\x03\x18\x07\x0d\x14\x00\xf0\x3d\x67\x59\x07\x26\x75\xb1\x44\
\x80\x20\x88\x5a\x35\x09\x67\x4f\x1f\xa8\x20\x67\x1f\x01\x2b\xc2\
\xce\xd3\x4e\x38\x1f\x02\x00\x5f\x61\xa6\xb7\x0e\x77\x35\xb6\x4a\
\x0c\xac\x65\xcb\x2c\x2b\x16\x8d\x7c\x4f\x97\x71\x77\x06\x00\x20\
\x30\x66\x26\x62\xf1\x4f\x4b\x0d\x10\x7a\xfa\x82\xec\x3b\xc3\x1d\
\x99\x03\x25\x02\x18\x05\x37\x0c\x00\xc0\xf7\x0e\x9f\xdb\x70\x1a\
\x11\x63\x23\x3e\x08\x14\x66\xbe\x5c\x4a\xa8\x90\xe1\xce\x06\xa7\
\x49\xb5\xc8\x4d\x00\x00\xbe\x12\xb1\xac\xc8\x97\xa4\x0e\xac\xab\
\xcf\x4b\xbd\x51\x0f\xc7\xba\x09\x00\x20\x58\x98\xe8\xed\xb2\x14\
\x35\x00\x10\xef\x17\x89\xd1\xf7\x9d\x87\xdc\x64\x02\xc0\x18\x68\
\xa0\x00\x80\xef\xe9\x0f\x58\x2c\xdf\x05\x41\xd4\x12\x86\xa7\x8b\
\xbd\xb2\x7e\xc5\xac\x24\x93\xf5\x39\x89\x00\x00\xbe\xc3\x44\xc7\
\xe7\xba\x32\xe7\x4a\x0c\x9c\x1d\x0f\x65\x9c\xbd\xa9\xae\x75\x13\
\x00\x40\x20\x45\xac\x08\x7f\x7b\xf9\x72\x2b\x22\x19\x20\xec\x4e\
\xcf\xad\x6a\xc4\xf2\xca\x60\x1c\x34\x50\x00\xc0\xd7\xe4\xe2\xfa\
\x74\x37\x01\x04\x4b\x84\xd1\x1c\xac\x94\xfd\xea\xea\xde\xef\x6c\
\x58\x28\x11\x00\xc0\x97\xd8\xa2\xcf\x77\x74\x58\x31\x89\x81\x12\
\x8b\xab\x6b\xf4\xe0\x9c\xe7\x01\x00\x04\xd9\x82\x33\x1b\x1a\xde\
\x22\x35\x00\x58\xfc\xc5\x42\x47\xc3\x11\x92\x00\x8c\x80\x06\x0a\
\x00\xf8\x5a\x4d\x82\x2e\x72\x06\x37\x01\x04\x0c\xf3\x25\xed\xed\
\x56\x54\x12\x94\xc9\xd0\x03\x73\xa6\x33\xf1\x55\x12\x01\x00\x7c\
\x8b\x89\xe6\x64\x62\xa9\xc0\xdd\x78\xcb\xad\x4a\xbf\x9c\x99\xdf\
\x24\x11\x00\x20\xe0\xac\x4f\x6f\x5f\x31\x6b\xaa\x04\x80\xb0\xab\
\xa7\x58\xe4\x27\x78\x33\x0b\x4c\x82\x06\x0a\x00\xf8\x1d\x9e\xd0\
\x87\x20\x9b\x7e\xe4\xe4\xd4\x29\x52\x43\x99\x44\x6a\xe3\x1f\xd3\
\xc3\x04\x37\x01\x00\xf8\xde\x27\x36\xb6\xcf\xa8\x97\xda\xf7\x9c\
\xb5\xcf\xad\x28\x7f\xd5\x29\xdd\x19\x00\x80\xc0\x9b\x56\x53\x5b\
\xb7\x4c\x6a\x00\x20\x3e\xfa\x8c\x79\xa9\x0f\x49\x00\xf0\x1c\x2b\
\xa5\xa4\x84\x20\xca\x67\x33\xdf\x67\xa2\x37\x4b\x04\xef\xfd\x33\
\xde\xd4\xd3\x24\x35\x8c\xd3\x60\x47\xaa\x31\x16\xb3\xfa\x24\x02\
\x04\xd5\xaf\xf4\x71\xe3\x42\xa9\x61\x9c\x0a\x5d\xe9\xc3\xc8\xe2\
\x7e\x5d\xc6\xdd\x19\x80\x7d\x36\xa8\xcf\xa2\x9f\xd1\xe7\x59\xcf\
\x92\xd2\x5f\xac\x9e\x55\x8a\x07\x75\x1e\xd1\xdf\x73\xbf\x58\xd9\
\xfa\x74\x3b\xaa\xbf\x1f\x25\xa6\xb8\xfe\xfb\x27\xe8\xef\xd7\x2b\
\x52\x93\x99\xf8\x00\xfd\xf7\x4c\xd7\x5f\xce\x88\x27\xec\x60\x5c\
\xf4\x25\xdd\xd2\x44\x73\xcf\xa7\x24\xfa\x5a\x3e\x9b\xbe\x58\xff\
\x7e\xfc\x5c\x22\x00\x40\x58\x14\x8b\x8a\xe6\xd7\x35\xf7\xfc\x53\
\xb2\x31\x0a\xd9\xcc\xa8\x1e\xf0\x56\x3c\x54\xdb\x48\xa9\x54\x3a\
\xaa\xb6\xb5\xbf\x4b\x72\xa0\xe5\xba\x1b\x16\x5a\x1c\x5d\x21\x11\
\x0c\x60\xdb\xa5\x85\xc9\x96\xfe\x07\x9d\x1a\x0d\x94\x80\x43\x03\
\xc5\x38\x68\xa0\x94\x51\x21\x9b\xfe\x9c\x3e\x8c\x7d\x44\x22\x40\
\x50\xe5\xf3\x76\xee\xc0\x49\x2d\x6b\xb7\x4a\x86\x71\x28\x74\xa7\
\x7f\x4c\xcc\x57\x48\x04\x78\x29\x45\xfd\xe5\x34\xdc\x3a\xf5\x19\
\x73\x56\x91\x5a\x4b\x25\x7a\xac\x64\xab\xc7\xea\xdb\xfa\x9e\x1d\
\xfb\x3b\xc6\xc9\x59\xa6\x6f\xd1\xe4\xc6\x99\x4a\xf1\x2c\x8e\xd0\
\x5c\x3d\xd5\xa0\xbf\x52\x44\x6a\xbe\xfe\x8c\x3b\x68\xec\x6f\x02\
\x78\x69\xdb\x0a\xdb\x87\x0e\x9f\x78\xcc\x63\x5b\x24\xfb\xd2\xba\
\xf6\xd9\x89\x19\x53\x93\xce\xef\xdc\x2c\x77\x06\x00\x20\x3c\xf4\
\xb9\xc6\x9d\x89\xa6\x9e\xd7\x48\x34\x06\x1a\x28\xe0\x1d\x95\x7d\
\xe2\xdf\xa5\x23\xe7\x9c\x3a\x50\x90\x89\xc0\x42\x03\xc5\x3c\x68\
\xa0\x84\x08\x1a\x28\xc6\x41\x03\xa5\x4c\x96\x2d\xb3\xac\xab\xcf\
\x4d\x3d\x86\x4d\xa0\x21\x14\x6c\xf5\xd6\x78\x4b\xef\xf7\x24\xc1\
\x3e\x92\xb7\xd6\x9c\xa7\xfa\xf0\xb4\x3f\xec\x82\xda\xa0\x4f\x8f\
\xef\xb1\x95\xba\x97\x6c\xba\xef\x99\x6d\xf9\x7f\xce\x5a\xbc\x36\
\x2f\xdf\xac\xba\xe1\x95\xb3\x67\x50\x4d\x72\x41\x84\xe9\x15\xa4\
\xd4\x31\xc4\xbc\x48\x4f\xe3\xed\x29\xd8\x95\xcf\xe9\xf3\x4c\x67\
\x89\x42\xdf\xca\x67\xd3\x1f\x62\xe2\xcf\x4b\x04\xa8\x34\x7d\x7c\
\x57\x83\x7a\x94\x37\x07\xd9\x19\x8b\x8a\xa8\x46\x5f\x43\x3b\x7b\
\x2c\x3a\x5f\xce\x31\xd7\x59\xf6\x13\x37\x8f\xa1\x3a\x4a\xa5\x93\
\xe2\xad\xfd\x7f\x91\x64\x04\x34\x50\xc0\x53\x8a\xfe\x2f\xde\xdc\
\xf3\x61\x49\x81\x85\x06\x8a\x79\xd0\x40\x09\x11\x34\x50\x8c\x83\
\x06\x4a\x99\x14\xb2\x8d\x27\x12\x45\x8c\x3a\xb1\x04\xa8\xa0\x7b\
\xf5\xb1\xe3\x58\xa9\x61\x1f\xe9\x8b\xbf\x1b\xf5\x70\x99\x9b\x00\
\xc6\x14\x14\xa9\x76\x7d\x3a\xfc\x7b\xab\x54\xbc\x23\x3e\x7f\xf5\
\x1a\x99\x37\xd2\x93\x1d\x33\x6b\xa7\xc6\x26\x1c\x47\x64\x9d\xaa\
\xcf\xe0\xcf\xd0\xe7\x78\x47\xc8\xb7\x00\x1c\x83\xa3\xa5\xe2\xec\
\xfa\xd6\x81\x8d\x92\x7d\xc5\xd9\x40\x39\x5e\x57\xff\xa8\x2e\x27\
\xbb\x33\x00\xe3\xa1\x36\x28\x62\x67\xa9\xdf\x75\x4c\xea\x09\xb2\
\xe9\x31\x62\xf5\x78\xb1\x44\xcf\x5a\x51\x7b\xf3\xd6\xd1\xa1\xcd\
\x07\xb6\xad\x1f\x76\xff\xde\xdd\x73\xf6\xe5\x79\x76\xc5\xdc\x09\
\x75\xf1\xc8\xd4\x92\xc5\x53\x89\xec\xe9\x11\xc5\xb3\x88\x69\x16\
\x29\x3e\x54\xff\xff\x3a\x9c\x98\xd3\xfa\x6f\x9d\xe4\xfe\x27\x00\
\xc6\xa5\xe3\xda\x9b\xfb\x8e\x5c\xba\xd4\xb6\x25\x7b\x0e\x0d\x14\
\xf0\x98\xad\xcf\x7b\x8f\x4f\x34\xf5\xdc\x2d\x39\x90\xd0\x40\x31\
\x0f\x1a\x28\x21\x82\x06\x8a\x71\xd0\x40\x29\x93\x42\x36\x7d\x83\
\x3e\x84\x61\x03\x79\x08\x0b\x45\xc5\xd1\x79\xa6\xdf\xdc\x35\xd9\
\x8e\xce\xb9\x73\x6b\x22\x35\xce\x8d\x14\xbc\x7d\x02\x05\xfd\x1b\
\xf5\x07\xa5\xec\x9b\xb6\xf1\xb6\xdf\x4f\x6f\xde\x30\x24\xf3\xbe\
\x33\xd8\xd9\x90\x8e\x45\x22\x17\xe8\xcf\x43\xfd\xe5\x2c\xfb\x05\
\xe0\xdf\xb7\x50\x0a\xdd\x99\xeb\x88\x29\xf0\x4f\x98\x42\xf9\x29\
\xa2\x35\xfa\x9a\x77\x85\xad\xd4\x43\x16\xa9\x7f\x8e\xda\x76\xb6\
\xda\x8d\x44\xa7\xc9\x32\xbc\x72\xf6\x21\x76\x34\xde\x6c\xb1\x6a\
\x66\xc5\x47\xea\x9f\xe7\x57\xe8\x6f\x39\x7b\x5d\x01\xec\x15\x65\
\xab\xcb\x12\x2d\xbd\x3f\x93\xe8\x39\x34\x50\xc0\x6b\xfa\x38\xff\
\xaf\xa1\x1d\xaa\x65\xda\xd1\xbd\x3b\x64\x2a\x70\xd0\x40\x31\x0f\
\x1a\x28\x21\x82\x06\x8a\x71\xd0\x40\x29\x83\x8d\xed\x33\xea\x27\
\x4e\x9d\xf6\xa4\x2e\xeb\xdd\x19\x80\x30\x50\x9f\x8a\x37\xf5\x2e\
\x95\x00\x7b\x09\x7b\x9f\x80\xe6\x9c\xfc\x7e\xbf\xb0\x7d\xe8\x37\
\x7e\xdf\x27\x62\x67\x72\xab\xd2\x2f\xe7\x08\xbd\x9e\x99\x2f\xd1\
\x71\xaa\x3b\x0b\x21\xb4\x2d\x6f\xe7\x0e\xf3\xdb\xbe\x59\xb9\xce\
\xf4\x41\x56\x84\x1f\xd1\x65\xad\x3b\x03\xb0\x5b\xab\x49\xd1\x1d\
\x36\xdb\x7f\xb7\x87\x47\x57\xd4\x2d\x5c\xf3\xb4\xcc\x1b\xa7\xb0\
\x6a\xde\x1c\x15\x89\xbd\x82\x99\x4e\xd6\xf1\x14\xfd\xb5\xff\xd8\
\x37\x00\x76\x43\x11\x3d\xf2\xc0\xe6\xbe\xf4\xe2\xc5\xb6\xb3\x17\
\x9b\xe7\xd0\x40\x01\x13\xe8\xdf\x8b\x1f\x25\x9a\x7a\xde\x24\x31\
\x70\xd0\x40\x31\xcf\x73\x1b\x28\xd6\xd8\x0c\x00\x80\x8f\x4c\x98\
\x3a\xed\x3c\x3d\xa0\x79\x02\xa1\xa2\x88\x2f\x77\x9e\x6e\x94\x08\
\x7b\x21\xbf\x2a\x33\x8b\xdc\x9b\xca\x10\x3e\x39\xe7\x62\xcb\x2e\
\xaa\x05\xf1\xa6\x9e\x85\xfa\xeb\x07\x41\x6c\x9e\x38\x92\xf3\x7b\
\x1f\x4e\x34\xf7\xbe\x6b\xe3\xd0\xe0\x4c\x1d\xaf\xd4\x47\x8d\xac\
\xfb\x1d\x08\x99\x49\x71\x4e\xbe\x4b\x6a\xdf\x60\x8b\x9d\xb7\x66\
\xd0\x3c\x81\x5d\x29\xe9\x63\xf9\x5f\xc9\x56\xef\xa2\xd1\xe2\x1c\
\x7d\x2c\x6f\x88\x37\xf7\xbc\x2f\xd9\xd4\xf7\x5b\x93\x9b\x27\x0e\
\xe7\xed\xe1\x44\x73\xcf\x8d\xfa\x9f\xf9\xf2\x6b\x6f\xee\x9b\x61\
\x97\xd4\x91\x4a\xd1\x52\x7d\x62\xd7\x2d\x7f\x0b\xc0\x8b\xe8\x13\
\xfe\xb9\x8b\xa6\x34\x60\xb5\x05\x80\xe7\xd0\xbf\x17\x6f\xcc\x65\
\xd3\x67\x49\x04\xa8\x2a\xbc\x81\x12\x70\x78\x03\xc5\x38\x78\x03\
\xa5\x0c\xf4\xcf\xf5\x5f\xf4\xcf\xf5\x89\x12\x01\x42\x43\x7f\x62\
\x2f\x0e\xfa\xda\xaf\x95\x50\xc8\x66\xbe\xaa\x87\x77\xbb\x09\x42\
\x62\xab\xfe\x85\xf9\xc6\xa8\x5d\xfc\x9a\x5f\xf7\x83\x18\x2f\xa7\
\xe1\x9a\xeb\x6a\x38\x45\x91\xf5\x21\xfd\x99\x79\x82\x4c\x43\x38\
\x6c\xdc\x3c\xba\xed\xb0\x3d\xdd\xdf\xc1\x6b\xf9\x95\xf3\x0e\xe1\
\x78\xcc\x79\xfb\xc4\xd9\xac\x1b\xe0\x3f\xf4\x69\x8f\x6a\x27\xe2\
\x5f\x17\x87\x0b\xbf\x31\xbd\x51\xb2\x2f\x06\x57\x35\xa6\xa2\x91\
\xc8\xf9\xcc\x74\xa1\x8e\xce\x1e\x2a\x00\xcf\xa1\x1e\x7b\x74\xa0\
\xbf\x21\xbd\xc4\x1e\x91\x09\xcf\xe0\x0d\x14\x30\xc8\x33\x45\x35\
\xd2\x54\xd7\xfc\xc8\x33\x92\x03\x03\x6f\xa0\x98\x07\x6f\xa0\x00\
\x80\x6f\x8d\x5d\x64\x13\x1d\x2f\x11\xaa\xaf\x47\x46\xf0\x06\x9e\
\x44\xdb\x4b\x3b\x1e\xca\x4c\xd3\x43\x60\x5f\xf5\x86\x17\xd9\xac\
\x14\x7d\x24\x37\x5a\x38\x2c\xde\xdc\xf3\x89\xb0\x36\x4f\x1c\xb6\
\x6d\xab\x78\x53\xdf\x9d\x89\xa6\x9e\x13\x55\x49\x1d\x33\xf6\xf4\
\x36\x84\xc5\xfe\x53\x63\x93\x5e\x2f\xb5\xf9\xe2\xb1\x8f\x38\x7f\
\x75\x03\x00\x3d\x43\xa4\xae\xa5\xd1\xe2\xdc\x78\x53\xef\xf1\xf1\
\xa6\x9e\x6f\x05\xb1\x79\xe2\xa8\x9f\xdf\xdf\x97\x68\xee\xf9\x94\
\xfe\xdf\x98\x51\xca\x7e\xa5\xfe\xdf\xfd\x13\x3d\x9d\x73\xbf\x0b\
\xc0\x87\x1d\x31\xb7\xd1\x3f\xc7\x72\x80\xea\x38\x20\x4a\x35\xdf\
\x95\x1a\xa0\x6a\xd0\x40\x01\x00\x7f\xa9\x89\x5e\xa6\xff\x8a\x63\
\x97\x47\xf4\xc5\xdd\xb5\x7a\x58\xed\x26\xa8\x36\x26\x3a\xff\xc9\
\x8e\x99\x58\xe2\x64\x2f\xc4\xe2\xf4\x0e\x3d\xd4\xb9\x09\x02\x2c\
\x4f\x8a\x3e\x5f\xd8\x3e\x34\x27\xd1\xdc\x73\xed\xe4\xb6\x35\xdb\
\x64\x1e\xb4\x44\x6b\xef\x7d\x4e\x23\x45\x1f\xc4\x9d\x37\x51\x3a\
\xdc\x59\x08\x32\x45\xf4\xfe\xe5\xcb\xad\x88\x44\x63\xe5\xb2\x0d\
\x33\xf5\x67\x1b\x9a\xdc\xe0\x58\xa5\x48\x5d\xf2\xe8\x40\xdf\x21\
\xf1\xa6\xde\x8f\xc4\xdb\x06\x1e\x95\xf9\x50\x48\x34\xf7\xdd\xa3\
\xff\x77\x5f\xa1\x3f\xc7\x0e\xd6\xff\x1e\x3e\xa4\xa7\xfe\xed\x7e\
\x07\xc2\x4c\x59\x7c\x55\x7b\xbb\x85\x37\x3f\x00\x9e\x8b\xe9\x9c\
\x42\x57\x1a\xcd\x45\xa8\x2a\xdc\x84\x04\x00\x5f\x61\x62\x3c\x81\
\xef\x9d\x91\x7c\x71\xf4\x36\x7d\x2a\x7f\xb3\x64\xa8\xbe\x89\x53\
\x62\x13\xcf\x91\x1a\x5e\xc2\x9a\x3b\x1b\xe2\xcc\xf4\x76\x89\x10\
\x5c\xbf\x52\xa3\x05\x67\x3d\xfc\xab\x82\xba\xbf\x49\xb9\xc4\x9b\
\x7b\xff\x76\xed\xcd\x7d\x47\x92\xad\xde\xa0\x63\x20\x9f\xe8\x06\
\x17\x13\x1d\x71\xfa\xbc\xd4\xd9\x12\x8d\x65\xa9\xe8\x07\xf4\x50\
\xe3\x26\x08\x23\x45\xf4\x67\x2a\x95\x4e\x8a\x37\xf5\xb4\x25\x9a\
\x7a\x6f\x32\x61\xb9\x22\x2f\x39\x9f\x63\xfa\xdf\xc3\x17\x1e\x1d\
\xe8\x9b\x4d\xca\x76\x9a\x8b\xbd\xee\x77\x20\x8c\xf4\xb1\x7c\xf6\
\xc2\x29\x0d\x17\x49\x04\x80\xff\xb0\xf8\xab\x63\xfb\x5c\x02\x54\
\x09\x1a\x28\x00\xe0\x1b\xb9\xae\xc6\xa3\xf4\x59\x64\xa3\x44\xa8\
\x32\xa5\xe8\x2e\xe7\xa9\x6e\xbb\x44\xbf\x91\x29\xf0\x04\x9a\x88\
\x7b\x6a\xe6\xc1\x51\xe7\x82\x73\xba\x9b\x20\x68\x14\xd1\xa3\x44\
\xf6\x6b\xe2\x4d\x3d\x17\x26\xda\xd6\x3c\x2e\xd3\xf0\x12\x96\x2e\
\xb5\xed\x78\x4b\xef\x8f\x73\xa3\x85\x06\xfd\xef\xf0\xeb\x7a\xca\
\x76\xbf\x03\x41\x63\x91\x32\x7a\xef\xa7\xc1\x8e\xd4\x7e\xfa\xbc\
\xee\x4a\x89\x10\x32\xfa\xf8\xf3\x37\x55\xa4\xa3\x13\x4d\x3d\x27\
\xc7\x5b\xfb\xff\x22\xd3\x20\x9c\x46\x52\xbc\xb9\xef\x47\xd7\xde\
\xdc\xd7\xa4\x48\x5d\xaa\xff\x7d\x39\xfb\x04\x41\x08\x31\x5b\x1f\
\x59\xb6\xcc\xc2\xbd\x3b\x80\xe7\x9b\xc8\x11\x75\x03\x7e\x37\xa0\
\x5a\xf0\x83\x06\x00\xbe\xa1\x4f\x1e\x71\xe3\xd8\x43\x4c\xf6\x58\
\xe3\xa4\xae\xad\xff\x61\x3d\xac\x73\x6a\xa8\x3e\x26\x7a\x75\xae\
\x33\x7d\x90\x44\xd8\x0d\xfd\xef\x0a\x1b\xc7\x07\x53\x89\x48\x5d\
\xfb\xec\xd0\x60\x93\xb3\xc7\x87\xcc\xc1\x5e\x72\x1a\xe2\x89\xa6\
\x9e\x77\xab\x92\x7a\x25\x29\xea\x97\x69\x08\x12\xe6\xc5\xc3\x5d\
\x8d\xad\x92\x8c\x13\x8b\xf1\xbb\xf4\x80\x25\x16\xc3\x67\x25\xd9\
\xea\x14\x7d\xfc\x39\x21\x31\xbf\xe7\x7e\x99\x83\x5d\x70\x9a\xde\
\x89\xa6\xde\x9f\xf7\x8e\xf6\x65\xf4\xbf\xb7\xb7\xea\x29\x2c\xed\
\x15\x3e\xe9\x0f\x9f\xd3\x70\x96\xd4\x00\xf0\x1f\xfa\x3c\xe7\xaa\
\x73\x53\xef\x95\x04\x50\x51\x68\xa0\x00\x80\x2f\xf4\x2e\xb7\x6a\
\x98\x19\xaf\x2f\x7b\xa7\x38\x5a\xa4\xdf\x3a\x85\xb3\x31\x31\x29\
\xba\x65\x6c\x16\xbc\x10\xe1\x08\x5d\x2a\x35\xec\x42\xbe\x3b\x75\
\xac\x1e\xda\xdc\x04\x41\xe1\xbc\x75\xa2\x4a\xea\x38\x67\x7d\xfc\
\x99\x8b\xd6\x61\xa3\xdd\x32\x70\xf6\x47\xd9\x38\x3c\xe8\xfc\xae\
\x7c\x4d\x7f\xe9\x7f\xc5\x10\x24\x96\x15\x71\x9a\x14\xc6\x59\xbf\
\x62\x56\x52\x0f\x58\x62\x31\x5c\x36\xea\xaf\x2b\xaf\xbd\xb9\x6f\
\x61\xbc\xa5\xf7\x4f\xee\x14\xec\xa9\xb6\x36\x7b\x54\xff\x7b\xfb\
\xde\xf6\xcd\x9b\x1a\x9d\x87\x08\xf4\x54\xa8\x97\x3a\x0b\x1b\xcb\
\xb2\xde\x2f\x25\x00\x3c\x07\x33\x7d\x76\xa8\x6b\x5e\x46\x22\x40\
\xc5\xa0\x81\x02\x00\xbe\x70\xf8\xdc\xd4\xe9\x7a\x98\xe6\x26\xa8\
\x36\x45\x74\x77\x7d\x5b\xdf\xb3\x12\x75\x76\xdf\x46\x01\x6f\x60\
\x2f\xa0\x97\xc6\x64\xbd\x4d\x4a\x08\x0a\xa5\x7e\x3c\xb4\x43\xcd\
\x77\x6e\xf8\xcb\x0c\x94\x89\xd3\x8c\x8a\x37\xf5\xbc\x87\x6c\x75\
\xaa\x8e\x4f\xb9\xb3\x10\x04\x4c\x74\xd1\xb6\xae\xd9\x93\x25\x1a\
\x63\xff\xda\xba\x2b\xf4\x3f\xdd\x7e\x12\x21\xd8\x6c\xa5\xe8\x5b\
\x85\xed\x43\x0d\xfa\x38\xf3\x03\xe7\x8d\x0a\x99\x87\x7d\xb0\xff\
\xe2\xa7\x06\x9d\x87\x08\x46\x47\xed\x16\xfd\xef\x15\x4b\x9f\x85\
\xc7\x2b\xc7\x96\xb3\x06\x80\x17\x4a\x44\xad\xd8\x8d\xce\x03\xb7\
\x92\x01\x2a\x02\x0d\x14\x00\xf0\x05\x8b\x09\x37\x8c\x3d\xc4\x44\
\xcf\xdb\x38\xfe\xba\x5b\x06\x9c\x1b\x98\xb8\xc9\xe6\x9d\x97\x0d\
\x67\x33\x78\xbb\x62\x17\x76\x3c\x94\x99\xa6\x7f\x68\x5f\x2b\x11\
\xfc\x2f\xaf\xbf\xae\x8c\x37\xf7\xbe\x61\xda\xd1\xbd\x3b\xdc\x29\
\xa8\x04\xe7\xa9\xf0\xd2\x28\xb5\x91\xa2\xbb\x65\x0a\xfc\xaf\xb6\
\x86\x13\x46\x9d\x43\x59\x96\x3e\xab\x63\xc2\x92\x1b\x21\xa0\x88\
\xd6\xaa\x12\x9d\x90\x68\xee\x79\x87\xb3\x39\xba\x4c\x43\x19\xd4\
\xb7\xf5\xf5\xd7\xb6\xf6\x9d\x2c\xcb\x7a\xe1\xb3\x31\x04\x2c\x2b\
\x82\xb7\x50\x00\x76\x6e\xfe\x11\x0d\xa9\xa5\x52\x03\x54\x04\x1a\
\x28\x00\x60\x3c\xd9\x64\xf4\x34\x89\x50\x7d\xb6\x5d\x52\xcf\x5b\
\xb2\xcb\x79\x7a\x50\x5f\x14\x63\x19\x2f\x0f\x45\x08\x4d\xc5\x5d\
\x89\xd5\x8c\xfd\xbb\x49\xb8\x09\xfc\x4c\x1f\x67\xfe\x55\x22\x3a\
\xc6\x79\x6a\x59\xa6\xa0\xc2\x6a\xdb\x7a\x9e\x5c\xb1\xa5\xef\x44\
\x5d\x3a\x4b\x7a\x41\x00\x58\xcc\xce\x0d\x56\x63\xe4\x3a\x1b\x4f\
\x26\xe2\x06\x89\x10\x4c\xca\x79\xeb\x64\xc7\xe6\x4d\x2d\x89\xd6\
\x9e\x76\x99\x83\x32\x73\x96\xd5\x75\x96\xf5\x52\x45\x6a\xd2\x9f\
\x97\x77\xc9\x34\x04\xd7\x6b\x73\x5d\x8d\x07\x4b\x0d\x00\xcf\x77\
\x55\xbe\x33\x7d\xb4\xd4\x00\x65\x87\x06\x0a\x00\x18\x2f\x12\xe5\
\x8b\xf5\x80\x57\x32\x3d\xa3\x56\x24\x5b\x7b\x37\x48\xf8\x2f\x2e\
\x95\x9e\xf7\x56\x0a\x54\xdd\xc5\x1d\x1d\x56\x4c\x6a\x78\x0e\x66\
\x7a\x8b\x94\xe0\x67\x4a\xdd\x5f\x2c\x15\x17\xd6\x36\xf5\x74\xc8\
\x0c\x54\xc9\xe2\xc5\x76\x71\x6c\x49\x2f\xa2\x2b\xf5\xd7\xe8\xd8\
\x24\xf8\x59\x3a\xbf\x2a\xf3\x0a\xa9\xbd\xc7\xf4\x4e\xa9\x20\x90\
\xd4\xb3\xa5\x52\xe9\x0c\xe7\xad\x13\x67\xb9\x29\x99\x84\x0a\x4a\
\xcc\xef\x59\x77\xdd\xcd\x7d\x27\x2b\x45\x1f\xd1\xb1\xe8\xce\x42\
\x00\x45\x2d\xcb\xc2\x39\x2e\xc0\xce\x45\x28\xc2\x37\x3c\xdd\x7d\
\x50\x9d\x64\x80\xb2\x42\x03\x05\x00\x8c\x67\x31\xf6\x7b\xf0\x92\
\x52\xbc\xd3\xfd\x4e\x56\x6c\x5b\xfd\x77\x3d\x6c\x72\x13\x78\xe0\
\x80\x54\xb4\xd1\xd9\xaf\x00\x9e\x63\xec\x26\x21\x53\xa3\x44\xf0\
\xaf\x5f\x3d\xb5\x25\x7f\x42\x7d\xeb\x80\xb3\xe9\x30\x78\x64\xec\
\xcd\x1f\x9b\x9c\x3d\xc8\xb6\xbb\x33\xe0\x5b\x11\xf5\x06\xa9\x3c\
\x55\x58\xd9\x38\x9b\x88\xf1\x56\x71\x70\xdd\x63\x53\x69\x7e\x6d\
\x6b\xff\x1d\x92\xa1\x4a\x9c\xb7\xc3\x13\xcd\x3d\xd7\x2a\x65\x1f\
\xaf\xe3\x7a\x77\x16\x82\x87\xaf\xc4\x03\x54\x00\x3b\xc7\x44\x73\
\x26\xf1\x94\x2f\x48\x04\x28\x2b\x34\x50\x00\xc0\x68\x83\x9d\x0d\
\x69\x3d\x2c\x70\x13\x78\x40\x31\xd9\x3b\x5d\xaa\xcb\x79\x42\x59\
\x11\xfd\x4e\x22\x78\xc0\xc2\x66\xf2\x2f\x16\xa5\x2b\xa4\x02\xff\
\xfa\xea\xb5\x37\xf7\x5d\x3c\x6b\xf1\x5a\x67\xef\x13\xf0\x58\xbc\
\xa5\xe7\xcf\xa5\x52\xe9\x38\x5d\x62\xdf\x2b\x1f\x63\xe6\x0b\x8d\
\x78\x2a\x33\x6e\xbd\x59\xff\x15\xd7\xa0\xc1\xf4\xb5\x15\x9b\xfb\
\x8e\x4f\x36\x0d\xe0\xe6\xbd\x87\x12\xcd\x7d\xf7\x8c\xe4\xa9\x55\
\x9f\xa3\xff\x4d\xa6\x20\x58\x0e\x4c\x47\x1a\xce\x95\x1a\x00\x5e\
\x80\x89\xde\x5a\xc8\xa6\xf0\x90\x21\x94\x1d\x4e\x5e\x01\xc0\x68\
\x31\x2b\x82\x1b\xc4\x5e\x52\xaa\x23\xde\xdc\xf7\x2f\x49\x2f\x62\
\xdb\xb4\xd3\xb7\x53\xa0\x4a\x98\xce\xdc\x7e\xef\x61\x53\x24\x85\
\xde\xba\xf6\xd9\x09\x7d\xd2\x7c\x81\x44\xf0\x25\x75\x4d\xbc\xa9\
\xe7\xbd\xce\x93\xb4\x32\x01\x06\xa8\x6d\xed\xef\x1a\x51\xb4\x58\
\x97\x8f\xbb\x33\xe0\x43\x13\x27\xa9\xc9\xe7\x48\xed\x09\xf7\xa9\
\x69\x7e\xa3\x44\x08\x8e\x51\x67\x23\x73\x67\xd9\x3f\xe7\xe1\x1a\
\x99\x03\x0f\x4d\x38\xb2\x67\x53\xef\x68\xdf\x29\x4a\xa9\xef\xcb\
\x14\x04\x09\x96\xf1\x02\xd8\x1d\x7d\x39\xc8\x3f\xdc\xbe\x62\xd6\
\x54\xc9\x00\x65\x81\x06\x0a\x00\x18\x6b\xf9\x72\x2b\x42\xcc\x97\
\x4a\x04\x0f\x28\xa6\xdd\xee\x73\xb2\xe1\xc9\xe2\x5f\xf4\x80\xa5\
\x5d\xbc\x13\x8f\x4f\xa8\xbd\x50\xea\xd0\x9b\x3e\x39\x7e\x96\x1e\
\xd0\x50\xf2\x29\x45\xf4\x89\x78\x53\xef\x47\x25\x82\x61\x26\x34\
\xf7\xac\x26\x65\xbf\x4a\x97\x68\xa2\xf8\x95\xc7\xe7\x54\x99\xc8\
\xd8\xe6\xc7\x58\x9b\x3c\x58\xb6\x90\x52\xa7\x38\x1b\x99\x4b\x06\
\x43\xb4\xb5\xd9\xa3\x89\xe6\xde\xb7\xd8\x64\xbf\x57\x47\x3c\x94\
\x10\x20\x4c\x74\x7c\xa1\x3b\x75\xb8\x44\x00\x78\x11\x3e\x28\x5e\
\x57\xff\x6d\x09\x00\x65\x81\x06\x0a\x00\x18\xeb\xcc\xb9\xa9\x13\
\xf4\x30\xd3\x4d\xe0\x85\xe2\xa8\xda\x6d\x03\x65\xce\xa9\x03\x05\
\x52\x74\xbb\x44\xf0\x06\xde\xd2\x12\xcc\xd6\x25\x52\x82\xef\xa8\
\x65\x89\xa6\x9e\xcf\x48\x00\x43\x8d\xbd\x91\x58\x28\x1d\xaf\x8f\
\xfb\x4f\xc8\x14\xf8\x08\x33\x9d\x34\xd4\x3d\xf7\x00\x89\x55\x17\
\x6f\xe9\x7d\x8c\x94\x7d\xb6\x2e\x73\xee\x0c\xf8\xdc\x53\xc5\xa2\
\xfd\xaa\x78\x73\x2f\x96\x8a\x32\x58\xb2\xa9\xef\xab\x4a\x91\xd3\
\x3c\x1d\x75\x67\x20\x00\x2c\x7d\x44\x37\x62\x5f\x2b\x00\x83\x5d\
\x90\xcf\xa6\x71\x6d\x08\x65\x83\x06\x0a\x00\x98\xcb\xc2\x8d\x61\
\x8f\xf5\xd4\xb7\xf5\xf5\x4b\xbd\x4b\x36\xef\xbe\xc9\x02\x15\xc6\
\xbc\x68\x47\x77\x66\x9e\xa4\xd0\xda\xda\x31\x67\x12\x31\x61\xbd\
\x5b\x3f\x52\xf4\x95\x78\x53\xef\xff\x4a\x02\xc3\xc5\x17\xf4\xaf\
\x1d\x2d\x95\x4e\xd1\x7f\x70\xcf\xca\x14\xf8\x47\xd4\xa2\x98\xa7\
\x6f\x2d\xc6\x9b\xfb\xfe\x5a\xb2\xe9\x7c\x5d\x8e\xb8\x33\xe0\x47\
\x8a\xe8\x5f\x54\x1c\x7d\x65\xdd\xfc\xbe\x6e\x99\x02\x83\x25\x9a\
\x7b\x7e\x51\x2a\x95\x9c\x25\xfc\x86\xdd\x19\xf0\x3f\x7e\xfd\xd8\
\x6a\x0d\x00\xb0\x4b\x4c\xfc\x8d\x5c\xb6\x01\x0f\xe4\x42\x59\xa0\
\x81\x02\x00\x46\xda\x74\x5f\x7a\x82\x1e\xb0\x41\x9e\x97\xd4\x9e\
\x35\x46\xb6\x8e\x6e\xff\x83\x1e\x70\x41\xe6\x1d\xae\x21\xba\x5c\
\xea\xd0\x4a\x46\x6a\x9c\xe3\x45\xdc\x4d\xe0\x17\x8a\xe8\xfa\x64\
\x6b\xdf\xfb\x25\x82\x4f\xd4\xcf\xef\xef\xb3\x6d\x75\x9a\x2e\x07\
\xdd\x19\xf0\x0b\x8b\xd9\xf3\x7d\xa2\x6a\x5b\x7a\x7e\x6f\x93\x72\
\x9e\x88\xc7\x7e\x19\x3e\xa4\x8f\xdb\x8f\x28\xbb\xf4\xca\xf8\xfc\
\xd5\x6b\x64\x0a\x7c\xa0\xb6\xb5\xff\x0e\xfd\x67\xf7\x1a\x5d\x0e\
\xb9\x33\xe0\x6b\x4c\x87\x9c\x39\x67\xde\xf1\x92\x00\x60\xe7\xa6\
\x30\x45\x7f\x64\x59\x16\x4b\x06\xd8\x67\x68\xa0\x00\x80\x91\xea\
\xeb\xe8\xb5\x7a\xc0\x3a\xd9\x1e\x2a\xd9\xf6\x1e\x6d\x10\x7f\x60\
\xdb\xfa\x61\x7d\x39\x7d\xa7\x44\xf0\x02\xd3\xe5\xcb\x96\x59\xa1\
\xfe\x4c\x57\x16\x63\x2f\x18\x9f\x51\x44\x77\xf5\x8e\xf6\xbd\xd5\
\xb6\x6d\x5d\x82\xdf\x24\x5b\xfa\x1e\x2a\x29\xba\x58\x97\x25\x77\
\x06\x7c\xe2\xe8\x5c\xd7\xd8\x5e\x24\x9e\x4a\x36\xf5\x2e\x57\x8a\
\x9c\x0d\xe5\xb1\x37\x83\x8f\xe8\x83\xf5\xbf\xa8\x30\x7a\x62\xb2\
\xa5\xff\xdf\x32\x05\x3e\x92\x68\xea\xb9\x5b\x1f\xb2\xb1\x8c\x5e\
\x50\x58\x16\xf6\x0a\x05\x78\x09\x4c\x74\x52\x6e\x55\xe3\x3b\x24\
\x02\xec\x33\x34\x50\x00\xc0\x48\xca\x62\x2c\xdf\xe5\x21\x7d\x81\
\xfc\x68\x6d\x6b\x7f\x97\xc4\x97\xa4\xff\xfe\x3d\x6a\xb6\x40\xc5\
\xcc\xba\xfa\x9c\xc6\xe3\xa4\x0e\x9d\x6d\x5d\xb3\x27\xeb\x93\xe3\
\x13\x25\x82\x1f\x28\xea\x1f\xd9\x3e\x74\xbe\xb3\xc9\xad\xcc\x80\
\x0f\xd5\x36\xf7\xdc\x4e\xb6\x72\x36\x28\x06\xff\xb0\x88\x2d\xe7\
\x21\x15\xcf\x25\x9a\x7b\x6e\x24\xa5\xde\xae\x4b\x34\x51\xfd\x61\
\x1d\x15\xe9\xf8\xc4\x82\xd5\xd8\x03\xc9\xc7\xe2\x4d\xfd\x77\xe9\
\xe3\xb6\xb3\x9c\x57\xde\x9d\x01\xdf\x62\x3e\x6f\xfd\x8a\x59\x49\
\x49\x00\xb0\x2b\x16\x5f\xb7\x23\x9b\x6e\x90\x04\xb0\x4f\xd0\x40\
\x01\x00\xe3\xe4\x57\x65\x66\x31\xd1\x62\x89\xe0\x01\x56\x7b\xd7\
\x10\xc9\x8f\x8e\xfc\x5e\x0f\x05\x37\x81\x17\xc2\xdc\x74\x8c\x73\
\xfc\x0c\x3d\xc4\xdc\x04\x3e\xb0\x99\x8a\xc5\x33\x26\x1e\xf3\xd8\
\x16\xc9\xe0\x63\xf1\x96\xde\x6f\x28\xa2\x1f\x4a\x04\x1f\xd0\x17\
\x80\xe7\x49\xe9\xb9\x78\x73\xef\x77\x95\xa2\x0f\x4a\x04\x73\x6d\
\x1a\x21\x75\x4a\x62\x7e\xcf\x3a\xc9\xe0\x63\xfa\xb8\xfd\x27\x9b\
\xd4\x65\xba\xc4\x1b\x60\xfe\x36\x71\xbf\x64\xed\x99\x52\x03\xc0\
\xae\xd5\xd6\x10\xff\xa4\xbd\xdd\x8a\x4a\x06\xd8\x6b\x68\xa0\x00\
\x80\x79\xa2\x63\x27\xf4\x38\x3e\x79\xc8\xa6\xe2\x5e\x6d\x0c\x3f\
\xb9\x6d\xcd\x36\x3d\xfc\xc5\x4d\xe0\x05\x26\x5a\xf2\x64\xc7\xcc\
\x5a\x89\xa1\xc2\xcc\xce\x93\x94\xe0\x0f\x76\xc9\xa6\xd7\xc5\xdb\
\x06\x1e\x95\x0c\x01\xb0\xfe\xdf\x45\x67\x69\x84\x07\xdd\x04\xc6\
\x63\x3e\x66\xc7\x43\x99\x69\x92\x3c\x97\x68\xee\xf9\x92\x52\xf4\
\x49\x89\x60\x9e\x9c\x2a\xa9\xb3\x26\x34\xf5\x0e\x48\x86\x00\x48\
\x36\xf5\xfe\xc6\x26\xfa\x80\x44\xf0\x29\xc6\x12\xb6\x00\x7b\xea\
\xa8\x85\x53\x1a\x3f\x26\x35\xc0\x5e\xc3\x0d\x4a\x00\x30\x0e\x13\
\x96\xef\xf2\x94\xa2\x27\xea\x5a\x1f\xd9\xfb\x1b\x61\xca\xde\xab\
\xa6\x0b\x94\xdd\x84\x29\xd1\x09\xc6\x3c\x55\x5c\x2d\xee\xd2\x05\
\x7c\xaa\x44\x30\xdf\xb5\xce\x06\xd2\x52\x43\x40\xcc\x39\x75\xa0\
\x40\xb6\x72\x6e\xe2\xe0\xad\x22\x7f\x88\xc6\x12\xe4\xbc\xb9\x67\
\x8c\x44\x73\xcf\xa7\x49\xa9\xeb\x24\x82\x39\x6c\x9b\xd4\xe5\x89\
\xd6\xde\xfb\x24\x43\x80\x24\x9b\x7a\xbe\xa2\xcf\xfb\xbf\x22\x11\
\x7c\x89\x5f\xb3\xb1\x7d\x46\xbd\x04\x00\xd8\x0d\x66\xfe\x58\xae\
\x33\xbd\x40\x22\xc0\x5e\x41\x03\x05\x00\x8c\x92\xcb\x66\x16\xe9\
\x61\x9e\x9b\xc0\x13\x4c\xb7\xec\xcb\xa6\xce\xa3\x45\xfa\x9d\x1e\
\x8a\x6e\x02\x4f\xb0\x15\xba\xe6\xe3\xd4\x44\xf2\x78\x3d\xd4\xb9\
\x09\x8c\xa6\x54\xfb\x6d\x03\x7d\x78\xca\x3c\xa0\xe2\x2d\xbd\x8f\
\xe9\xcf\x0e\x67\x53\x70\xf0\x01\x26\x75\x96\x94\xc6\x88\x37\xf7\
\x5e\xad\x94\xfa\x86\x44\x30\x80\x52\xb4\xcc\x79\x53\x41\x22\x04\
\xd0\x6d\xab\xfb\x3e\xa8\x48\xfd\x49\x22\xf8\x4f\x72\xc2\xe4\x29\
\xa7\x49\x0d\x00\xbb\x17\xb3\x2c\xbe\x11\x7b\x07\xc1\xbe\x40\x03\
\x05\x00\x8c\xc2\x44\x78\xfb\xc4\x63\xfb\xba\x21\x7c\x7d\x5b\xdf\
\xb3\xfa\x3f\xdb\x2e\x11\x3c\xa0\x7f\x7f\x4e\xc8\x75\x35\x1e\x2c\
\x31\x14\x2c\xcb\x7a\x8d\x94\x60\xb6\xed\xaa\xc4\x57\x2c\x59\x62\
\x97\x24\x43\x00\x25\x5b\xfa\x6e\x55\x4a\x7d\x5f\x22\x18\x8d\x5f\
\xdd\xd1\x61\x19\xb7\x77\x54\x6d\x6b\xff\xbb\xf5\xb9\xc4\x8f\x24\
\x82\xb7\x7e\x77\xdd\x2d\x7d\x9f\x91\x1a\x02\xca\xf9\x5c\x1e\x19\
\x1a\xba\x58\xff\xde\xad\x95\x29\xf0\x19\xb6\xac\xd7\x4a\x09\x00\
\x2f\x85\xa9\x71\xff\xba\xfa\x6b\x25\x01\xec\x31\x34\x50\x00\xc0\
\x18\x6b\xee\x6c\x88\x33\x11\xd6\x71\xf5\xd6\xd3\xb7\x0f\xf4\xdd\
\x2b\xf5\x5e\xd3\x7f\x7e\x58\xc6\xcb\x5b\x11\xe6\x88\xb3\x87\x50\
\x78\x30\xa3\x81\xe2\x07\xb6\x7a\x0f\x36\x1f\x0e\x87\x6d\xb4\xf5\
\x7d\x4a\x7f\xa4\x4b\x04\x73\x4d\xcc\x44\x1a\x8f\x91\xda\x18\xce\
\x1b\xb0\xfa\x3c\xe4\x2d\x44\xea\x26\x99\x02\x4f\xa8\x81\xa1\x5c\
\xf1\xf2\xa5\x4b\x6d\x6c\x32\x1e\x02\x13\x17\xad\xdb\x6c\xdb\x25\
\xe7\x26\xfc\xb0\x3b\x03\x3e\x73\x9a\x73\x1d\x2d\x35\x00\xbc\xb4\
\x77\x15\xb2\x8d\x27\x4a\x0d\xb0\x47\xd0\x40\x01\x00\x63\x1c\x7c\
\x70\xc4\x59\x8f\x7b\xaa\x9b\xc0\x0b\x8a\xe8\xd6\xf1\x3c\x21\x5e\
\x1a\xa5\x5b\xf4\x80\x8b\x6d\x0f\x31\xd3\xe5\x52\x06\xde\x8e\x6c\
\xba\x81\x89\x8e\x90\x08\xe6\xfa\x5d\xbc\xa5\xf7\xc7\x52\x43\xc0\
\x4d\x6f\xde\x30\xa4\x87\x37\xe9\x2f\x7c\x16\x98\xce\xd0\x06\xb4\
\x73\x1e\xb2\x62\x73\xff\xeb\xf4\x49\xc9\xad\x32\x05\xd5\x55\x28\
\x95\xec\x0b\xa7\x1e\x35\xb0\x5d\x32\x84\x40\x6d\x4b\x7f\x27\x29\
\xf5\x7e\x89\xe0\x2f\xf5\x87\x1c\x14\x79\x95\xd4\x00\xf0\xd2\x98\
\x54\xe4\xfa\x6d\x5d\xb3\x27\x4b\x06\x78\x49\x68\xa0\x00\x80\x31\
\x2c\x6c\x1e\xef\x39\xb6\xd5\xb8\xde\x20\xa9\x6d\xeb\x79\x52\x0f\
\xf7\xbb\x09\x3c\x92\x09\xcb\xe6\x78\x51\x45\x27\x4b\x09\xe6\xda\
\x61\x53\xf1\x1d\x52\x43\x48\x24\x9a\x7a\xee\x56\x44\xdf\x95\x08\
\xa6\x62\x3a\x45\x2a\xe3\x2c\x5e\x6c\x17\x9f\xd8\x50\xbc\x48\xff\
\x1c\xfd\x51\xa6\xa0\x4a\x94\xa2\x8f\xd6\xb6\xf6\x77\x49\x84\x10\
\x89\x37\xf7\x7e\x17\x8d\x4b\x7f\xd2\xc7\x4a\xe7\x41\x44\x00\xd8\
\x53\x4c\x87\x24\xac\xe4\xd7\x25\x01\xbc\x24\x34\x50\x00\xc0\x08\
\x83\x9d\x0d\xfb\xeb\x01\x4b\xf1\x78\x6b\x73\x4f\xa9\xff\x6f\x52\
\xef\x33\x65\xef\xdb\x1e\x2a\x50\x3e\x1c\x09\x47\x33\xd2\x22\x3e\
\x41\x4a\x30\x94\x4d\xf4\xc9\x64\xd3\xc0\x7a\x89\x10\x22\xf9\xd1\
\xc2\x47\xf4\xf0\x94\x9b\xc0\x50\xcd\x72\xfe\x65\xa4\x39\xa7\x0e\
\x14\xb6\x8c\x6e\x3b\x8f\x94\xc2\xfe\x6a\x55\xa2\x88\xfe\x5c\xdb\
\xda\xf7\x65\x89\x10\x42\xa3\x45\xfb\x4a\xfd\x93\xb0\x41\x22\xf8\
\x04\x33\x1a\x28\x00\xfb\xe0\xb2\x7c\x57\xea\x7c\xa9\x01\x76\x0b\
\x0d\x14\x00\x30\x42\xc4\x8a\x5c\xac\x07\xe3\x36\x33\x0d\x15\xa5\
\x6e\x6b\x6b\xb3\x47\x25\xed\x3b\x7b\x6c\x1f\x14\x7d\x0d\x0e\x5e\
\x61\x52\x17\x9b\xb8\x39\x70\x39\x2d\x5f\x6e\x45\xf4\xff\x50\x2c\
\x57\x60\xb6\x8e\xdf\x0f\xf4\xe1\xc9\xae\x90\x9a\xdc\xb6\x66\x9b\
\xb2\xd5\x07\x25\x82\x99\x38\xca\xd6\xf1\x52\x1b\xe9\xc0\xb6\xf5\
\xc3\x83\x83\x74\xa6\x2e\x1f\x70\x67\xa0\x82\xb6\x53\x61\xf4\x4d\
\xce\x3e\x34\x92\x21\x84\xea\xdb\xfa\x9e\xd5\x3f\x01\x6f\x93\x08\
\xbe\xc1\x87\x0d\x75\xcd\xcb\x48\x00\x80\x3d\xc4\x96\xf5\xed\xe1\
\x8e\xcc\x81\x12\x01\x76\x09\x0d\x14\x00\x30\x82\x3e\x18\x61\xf9\
\x2e\x8f\xd9\x54\x9e\x37\x47\x64\xa3\xe8\x87\xdd\x04\xde\xe0\xfd\
\x52\xb1\x86\xd3\x24\x04\xd2\xe9\x73\x1b\xda\xf4\x80\x75\x6b\x0d\
\xa6\x94\xfd\x9e\xf1\xec\xa9\x04\xfe\x57\x3b\xbf\xff\xe7\x7a\xb8\
\xd7\x4d\x60\x24\x66\xe3\x37\x51\x9d\x76\x74\xef\x8e\xc2\xf6\x21\
\xe7\x2d\xe5\x4e\x77\x06\x2a\xe4\x23\x89\x05\xab\x9f\x90\x1a\x42\
\x2c\xd9\xdc\x7b\x9b\x1e\x7e\xe9\x26\xf0\x8b\x08\xc5\xb0\xb4\x2d\
\xc0\xde\x9b\x16\x89\xd2\x0f\x2c\xcb\x62\xc9\x00\x3b\x85\x06\x0a\
\x00\x78\x6e\xa8\x3b\xf3\x32\x7d\x01\xff\x72\x89\xe0\x8d\x1d\xcf\
\x6c\xc9\xff\x59\xea\x71\x53\x6a\x7c\x7b\xa9\xc0\xf8\x05\x7d\x4f\
\x21\xb6\xcc\x7e\x6a\x1a\xd4\xcd\x89\xe6\xbe\x7b\x24\x40\x48\x39\
\x4f\xb2\xdb\xaa\xf8\x01\x5d\xe2\x89\x76\x43\x31\xd3\x62\x29\x8d\
\x36\xf1\x98\xc7\xb6\x14\xd5\x88\xb3\x67\x4b\x9f\x3b\x03\x65\x76\
\xcf\xb5\x37\xf7\x7d\x47\x6a\x00\xd2\xbf\x6f\xef\xd6\xc3\x26\x37\
\x81\x2f\x30\x9d\x24\x15\x00\xec\x0d\xa6\xd3\x72\x9d\x8d\x6f\x91\
\x04\xb0\x53\x68\xa0\x00\x80\xe7\xa2\x78\xfb\xc4\x00\xea\xf7\xb3\
\x16\xaf\xcd\x4b\x18\xb7\x51\x1e\x5b\xc6\x0b\x3c\xc5\xa7\x6f\x5f\
\x31\x6b\xaa\x84\xc0\x61\x52\xc7\x4a\x09\xe6\x19\x19\x29\x8d\x5e\
\x2d\x35\x84\x5c\xb2\x79\xc0\x59\x7a\xe9\x57\x6e\x02\xf3\xf0\xbc\
\xa1\x07\xe6\x4c\x97\x60\xb4\xba\xe6\x47\x9e\xb1\xed\xd2\x49\x8a\
\xe8\x51\x99\x82\xf2\x18\x1d\x2d\x15\xdf\xba\x74\xa9\x6d\x4b\x06\
\x18\xfb\x7d\x23\x65\x5f\x25\x11\x7c\x80\x99\x8e\x5b\x73\x67\x43\
\x5c\x22\x00\xec\x0d\xe6\x2f\x14\x56\xcd\x9b\x23\x09\xe0\x45\xd0\
\x40\x01\x00\x4f\xb9\xfb\x18\xa8\x4b\x25\x82\x47\x94\x5d\xde\x37\
\x46\x26\x34\xf5\x0e\xe8\xe1\x9f\x6e\x02\x8f\xc4\xe3\x75\xf5\x17\
\x49\x1d\x28\xee\x2b\xd6\x7c\x8c\x44\x30\x8c\x52\xea\xfb\x13\x5a\
\x1f\x79\x44\x22\x00\x8d\x90\x5a\xaa\x87\xa2\x9b\xc0\x30\x6c\xd5\
\xd6\xf8\xa6\x21\x9d\x6c\xe9\xff\x37\xdb\xea\xd5\xa4\x08\x4b\x4d\
\x95\xcf\xb7\xeb\x5b\x07\x7a\xa5\x06\xf8\xaf\x6b\x6f\x19\xb8\x5e\
\x0f\x1d\x6e\x02\x1f\xa8\x3b\xe4\xa0\xc8\xd1\x52\x03\xc0\xde\xa9\
\xa7\x68\xf4\x86\xb1\xfb\x53\x00\x3b\xc1\xfa\x22\x57\x4a\x08\xa2\
\x7c\x36\xf3\x7d\x26\x7a\xb3\x44\xf0\xde\x3f\xe3\x4d\x3d\x4d\x52\
\x83\x56\xe8\x4e\x9f\x42\xcc\x77\x4a\x04\x6f\xe4\xb6\x6f\xde\x74\
\xc0\xfe\x8b\x9f\x1a\x94\x5c\x16\x85\x6c\xfa\x7f\xf5\xc7\x8c\x73\
\xd3\x0c\xbc\xf3\x80\x3e\xe6\x2c\x92\x3a\x30\x9c\x4d\x32\xa3\x56\
\x0c\x0d\x3a\x33\x15\x54\x61\x74\x2e\xd6\xd1\x87\x17\xca\x65\x53\
\x67\x5b\x8a\xb1\x49\xa7\x81\xec\x12\x3d\x94\x9c\xdf\xeb\xab\xbd\
\xcb\x76\x74\x67\xe6\xd5\x30\xb5\xeb\x72\x86\x3b\x03\xfb\x68\x53\
\x61\xfb\xd0\x5c\x67\x89\x34\xc9\x00\xcf\x93\xef\x4e\x1d\xcb\x6c\
\xdd\xad\x4b\xec\x0f\xe0\x0b\x6a\x59\xbc\xa9\x57\x5f\x83\x95\x57\
\x21\x9b\x19\xd5\x43\xd4\x4d\x00\xc1\xa5\x94\xfa\x68\xa2\xb9\xf7\
\x1a\x89\x55\x95\xeb\x6e\x58\x68\x71\x74\x85\x44\x30\x80\x6d\x97\
\x16\x26\x5b\xfa\x1f\x74\x6a\x34\x50\x02\x0e\x0d\x14\xe3\xa0\x81\
\xf2\x02\x85\xee\xcc\xcf\xf4\xe9\xf8\x25\x12\xc1\x0b\x8a\x6e\x8d\
\x37\xf7\x9c\x2b\xa9\x6c\x86\x56\xa5\x9a\xa3\x51\xab\x4b\x22\x78\
\x64\x74\xd4\x4e\xd5\xb7\xf5\xf5\x4b\x0c\x84\x42\x57\xfa\x2d\x64\
\xf1\x77\x25\x82\x41\xf4\x59\xe5\x77\x12\x4d\x3d\xff\x23\x11\x00\
\xa0\x62\x86\xb2\xe9\xa6\x28\xf1\xdf\x74\x39\xcd\x9d\x81\x7d\xf0\
\x4e\x7d\x6d\xf2\x4d\xa9\x01\x76\xaa\x90\xcd\x38\x1b\xca\x5f\xe0\
\x26\x30\x99\x3e\x0f\xfb\x9b\x3e\x0f\x3b\x41\x62\xd9\xa0\x81\x02\
\x21\x32\x52\xb2\x4b\x0b\x6b\x5b\xfa\x3b\x25\x57\x0d\x1a\x28\xe6\
\x79\x6e\x03\x05\x4b\x78\x01\x80\x67\x36\x3f\xd8\x30\x91\x98\xce\
\x91\x08\x1e\xd1\x27\xda\x15\xd9\xaf\xa4\x6e\x7e\x5f\xb7\xfe\xef\
\x5e\x23\x11\x3c\x12\x8b\x59\x97\x4b\x19\x18\xca\xe2\x85\x52\x82\
\x59\x46\xa9\x48\xd7\x4a\x0d\x00\x50\x51\x75\x4d\xbd\x59\xbb\xa4\
\x4e\xd5\xe5\x36\x77\x06\xf6\x8e\x7a\xec\xd1\x81\xbe\xef\x4b\x00\
\xd8\xa5\x11\x52\x9f\xd4\x43\xc9\x4d\x60\x32\x26\x5a\xd8\xbb\xdc\
\xaa\x91\x08\x00\x7b\xaf\x26\x62\x45\x6e\x5c\xd7\x3e\x3b\x21\x19\
\x60\x0c\x1a\x28\x00\xe0\x99\xba\x84\xb5\x44\x0f\xb5\x6e\x02\x8f\
\x8c\x14\x54\xee\x36\xa9\xcb\x8e\x95\xfa\x8d\x94\xe0\x9d\xcb\x96\
\x2d\xb3\x02\xf5\x79\xcf\xa4\x8e\x94\x12\x4c\xa2\xe8\xd7\x89\xf9\
\x3d\xeb\x24\x01\x00\x54\x5c\xb2\xb5\x77\xa5\x2a\xa9\xd3\x74\x59\
\xd6\x65\x48\x43\x41\xa9\x4f\xa7\x97\xd8\x23\x92\x00\x76\x69\x6c\
\x6f\x43\xa5\x7e\x2a\x11\xcc\x56\x3b\x7b\x4e\xe3\x02\xa9\x01\x60\
\xdf\xbc\x6c\xc6\xd4\xe4\xa7\xa5\x06\x18\x83\x06\x0a\x00\x78\x88\
\x5f\x27\x05\x78\x44\x11\xfd\x75\x52\xcb\xda\xad\x12\xcb\xce\x46\
\x03\xc5\x04\x87\x5e\x7d\x6e\xc3\xab\xa4\xf6\xbd\xa7\xbb\x0f\xaa\
\xd3\xc7\x8e\xb4\x44\x30\x88\xad\xec\xaf\x48\x09\x00\x50\x35\x89\
\xd6\xde\xfb\x48\xd9\x67\xeb\x32\xef\xce\xc0\x4b\x71\xde\x10\x5e\
\xb1\x65\xe0\x27\x12\x01\x5e\x5a\xb1\xe4\xdc\x4c\x74\x96\x71\x02\
\xd3\x45\x08\x1b\xc9\x03\x8c\xdf\xfb\xf3\x9d\x99\xc5\x52\x03\xa0\
\x81\x02\x00\xde\x28\x74\xa5\x0f\x23\xe6\xe3\x24\x82\x47\x98\xa8\
\xa2\x0d\x8e\xba\xf9\x03\x2b\xf5\xf0\xb8\x9b\xc0\x3b\xc1\x69\x56\
\x4e\xe2\x89\x6d\x7a\x88\xb8\x09\x0c\x72\x6f\xb2\xa5\xef\x21\xa9\
\x01\x00\xaa\x2a\xde\xdc\xf7\xd7\x92\x4d\xce\x9b\xcd\x78\xa3\x62\
\x0f\xb0\xb2\xaf\x59\xbc\xd8\x2e\x4a\x04\x78\x49\xf1\xb6\x81\x47\
\x49\xa9\x9f\x4b\x04\x83\xb1\xc2\x52\xb7\x00\x65\x60\xe9\x2b\xce\
\xeb\xc7\x96\x9d\x07\xd0\xd0\x40\x01\x00\x4f\x28\x66\x67\x5f\x06\
\x76\x13\x78\xa4\x34\x5a\x2a\xfe\x56\xea\x8a\xb0\x6d\x5b\x91\xaa\
\xcc\x1e\x2b\xb0\x17\x98\x5f\xbb\xb1\x7d\x46\xbd\x24\x5f\x53\xca\
\x9a\x2f\x25\x18\x44\x29\xfa\x86\x94\x00\x00\x9e\xa8\x6d\xe9\xf9\
\xbd\x4d\xea\x52\x5d\xa2\x31\xb0\x7b\x4f\x3e\xb1\xc1\xfe\x99\xd4\
\x00\x7b\xac\x58\x52\x5f\xd2\x83\x72\x13\x18\x0c\x0d\x14\x80\x32\
\x60\xa2\xc3\x6b\x93\xd1\x2f\x4b\x84\x90\x43\x03\x05\x00\xaa\xce\
\xb2\x2c\xd6\x9f\x46\x81\xdb\xd8\xda\x6f\xf4\xd5\xcf\xdd\xf5\xad\
\x03\x1b\x25\x56\x8c\xe2\x12\x1a\x28\xde\xab\x9f\x30\x75\xda\x79\
\x52\xfb\x1a\x33\xb7\x48\x09\xe6\xd8\xbc\x7e\x43\xf1\x16\xa9\x01\
\x00\x3c\x93\x6c\xea\x5d\xae\xcf\x6f\xde\xa4\x4b\xdb\x9d\x81\x17\
\x52\xa4\xbe\x31\xe7\xd4\x81\x82\x44\x80\x3d\x56\x37\xbf\xaf\x5b\
\xff\x7e\xfd\x49\x22\x98\x8a\xe9\x90\x5c\x57\xe3\xc1\x92\x00\x60\
\x1c\x98\xe8\x8d\xb9\x6c\xfa\x2c\x89\x10\x62\x68\xa0\x00\x40\xd5\
\x0d\x77\x34\xbe\x42\x7f\x10\xcd\x95\x08\x1e\x61\x5b\x55\xa5\xb1\
\x71\xdd\xcd\xab\xef\xd5\xc3\x53\x6e\x02\x0f\x05\x62\x19\x2f\x7d\
\xec\x68\x96\x12\x0c\xa1\x88\x7e\x86\x9b\x71\x00\x60\x8a\x44\x53\
\xcf\x4f\x48\xa9\x77\xe8\x12\x4f\xca\xbf\xd8\xd0\xc8\xf6\xe1\x6f\
\x4b\x0d\xb0\xd7\xd8\xa6\x2f\x4a\x09\x26\xb3\x18\x1b\xc9\x03\x94\
\x89\x45\xfc\xfd\xa1\xee\xb9\x07\x48\x84\x90\x42\x03\x05\x00\xaa\
\x2f\x82\xcd\xe3\x0d\xa0\x6c\xb2\xab\xf2\xc4\xf8\xd2\xa5\xce\x3a\
\x5e\x74\xab\x44\xf0\x08\x13\x1d\x9f\x5f\x39\xef\x10\x89\xbe\xb4\
\x7c\xb9\xe5\xec\x7d\x92\x71\x13\x98\xc2\x56\xc5\xeb\xa5\x04\x00\
\x30\x42\xbc\xb9\xf7\x3b\x4a\xd1\x07\x25\x82\xd0\xe7\x63\xbf\x9c\
\x78\xcc\x63\x5b\x24\x02\xec\xb5\xe4\xfc\xbe\xbf\xe8\x9f\xa3\x47\
\x24\x82\xa1\x2c\x62\x2c\x79\x0b\x50\x3e\x07\x44\xa9\xe6\xbb\x52\
\x43\x48\xa1\x81\x02\x00\x55\xb5\xae\x7d\x76\x82\x89\x2e\x90\x08\
\x5e\x51\x6a\x45\xb2\xa5\xff\xdf\x92\x2a\x8e\x6d\xec\x83\x62\x00\
\x8b\x6a\xa2\x97\x49\xed\x4b\xa7\x34\x34\xce\xd1\x43\xd2\x4d\x60\
\x88\x9e\xda\xe6\x81\x55\x52\x03\x00\x18\x23\xd1\xdc\xf3\x25\xa5\
\xe8\x93\x12\x41\x53\x44\xdf\x97\x12\x60\x9f\x8c\xed\x6f\x48\xf4\
\x03\x37\x81\xb1\x14\xb7\x4a\x05\x00\xe5\xc0\x74\x4e\xa1\x2b\xfd\
\x06\x49\x10\x42\x68\xa0\x00\x40\x55\x4d\x9f\x1c\x3f\x53\x0f\x53\
\xdc\x04\x5e\xd1\x57\x3e\xbf\x91\xb2\x2a\x56\x6c\xed\xfb\x9b\x1e\
\x36\xb9\x09\xbc\xc2\xe4\xef\xb7\xbf\xa2\xb6\x4a\x49\x09\x86\x50\
\x4a\xfd\x5a\x4a\x00\x00\xe3\x24\x9a\x7b\x3e\xad\x4f\x7a\x3e\x2f\
\x31\xdc\x14\x75\x27\x9b\x7a\x56\x48\x02\xd8\x67\x25\x35\xf2\x63\
\x3d\x8c\xb8\x09\x8c\xc4\x84\x06\x0a\x40\xb9\x59\xfc\x95\xfc\xaa\
\xcc\x2c\x49\x10\x32\x68\xa0\x00\x40\x55\xb1\x85\xe5\xbb\x4c\xc0\
\x23\xd5\x59\xbe\xeb\x3f\x16\x2f\xb6\x8b\xa4\xd4\x6d\x12\xc1\x2b\
\x4c\x8d\xb9\xae\xc6\xa3\x24\xf9\x0e\xb3\xd5\x28\x25\x18\xa2\x68\
\x97\xd0\x40\x01\x00\xa3\xc5\x9b\x7b\xae\x52\x4a\x7d\x53\x62\x68\
\xd9\x6c\xff\x48\x4a\x80\x71\xa9\x6b\x7e\xe4\x19\x22\x75\xbb\x44\
\x30\xd3\xac\xed\xf7\x1e\x86\x87\x16\x01\xca\x6b\x22\x47\xd4\x0d\
\xcb\x96\x59\xb8\x97\x1e\x42\xf8\x43\x07\x80\xaa\x71\x37\xde\xe2\
\x53\x25\x82\x77\x3a\xe2\x0b\xfa\xd7\x4a\x5d\x35\x25\xe2\xaa\xbe\
\xf5\x02\x3b\xc7\x6c\xf9\xb6\x89\xc9\xa4\xd0\x40\x31\x4b\x6f\x7d\
\xeb\x40\xaf\xd4\x00\x00\xc6\xaa\x6d\xed\x7f\x97\x22\x0a\xf3\x7e\
\x4d\x25\x35\x6a\xfd\x4a\x6a\x80\x71\xb3\x89\x6e\x92\x12\x0c\x55\
\x33\x21\x89\x7d\x03\x01\xca\x8d\x79\xf1\x55\xe7\x36\xbe\x4f\x12\
\x84\x08\x1a\x28\x00\x50\x35\x16\xd7\x5c\xa2\x87\xa8\x9b\xc0\x2b\
\x8a\x94\x27\xfb\x91\x6c\xd8\x50\xfc\xb3\x1e\xb6\xbb\x09\xbc\xc2\
\xcc\x17\xf5\x2e\xb7\x6a\x24\xfa\x0b\x33\x1a\x28\x26\xc1\x5b\x65\
\x00\xe0\x13\xce\xbe\x0d\xb7\x0f\xf4\x5d\xa9\xcb\x5f\xba\x33\xe1\
\xa2\x88\xda\x6b\xdb\x7a\x9e\x94\x08\x30\x6e\x9b\x86\x86\x7e\xaf\
\x87\x1d\x6e\x02\x13\x31\x5b\x58\xfa\x16\xa0\x02\xf4\xf5\xf4\x67\
\x86\xba\x33\x2f\x93\x08\x21\x81\x06\x0a\x00\x54\x8d\x3e\xe0\x60\
\xf9\x2e\x03\x14\x47\x95\x27\x6f\x82\xcc\x39\x75\xa0\xa0\x2f\xe1\
\x9d\x8b\x2d\xf0\xd6\xb4\xc3\xe7\xa6\x4e\x97\xda\x67\xd4\x11\x52\
\x80\x09\x14\xdd\x29\x15\x00\x80\xf1\x96\x2c\xb1\x4b\x3d\xa3\x7d\
\x97\xeb\xf2\x77\xee\x4c\x78\x30\xd1\x2f\xa4\x04\x28\x8b\x99\x8b\
\xd6\xe5\xf4\xf0\x5b\x37\x81\x91\x14\xa5\xa5\x02\x80\xf2\x4a\x44\
\x99\x7e\xe2\xdb\x87\x12\x61\x9f\xa0\x81\x02\x00\x55\x31\x94\x4d\
\x37\xe9\x61\xbe\x9b\xc0\x43\xbd\xf5\x6d\x7d\xfd\x52\x57\x9d\x4d\
\xe4\xc9\xdb\x2f\xf0\x7c\x16\xfb\xaf\x99\xb9\xf9\xc1\x86\x89\x44\
\xbc\x9f\x44\xf0\xde\xf6\x9e\x52\xff\xbd\x52\x03\x00\xf8\x42\x5b\
\x9b\x3d\xfa\xc4\xbf\x8b\x17\x28\x22\xe7\xad\xd8\xb0\x28\x8d\x96\
\x8a\xb7\x4a\x0d\x50\x36\xb6\x6d\x63\x79\x5e\x83\x29\x56\x68\xa0\
\x00\x54\xce\xfc\x23\x1a\x52\x4b\xa5\x86\x10\x40\x03\x05\x00\xaa\
\x22\x4a\xd8\x3c\xde\x08\xca\xdb\x06\xc6\x76\xb5\xf5\x0f\x7a\x18\
\x76\x13\x78\x86\xe9\xb4\xc1\x8e\x94\xaf\x9a\x11\x89\x38\xcf\x96\
\x12\xcc\x70\x97\x73\x23\x52\x6a\x00\x00\xdf\x70\xde\x88\xdd\x32\
\xba\xed\x1c\x7d\x4e\x74\xb7\x4c\x05\x9b\x52\x0f\xd6\xb7\x0e\x6c\
\x94\x04\x50\x36\x83\x5b\xb7\xfc\x45\x0f\x05\x37\x81\x69\x98\xb8\
\x41\x4a\x00\xa8\x8c\xab\xf2\x9d\xe9\xa3\xa5\x86\x80\x43\x03\x05\
\x00\x2a\x6e\xf9\x72\x2b\xa2\x87\x4b\xdd\x04\x5e\x2a\xa9\x92\xa7\
\x4f\x8a\x4d\x6f\xde\x30\xa4\x87\x3f\xba\x09\x3c\x54\x13\x8b\xf0\
\x45\x52\xfb\x02\x73\x04\x0d\x14\x83\xd8\x64\xb7\x4b\x09\x00\xe0\
\x3b\x07\xb6\xad\x1f\x1e\x1c\x54\x67\xe8\xf2\x01\x77\x26\xb8\x14\
\x13\x96\x4f\x85\x8a\xd8\x7f\xf1\x53\x83\x8a\x14\xce\x07\xcc\x35\
\x13\x4b\x0c\x01\x54\x54\x84\x22\x7c\xc3\xd3\xdd\x07\xd5\x49\x86\
\x00\x43\x03\x05\x00\x2a\xee\xcc\x86\x86\x93\xf4\x70\xa0\x9b\xc0\
\x2b\x8a\xe8\xd1\xda\x96\xfe\x4e\x89\x9e\x51\xb6\x37\x7b\xb0\xc0\
\x0b\x58\xfe\x7a\x2b\x8c\x89\x0e\x93\x12\x4c\x50\xe4\x7b\xa4\x02\
\x00\xf0\xa5\x69\x47\xf7\xee\x28\x6c\x1f\x7a\x8d\x2e\xbb\xdc\x99\
\x60\xb2\x6d\x1b\x0d\x14\xa8\x18\xa5\xd0\xa0\x33\x58\xe4\x90\x79\
\x29\x9c\x3f\x03\x54\x90\xbe\x46\x9d\x33\x89\xa7\x7c\x41\x22\x04\
\x18\x1a\x28\x00\x50\x05\x7c\x85\x14\xe0\x21\xf6\x78\xf9\xae\xff\
\xc8\x97\x46\x6e\xd7\xc3\x88\x9b\xc0\x43\x47\x0e\xae\x6a\x4c\x49\
\x6d\x3c\x66\x75\xb0\x94\xe0\xbd\x1d\x0f\x6e\xef\x0f\xf4\x0d\x47\
\x00\x08\x87\x89\xc7\x3c\xb6\xa5\xa8\x46\x4e\xd6\x65\x9f\x3b\x13\
\x38\xcf\xd4\xcf\x5f\x8d\xe3\x35\x54\x4c\xa9\x64\x87\x69\x3f\x21\
\xdf\x89\xb0\x7d\x84\x94\x00\x50\x21\x4c\xf4\xd6\xe1\x6c\xca\x79\
\x20\x03\x02\x0c\x0d\x14\x00\xa8\xa8\xad\x1d\x73\x26\xe9\x8f\x94\
\xb3\x25\x82\x87\x6c\x36\xa3\x81\x32\xb9\x6d\xcd\x36\x52\xe4\xac\
\x99\x0c\x1e\x8b\x45\x2d\x1f\xbd\x85\xc2\x33\xa5\x00\x8f\x29\xa2\
\x15\x8b\x17\xdb\x45\x89\x00\x00\xbe\x56\xd7\xfc\xc8\x33\xb6\x5d\
\x3a\x49\x1f\xdb\xd6\xca\x54\x70\x28\xba\xdb\xb6\x6d\xfd\x3f\x0d\
\xa0\x32\x26\xbe\x7c\x75\xbf\x1e\x9e\x71\x13\x98\x26\x42\x16\x96\
\xc0\x05\xa8\x3c\xd6\xbf\x6b\x3f\xdc\xf1\x50\x66\x9a\x64\x08\x20\
\x34\x50\x00\xa0\xa2\x92\xb1\xf8\xf9\xce\xe0\x26\xf0\xd0\xfa\xba\
\x96\x3e\x83\xd6\xf9\xb6\x8d\x68\xe6\x00\x5f\x26\x7b\x14\xf9\x01\
\xde\x40\x31\x04\x93\x7a\x58\x4a\x00\x80\x40\x48\xb6\xf4\xff\x9b\
\x6d\x75\x22\x29\x7a\x42\xa6\x82\x41\x61\x7f\x0a\xa8\xac\xb1\x06\
\x9d\xa2\xbb\x25\x82\x69\x14\x1d\x2a\x15\x00\x54\xd6\x81\x35\x71\
\xfa\xb6\xd4\x10\x40\x68\xa0\x00\x40\xa5\xf9\x6a\x9f\x85\xa0\x52\
\x44\xb7\x98\xf4\x04\xe2\x68\x91\x7e\xab\x07\x3c\xc1\xee\xbd\x99\
\x67\xce\x99\x77\xbc\xd4\xa6\xc3\x1b\x28\x86\x50\xb6\x5a\x25\x25\
\x00\x40\x60\xc4\x5b\x7a\x1f\x1b\x61\xe5\xec\xdb\xf7\xb4\x3b\xe3\
\x7f\x45\x5b\xe1\xc6\x36\x54\x1e\x1a\x75\xe6\x62\x75\x88\x54\x00\
\x50\x69\x4c\xe7\xe7\xbb\xd2\x97\x4a\x82\x80\x41\x03\x05\x00\x2a\
\xa6\xb0\xb2\xd1\x79\x65\xf8\x58\x37\x81\xa7\x4a\x64\xd4\xc6\xed\
\xf5\x6d\x7d\xcf\x2a\xc2\xd3\x6a\x46\x88\x44\xfc\xd2\xe4\x9c\x2e\
\x23\x78\x6c\x94\xad\x4e\x29\x01\x00\x02\x65\x42\x53\xef\x40\x91\
\xc6\x9a\x28\x9b\xdc\x19\x5f\x1b\xfc\xc2\xef\x06\xfe\x29\x35\x40\
\xc5\xd8\x8a\x56\x48\x09\xc6\xc1\x12\xb8\x00\xd5\xc4\x16\x7f\x3d\
\x97\x6d\xc0\xef\x5d\x00\xa1\x81\x02\x00\x15\xa3\x6a\xac\xcb\xf5\
\xc0\x6e\x02\x0f\x3d\x73\xfb\x9a\xbe\x7b\xa4\x36\x86\xfe\xc1\xc0\
\x32\x5e\x66\x38\x6f\xd3\x7d\xe9\x09\x52\x1b\x49\xfe\xf9\x12\x6e\
\x02\x8f\x0d\x7e\xe9\x96\xbe\x35\x52\x03\x00\x04\x4e\x5d\x53\x6f\
\xd6\x2e\xa9\x53\x75\xb9\xcd\x9d\xf1\xad\xce\xa5\x4b\x6d\x5b\x6a\
\x80\x8a\xf9\xf7\x53\xa5\xac\x1e\x46\xdd\x04\x66\xc1\x1b\x28\x00\
\x55\x36\x85\x55\xf4\x7a\xcb\xb2\x70\x1f\x2c\x60\xd0\x40\x01\x80\
\x8a\x18\xfb\xc0\x60\x76\x1a\x28\xe0\x31\xa5\xd4\xad\x4b\x96\xd8\
\x25\x89\xc6\xb0\x4b\xea\x16\x67\x70\x13\x78\xa8\xae\xbe\x8e\x5e\
\x2b\xb5\x91\xea\x6b\xec\xfd\xa5\x04\xaf\x29\x35\x80\x1b\x72\x00\
\x10\x74\xc9\xd6\xde\x95\x4a\xd9\x67\xe8\x72\xc8\x9d\xf1\x25\xec\
\x57\x05\x55\x31\xe7\xd4\x81\x82\x1e\xf0\xb6\x93\x91\xf8\x40\x29\
\x00\xa0\x4a\x98\xe9\xd5\x43\x9d\x8d\xef\x94\x08\x01\x81\x06\x0a\
\x00\x54\xc4\x70\x67\xc3\x31\x4c\x74\x84\x44\xf0\x90\xa9\x6f\x7a\
\x24\x5b\x7b\x37\x10\x29\xbc\xf2\x6f\x00\x65\xb1\xd1\xcb\x78\xd9\
\xf1\xc8\x01\x52\x82\xd7\x98\x1e\x91\x0a\x00\x20\xd0\x12\xcd\x7d\
\xf7\x50\xa9\x74\x8e\x2e\xf3\xee\x8c\xbf\x28\xa2\x0e\x29\x01\x2a\
\x0e\x3f\x6f\xc6\x8a\x6f\xeb\x9a\x3d\x59\x6a\x00\xa8\x12\x8b\xf9\
\xda\xc1\x8e\x54\xa3\x44\x08\x00\x34\x50\x00\xa0\x42\xcc\xbe\x21\
\x1b\x22\x5b\x7a\x8a\xfd\x7f\x95\xda\x38\x4a\xb1\x51\x7b\xb3\x84\
\x15\x13\x2d\xce\xaf\xca\xcc\x92\x68\x1c\xa5\x68\x3f\x29\xc1\x7b\
\xab\x65\x04\x00\x08\xbc\x78\x6b\xff\x5f\x6c\xa5\x2e\xd0\xa5\xef\
\x96\x27\xb2\x55\xd1\x59\x56\x09\xa0\x2a\x14\xd9\xf8\x79\x33\x94\
\xc5\x49\x3c\x88\x04\x50\x7d\xb5\xb1\x98\xf5\x93\xf6\x76\x2b\x2a\
\x19\x7c\x0e\x0d\x14\x00\x28\xbb\x75\xed\xb3\x13\xcc\x7c\xbe\x44\
\xf0\x94\xba\xad\xad\xcd\x36\xf6\xa2\x9f\x95\x72\xde\x8e\x51\x6e\
\x02\x0f\x59\x14\x55\x97\x49\x6d\x1c\x4b\xa9\x49\x52\x82\xc7\x94\
\x52\x78\x03\x05\x00\x42\x25\xd9\xdc\x7b\x9b\x4d\xea\x12\x5d\x1a\
\xb7\x1c\xea\x6e\xa8\x1d\xb4\x03\x0d\x6f\xa8\x1a\x8b\x68\x40\x4a\
\x30\x4c\x8c\x6c\x34\x50\x00\xbc\x71\xe4\xc2\x29\x8d\x1f\x93\x1a\
\x7c\x0e\x0d\x14\x00\x28\xbb\xe9\x53\x92\x67\xeb\x01\xaf\x0a\x1b\
\xc0\x26\x32\xfa\x0d\x8f\x78\x4b\xef\x63\xa4\x14\x5e\xf9\x37\x00\
\x13\x19\xbb\x67\x11\x5b\x8c\x06\x8a\x29\xd8\x7a\x5c\x2a\x00\x80\
\xd0\x48\x36\xf5\x2e\x57\x44\x6f\xd4\xa5\x3f\xf6\x80\x52\xb4\x7e\
\x7a\xf3\x06\x3f\xef\xdf\x02\x7e\x53\x50\x68\xd8\x19\x4a\x29\x0b\
\x7b\x09\x02\x78\x84\x99\x3f\x9e\xeb\x4a\x1d\x29\x11\x7c\x0c\x0d\
\x14\x00\x28\x3b\x26\xc2\xf2\x5d\x66\x18\x7c\x66\x73\xfe\x4f\x52\
\x1b\x4b\xb1\x99\x7b\xb4\x84\x0f\x37\xe4\xb2\x99\x45\x12\x8c\xa2\
\xf0\x06\x8a\x31\xb8\x38\xba\x41\x4a\x00\x80\x50\x49\x34\xf5\xfc\
\x44\x7f\x20\xbd\x43\x97\xc6\xbf\x39\xab\xff\x01\xf1\x36\x00\x54\
\xd5\x6d\x8f\xad\x5e\xa7\x07\x5f\xee\x17\x14\x74\x16\xdb\x53\xa5\
\x04\x80\xea\x8b\x5a\x6c\xfd\x64\xfd\x8a\x59\x49\xc9\xe0\x53\x68\
\xa0\x00\x40\x59\x0d\xaf\x9c\x3d\x83\x98\x4e\x96\x08\xde\xba\x63\
\xd6\xe2\xb5\xc6\x5f\xc8\x8c\x1a\xfe\x96\x4c\x98\x98\xda\xfc\x64\
\x62\xbc\xd1\x66\x88\x8d\x85\xc2\xbf\xa5\x04\x00\x08\x9d\x78\x73\
\xef\x77\x94\x52\x1f\x92\x68\x30\xb5\x56\x0a\x80\xaa\x58\xb2\xc4\
\x2e\x91\xa2\xc7\x24\x82\x41\x14\x59\x78\x10\x29\x68\x14\x3d\x21\
\x15\xf8\x01\x53\xe3\x7e\x75\xf5\xd7\x49\x02\x9f\x42\x03\x05\x00\
\xca\xca\xaa\x49\x3a\x6b\x44\x63\xa3\x2c\x03\x28\xdb\xf6\x45\x63\
\x62\x42\x53\xaf\xf3\x94\x64\x8f\x9b\xc0\x4b\x4c\x74\xe1\x9a\x3b\
\x1b\xe2\x12\x8d\xa1\x88\xea\xa5\x04\x6f\x6d\x9e\xb9\x68\x5d\x4e\
\x6a\x00\x80\x50\x4a\x34\xf7\x7e\x51\x29\x5a\x2a\xd1\x50\xbc\x5e\
\x0a\x80\xaa\x51\x4c\x78\xc8\xc2\x40\x4c\x0a\x0f\x22\x05\x8c\xbe\
\x36\xfa\xa6\x1e\x56\xba\x09\xfc\x40\x5f\x67\xbf\xb3\xd0\xd9\xf8\
\x6a\x89\xe0\x43\x68\xa0\x00\x40\x59\x31\x63\xf9\x2e\x43\xe4\x76\
\x6c\xdd\x72\x87\xd4\x3e\xa0\xf0\x16\x8a\x19\xa6\x1e\x7c\x70\xe4\
\x0c\xa9\xcd\xc1\x84\x57\x9e\xcd\xf0\xac\x8c\x00\x00\xa1\x96\x68\
\xee\xf9\x14\x29\xfa\xbc\x44\xe3\x30\xd9\xb8\x91\x0d\x55\xc7\x4a\
\xa1\x71\x67\x20\xc5\x78\x93\x3b\x80\x46\x47\x8b\x25\xe7\xbe\x0b\
\x1e\x6c\xf2\x0f\xa6\x48\xe4\xfa\xed\xf7\x1e\x36\x45\x32\xf8\x0c\
\x1a\x28\x00\x50\x36\xc3\x9d\x8d\x2d\x7a\x70\xbe\xc0\x6b\x8a\xfe\
\xb4\xff\xe2\xa7\x06\x25\x19\xaf\x54\xb2\xb1\x0f\x8a\x21\x2c\x62\
\xe3\x9a\xa0\x4c\x0a\x0d\x14\x33\x6c\x95\x11\x00\x20\xf4\xe2\xcd\
\x3d\x57\x29\xa5\x9c\xa7\x80\xcd\xa3\xf0\x06\x0a\x78\x80\x19\x8d\
\x3b\x03\xb1\x52\x13\xa5\x84\x00\xa9\x9f\xdf\xdf\x67\x13\x7d\x54\
\x22\xf8\xc3\xcc\xf8\x84\xba\xaf\x4b\x0d\x3e\x83\x06\x0a\x00\x94\
\x4d\x24\x62\xe1\xed\x13\x43\xf8\x6d\x63\xf6\xda\xd6\xfe\x2e\x45\
\xb4\x46\x22\x78\xeb\x35\x83\x9d\x0d\xfb\x4b\x6d\x06\xc5\x68\xa0\
\x18\x40\x91\x42\x03\x05\x00\xe0\x39\xf4\xf9\xcb\xbb\xf4\xf9\xcb\
\xf5\x12\x8d\x51\xb4\xe8\x49\x29\x01\xaa\xc7\x56\xf8\xb9\x33\x12\
\xd7\x4a\x01\x01\xf3\xf9\x9b\xfb\xbe\xa6\x3f\x83\xfe\x26\x11\xfc\
\x80\xe9\xd2\x7c\x57\xea\x7c\x49\xe0\x23\x68\xa0\x00\x40\x59\xb4\
\xb7\x5b\x51\xfd\x69\x70\xa9\x44\xf0\xd6\xe8\xc8\xf6\xa1\xdb\xa4\
\xf6\x0d\x56\xfe\x6a\xfa\x04\x58\x2c\x62\x45\x2e\x96\xda\x08\x8a\
\xf1\x06\x8a\x09\x98\x18\x0d\x14\x00\x80\xe7\xb0\x6d\x5b\xdd\x3e\
\xd0\x77\xa5\x2e\x7f\xe9\xce\x98\x21\x52\x28\xe2\x78\x0d\x55\xa7\
\x88\xb6\x48\x09\x26\xc1\x79\x74\x60\x2d\x5d\x6a\xdb\x54\xa4\x37\
\xe8\x72\xbb\x3b\x03\x7e\xc0\x96\xf5\xed\xe1\x8e\xcc\x81\x12\xc1\
\x27\xd0\x40\x01\x80\xb2\x38\x72\xd2\xbc\x93\xf5\x30\xdd\x4d\xe0\
\x25\x7d\xf1\xf2\xd7\x89\xc7\x3c\xe6\xbb\x0b\x18\x5b\x95\xb0\x0f\
\x8a\x21\xf4\xc9\x81\x61\x6f\x93\x71\x4c\x0a\xf0\x90\x3e\xb6\xf8\
\x66\x59\x40\x00\x80\x6a\x59\xb2\xc4\x2e\xf5\x8c\xf6\x5d\xae\xcb\
\xdf\xb9\x33\xde\xdb\x31\xb4\x1d\x37\xb2\xa1\xea\x6c\x3c\x68\x61\
\x24\x85\x37\x50\x02\x2d\x31\xbf\x67\x9d\xbe\x90\x7e\x8f\x44\xf0\
\x87\x69\x91\x28\xfd\xc0\xb2\x2c\x96\x0c\x3e\x80\x06\x0a\x00\x94\
\x45\x24\x12\xc1\xf2\x5d\x86\xd0\x9f\xc2\xbe\x6c\x44\xd4\xcd\x5f\
\xfd\x90\x3e\xc3\x7f\x42\x22\x78\x89\xf9\xe5\x43\x5d\xf3\x32\x92\
\x3c\xc7\x8a\x22\x52\x82\xb7\x46\x64\x04\x00\x80\xe7\x68\x6b\xb3\
\x47\x9f\xf8\x77\xf1\x02\x45\xf4\x67\x99\xf2\xd2\xe8\xf4\xe3\x9f\
\x19\x92\x1a\xa0\x6a\x2c\xa5\xd0\xb8\x33\x10\x2b\xbc\x81\x12\x74\
\xf1\x96\xde\x1f\xeb\xeb\xe8\xdf\x4a\x04\x3f\x60\x3a\x2d\xd7\xd9\
\xf8\x16\x49\xe0\x03\x68\xa0\x00\xc0\xb8\x6d\xeb\x9a\x3d\x59\x0f\
\x67\xbb\x09\x3c\x56\x2a\xaa\x11\x5f\x9e\x3c\x39\xcb\x60\xe8\x13\
\x09\x2c\xe3\x65\x88\x28\xc7\xcc\x69\x8a\x32\x1a\x28\x86\x18\x95\
\x11\x00\x00\x5e\x60\xce\xa9\x03\x85\x6d\x6a\xcb\xb9\xba\xfc\x87\
\x3b\xe3\x99\xed\x63\xe7\x54\x00\x55\x56\xe2\xe2\x36\x29\xc1\x24\
\xcc\x71\xa9\x20\xc0\x8a\x34\xe2\xdc\x8c\x7f\xc6\x4d\xe0\x0b\xcc\
\x5f\x2c\xac\x9a\x37\x47\x12\x18\x0e\x0d\x14\x00\x18\xb7\x04\x25\
\x2e\x18\x1b\xc0\x00\xea\x1f\x75\xcd\x8f\xf8\xf6\xc4\x49\x5f\xed\
\xa3\x81\x62\x0a\x56\x97\x2d\x5f\x6e\x99\xd1\xb8\x50\x0a\xe7\x2b\
\x06\x60\x52\x68\xa0\x00\x00\xec\xc6\xf4\xe6\x0d\x43\x43\xb9\xe2\
\x19\xba\x7c\xc8\x9d\xf1\x82\x2a\x48\x01\x50\x55\x51\x9b\xf0\xb3\
\x67\x26\x3c\x88\x14\x02\xce\x3d\x00\xdb\xb6\xdf\x2a\x11\xfc\xa1\
\x8e\xa2\xd1\x1b\x8c\xb9\xe6\x86\xdd\xc2\x0d\x09\x00\x18\x3f\x8b\
\xb1\x7c\x97\x21\x6c\x9f\x6f\xc4\x7e\xfb\x40\xdf\xbd\x7a\x78\xda\
\x4d\xe0\x2d\x3e\xe8\xcc\xb9\x8d\x27\x4a\xf0\x16\x33\x4e\x2a\x4d\
\xa0\xb8\x28\x15\x00\x00\xec\xc2\xd4\xa3\x06\xb6\xab\xd1\xc2\x12\
\x5d\x7a\xb5\xec\x21\x96\x5b\x04\x4f\x28\x8a\xe1\x41\x0b\x33\xe1\
\x3c\x3a\x24\x92\x2d\x7d\xb7\x92\x52\x37\x48\x04\x5f\xe0\xa3\xcf\
\x98\xd7\xf8\x61\x09\x60\x30\x34\x50\x00\x60\x5c\xe4\x95\xc3\xa3\
\xdd\x04\x1e\x53\xa4\x6c\x5f\x37\x50\x9c\x8d\x58\x15\xd1\xad\x12\
\xc1\x6b\x6c\x4c\x73\xd4\x96\x11\xbc\xc4\x2a\x2a\x15\x00\x00\xec\
\xc2\xfa\x15\xb3\x92\x1c\xab\x71\x6e\x60\xd5\xb8\x33\xd5\xa5\x88\
\x71\x13\x1b\x3c\x61\x2b\x34\xef\x0c\x85\x06\x4a\x88\xe4\x8a\x23\
\xce\x86\xf2\x8f\xbb\x09\xfc\x80\x99\xff\x77\xb8\xab\xb1\x55\x22\
\x18\x0a\x0d\x14\x00\x18\x9f\x68\xf4\x72\xfd\x57\x76\x03\x78\xec\
\x81\x64\x4b\xff\xbf\xa5\xf6\x2d\xb6\x15\x96\xf1\x32\x05\xd3\xb9\
\x9b\xee\x4b\x4f\x90\xe4\xa5\x92\x8c\xe0\x21\x45\x1c\x93\x12\x00\
\x00\x76\x62\xcd\x9d\x0d\xf1\xfd\xea\xea\xf5\x79\x0c\xbf\x4a\xa6\
\xaa\x4e\x9f\x94\xa3\x81\x02\x9e\xb0\xc9\xc6\xcf\x9e\x99\xd0\x40\
\x09\x91\xc9\x6d\x6b\xb6\xe9\x4b\xa7\x37\xea\x12\x7b\x61\xf9\x47\
\x4d\xc4\x8a\xdc\xc8\x1c\xc5\x7e\x45\x06\x43\x03\x05\x00\xf6\x99\
\x65\x59\xac\x88\x9d\x06\x0a\x18\x40\x91\xfa\x8d\x94\xbe\xd6\x53\
\xea\xff\x9b\x1e\x36\xbb\x09\x3c\x56\x5b\x5f\xaf\xce\x97\xda\x3b\
\x0a\x0d\x14\x43\xa0\x81\x02\x00\xb0\x0b\xed\xed\x56\xf4\x90\x83\
\xa3\x37\x31\xd1\xa9\x32\xe5\x15\x3c\xd8\x04\xde\xb0\x6c\xfc\xec\
\x19\x49\xe1\x46\x7a\xc8\xc4\x9b\xfa\xef\xd2\xc3\xd7\xdd\x04\x3e\
\xf1\x32\x56\xea\x53\x52\x83\x81\xd0\x40\x01\x80\x7d\x36\xdc\x95\
\x7a\xa5\x3e\x4b\x3e\x5c\x22\x78\x8c\x0b\xfe\x5e\xbe\xeb\x3f\xda\
\xda\xec\x51\x7d\x9e\x7f\x9b\x44\xf0\x9c\xf7\xcb\x78\x29\x46\x03\
\xc5\x10\x68\xa0\x00\x00\xec\xc4\xb2\x65\x96\xb5\x68\x4a\xca\x59\
\xb6\xeb\x5c\x77\xc6\x3b\x0a\xc7\x6a\xf0\x48\x84\xd9\x93\x65\xeb\
\xe0\xa5\x30\xce\xa3\x43\x68\xe3\xd0\xe0\xd5\xfa\x03\xa1\x5f\x22\
\xf8\x01\xf3\x62\xa9\xc0\x40\x68\xa0\x00\xc0\x78\x60\xf3\x78\x73\
\x74\xc6\x17\xf4\xaf\x95\xda\xf7\x6c\xa2\x40\xbc\x4d\x13\x08\xcc\
\xc7\x15\xba\xd2\x87\x49\xf2\x88\xc2\x92\x10\x06\x60\x22\x13\x96\
\x73\x03\x00\x30\x8a\xf3\x46\xf6\x55\xe7\xa5\xbe\xab\x0f\x92\x97\
\xc8\x94\xa7\xf4\xb1\x1a\x37\xb1\xc1\x13\x16\x59\x68\xde\x19\x49\
\xa1\x81\x12\x42\x33\x17\xad\xcb\xd9\xca\x76\xee\xd7\x14\xdd\x19\
\x00\x18\x0f\x34\x50\x00\x60\x9f\x8c\x6d\x90\x49\xb4\x44\x22\x78\
\x4c\x05\xac\xe1\xf0\xcc\x96\xfc\x9f\xf5\xb0\xc3\x4d\xe0\x31\x56\
\xec\xed\x52\x7d\xfa\x1f\x20\x27\x25\x78\x48\x1f\x67\x26\x49\x09\
\x00\x00\x22\xd7\x95\xfa\xb2\x3e\x27\x7e\xb3\x44\x13\xe0\x26\x36\
\x78\x62\x04\x6f\xa0\x18\x0a\x6f\xa0\x84\x55\xb2\xa5\xef\x21\x7d\
\x06\xff\x39\x89\x00\x30\x0e\x68\xa0\x00\xc0\x3e\xd9\xaf\xae\xee\
\x1c\x3d\xe0\x66\x9a\x21\x8a\xa5\x62\xa0\x36\x5e\x9f\xb5\x78\x6d\
\x5e\x9f\xec\xfd\x5e\x22\x78\x8d\xe9\x72\xe7\x09\x5b\x49\xd5\xc7\
\x0a\x0d\x14\x03\xe8\x1f\x80\xc9\x52\x02\x00\x80\x56\xc8\x66\x3e\
\xab\x87\xf7\xb8\xc9\x18\xb5\x32\x02\x54\x55\xc4\x2e\x25\xa5\x04\
\xb3\xe0\x0d\x84\x10\xeb\x19\xed\xff\x0c\x29\xf5\xb0\x44\x00\xd8\
\x47\x68\xa0\x00\xc0\x3e\xf2\x7e\x5f\x04\xf8\xaf\xbe\xfa\xd6\x81\
\x5e\xa9\x03\x43\xd9\x2a\x50\x4d\x21\x3f\x63\xa2\xb9\xc3\x1d\x8d\
\xaf\x90\x58\x75\x8a\xf0\x06\x8a\x19\x14\x1a\x28\x00\x00\x22\x9f\
\x4d\x7f\x54\x0f\xce\x97\x69\x26\x38\x7b\xb2\x48\x0d\x50\x35\x16\
\x45\x70\x9e\x60\xa6\xbc\x8c\x10\x42\xce\xfe\xa2\xa3\x76\xc9\xb9\
\x77\x83\x9f\x03\x80\x71\xc0\x89\x15\x00\xec\xb5\xe1\x8e\xcc\x81\
\x4c\x74\x92\x44\xf0\x9a\xa2\x40\x36\x1a\x76\x6c\xdd\xf2\x07\x3d\
\xe0\xc6\xb9\x29\x22\x1e\x36\x4d\x15\x7e\x0e\xcc\xc0\xfb\x49\x01\
\x00\x10\x6a\xb9\x6c\xea\x3d\x4c\xec\xbc\x7d\x62\x22\xeb\x7d\xaf\
\x3e\x14\x6f\x89\x43\xd5\xa9\x88\x8d\x06\x8a\x81\x14\xae\xa7\x42\
\xcf\x79\xd8\x52\xd9\x46\x36\xfc\x01\x7c\x03\x0d\x14\x00\xd8\x6b\
\x56\x4c\x5d\xaa\x87\x88\x9b\xc0\x6b\x25\x2a\x06\x72\xc3\xf5\xfd\
\x17\x3f\x35\xa8\xcf\xf8\xff\x28\x11\x3c\xc6\x44\x17\xac\x6b\x9f\
\x9d\x90\x58\x55\xfa\xff\xf7\xa0\x94\xe0\xad\xa9\x5e\xfd\x0c\x00\
\x00\x98\xa2\x90\xcd\x5c\x69\x91\xf5\x65\x89\x46\x8a\x4f\x48\xe2\
\x46\x36\x54\x9d\x65\xf3\x14\x29\xc1\x20\xac\x68\x58\x4a\x08\xb1\
\xeb\x6e\xed\xfb\x2a\x91\xfa\xbb\x44\x00\xd8\x4b\x68\xa0\x00\xc0\
\x5e\x63\x22\x2c\xdf\x65\x08\x45\xb4\xb6\xb6\x79\x60\x95\xc4\xc0\
\x51\x64\x07\xb2\x39\xe4\x53\x53\xa6\x4f\x8e\x9f\x29\x75\x55\x29\
\x56\xdb\xa4\x04\x6f\xf1\x8c\xba\x9a\x83\xa4\x06\x00\x08\x9d\x7c\
\x57\xda\x79\x88\xe8\x3b\xfa\x4b\x9f\x0e\x9b\xcb\xb6\x79\x9a\x94\
\x00\x55\xa3\x98\xa7\x4a\x09\x26\xc1\x5e\x82\xa0\x2d\x5d\x6a\xdb\
\xaa\xc8\xaf\xd7\xe5\x76\x77\x06\x00\xf6\x06\x1a\x28\x00\xb0\x57\
\x86\xbb\x1b\xe6\xeb\xb3\xb0\x26\x89\xe0\x31\x7d\xf5\x1e\xe8\x7d\
\x42\x0a\xaa\x70\xbb\x1e\x46\xdc\x04\x5e\x63\xcb\x9b\x65\xbc\x98\
\x18\x0d\x14\x43\xa8\x38\x1d\x2c\x25\x00\x40\xa8\xe4\xba\x32\xe7\
\xea\xcf\xc1\x1f\xeb\xd2\xfc\x6b\xe8\x08\xa1\xd9\x0d\x55\xc7\xac\
\x70\x8e\x60\x20\x45\x3c\x24\x25\x84\x5c\x62\x7e\xcf\x3a\x52\xf6\
\xfb\x24\x02\xc0\x5e\x40\x03\x05\x00\xf6\x4a\x84\xa2\x78\xfb\xc4\
\x20\xaa\x18\xec\x06\xca\xa4\x96\xb5\x5b\x95\xa2\xbb\x24\x82\xe7\
\xf8\x94\xa1\xee\xb9\x07\x48\xa8\x1a\xa5\x6c\x34\x50\x8c\x61\x1d\
\x22\x05\x00\x40\x68\x14\xb2\xa9\x53\x2d\x8b\x7e\xa1\xcb\xa8\x3b\
\x63\x36\x8b\x78\xa6\x94\x00\x55\xc4\x68\xa0\x18\x88\x09\x6f\x72\
\xc3\xff\x17\x6f\xee\xfb\x91\xbe\xba\xba\x4d\x22\x00\xec\x21\x34\
\x50\x00\x60\x8f\x75\x74\x58\x31\x7d\x06\x76\x89\x44\xf0\xde\xbf\
\x6b\x5f\xde\xb7\x42\xea\xc0\x62\x0e\x76\x93\xc8\x67\x62\x16\xd7\
\x54\xfd\x18\x60\x93\xb5\x55\x4a\xf0\x9a\xa2\xb9\x52\x01\x00\x84\
\x42\xa1\x3b\x7d\xbc\xbe\x6c\x76\xce\x45\x6a\xdc\x19\x5f\xc0\x8d\
\x6c\xf0\x02\x7e\xee\x0c\xa4\x14\xe3\x3c\x1a\x9e\xa7\x38\x3c\x72\
\xa5\x1e\x36\xba\x09\x00\xf6\x04\x1a\x28\x00\xb0\xc7\x1a\xa3\xa9\
\x53\xf4\x50\xf5\xa7\xcf\x61\xe7\x94\x52\xb7\xd8\xb6\xad\x24\x06\
\xd6\x68\xa9\xf8\x5b\x3d\x94\xdc\x04\x5e\xd3\x27\x0e\x55\x7f\x0b\
\xcd\x2a\xd1\x26\x29\xc1\x63\x4c\x3c\x4f\x4a\x00\x80\xc0\xcb\xaf\
\xca\xbc\x82\x98\x7f\xa7\xcb\xa4\x3b\xe3\x1b\x78\x5b\x10\xbc\x80\
\x9f\x3b\x03\x29\xbc\x81\x02\x2f\x50\xb7\x70\xcd\xd3\xb6\xa2\xb7\
\x49\x04\x80\x3d\x80\x06\x0a\x00\xec\xb1\x08\x36\x8f\x37\x0a\x2b\
\x0a\xc5\x06\xeb\xf5\xad\x03\x1b\x15\xd1\xdd\x12\xc1\x7b\xf3\x87\
\xb2\xe9\xaa\xee\x83\xc4\xaa\xf8\x8c\x94\xe0\x35\xc6\x1b\x28\x00\
\x10\x0e\xc3\xd9\x4c\x1b\x47\xe9\x0e\x5d\xd6\xbb\x33\x3e\xa2\xd4\
\x1c\xa9\x00\xaa\x62\x5d\xfb\xec\x84\x1e\xd0\x40\x31\x10\x33\xde\
\x40\x81\x17\x4b\x36\xf7\x38\x6f\x56\xde\xe8\x26\x00\x78\x29\x68\
\xa0\x00\xc0\x1e\xd9\x7e\xef\x61\x53\x88\xe9\x4c\x89\xe0\xbd\x8d\
\xb7\x3d\xd2\xff\x0f\xa9\x03\x8f\x29\x1c\xcd\x22\xbf\x88\x52\x75\
\x37\x93\x1f\x2a\xe2\x15\x73\x83\x34\x58\x96\xa5\x7f\x25\x01\x00\
\x82\x6b\xa8\x6b\x5e\x26\x42\xea\x8f\xba\x9c\xec\xce\xf8\x0c\x73\
\x83\x54\x00\x55\xb1\xdf\x94\xa4\xd3\xb4\xc3\xfd\x25\x03\xd9\x36\
\xde\xe4\x86\x9d\xcb\xdb\xb9\x77\x93\xa2\x27\x24\x02\xc0\x6e\xe0\
\x03\x0e\x00\xf6\x48\x7c\x42\xed\x05\x7a\x70\x9e\x2c\x02\x03\x28\
\xa5\x6e\x5d\xb2\xc4\x0e\xcd\xb2\x56\x76\x49\xdd\xe2\x0c\x6e\x02\
\x03\x5c\xba\x7c\xb9\x15\x91\xba\xe2\xa6\x1e\x35\xb0\x5d\x0f\x05\
\x37\x81\xc7\x26\xe6\x56\xce\x9d\x2d\x35\x00\x40\xe0\x14\x56\xcd\
\x9b\x13\xb5\x62\x7f\x26\xe2\xfd\x64\xca\x8f\xa6\x0e\x76\x36\xec\
\x2f\x35\x40\xc5\x59\xac\xd0\xb4\x33\x14\x93\x8d\x37\xb9\x61\xa7\
\x26\xb5\xac\xdd\x4a\x5c\x7a\x83\x2e\x03\xbf\x2c\x38\xc0\x78\xa1\
\x81\x02\x00\x7b\x86\xb1\x7c\x97\x49\x98\x55\xa8\x36\x56\x4f\xb6\
\xf6\x6e\x20\xa5\x1e\x90\x08\xde\x3b\xf0\xcc\x86\x86\x93\xa4\xae\
\x96\xa7\x65\x04\x8f\xd9\xb1\xc8\x7c\x29\x01\x00\x02\x25\xdf\x31\
\xe7\x50\x8a\xc6\xfe\xa2\xcb\x03\xdd\x19\xff\x8a\x5a\x16\x6e\x68\
\x43\xd5\x30\x51\xa3\x94\x60\x18\xb6\x2d\x34\x50\x60\x97\xe2\x4d\
\xfd\x77\x29\xa2\x6f\x48\x04\x80\x5d\x40\x03\x05\x00\x5e\xd2\x8e\
\xce\xb9\x73\xf5\xa9\xd7\x2b\x24\x82\xf7\xb6\x3e\x3a\x30\xf0\x57\
\xa9\x43\x43\x9f\xd8\x61\x19\x2f\xa3\xf0\x15\x52\x54\x87\x52\xff\
\x96\x0a\x3c\x66\x29\x6e\x95\x12\x00\x20\x30\x86\x3b\x32\x07\x52\
\x2c\x7e\x97\x2e\x67\xb9\x33\xfe\xc6\x38\x56\x43\x15\xe9\x9f\xb7\
\x16\x29\xc1\x30\xcf\x16\x06\xd1\x40\x81\xdd\xda\x32\xba\xed\x6a\
\x7d\xb1\x35\x20\x11\x00\x76\x02\x0d\x14\x00\x78\x49\x35\x56\x8d\
\xf3\xf6\x09\xd6\xbc\x37\xc7\x6d\xe9\x25\xf6\x88\xd4\xa1\xc1\x14\
\xae\xb7\x6e\xcc\xc7\x67\x6f\xed\x98\x33\x49\x42\x15\xf0\x7a\x29\
\xc0\x63\x8a\xe9\xe5\x52\x02\x00\x04\xc2\x60\x47\x6a\xbf\x48\x8c\
\xfe\xac\x4f\x76\x83\xb3\xf9\x3a\x8e\xd5\x50\x45\x38\x37\x30\xd6\
\xf6\x99\x8b\xd6\xe5\xa4\x06\xd8\xa9\x03\xdb\xd6\x0f\xdb\xb6\xed\
\xdc\xf3\x29\xba\x33\x00\xf0\x42\x68\xa0\x00\xc0\x6e\x8d\x6d\x16\
\xcc\xea\x32\x89\x60\x00\x7d\x72\x13\xca\x46\x42\xbc\xb9\xef\x5f\
\x7a\xe8\x70\x13\x18\x20\x99\x8c\xc5\xcf\x97\xba\x1a\xf0\x06\x8a\
\x21\x98\xe8\x15\xd5\xdc\x03\x07\x00\xa0\x92\xb6\x75\xcd\x9e\x1c\
\x8b\x59\xce\x86\xf1\x19\x77\x26\x28\xb8\x4d\x0a\x80\x8a\xda\x7e\
\xef\x61\x53\xf4\xb9\xc1\xe1\x12\xc1\x2c\x38\x7f\x86\x3d\x92\x6c\
\xe9\x7f\x90\x94\xba\x46\x22\x00\xbc\x00\x1a\x28\x00\xb0\x5b\xb9\
\x55\x8d\x8b\xf5\x05\xd8\x61\x12\xc1\x7b\x83\x9b\x72\xc3\xce\x45\
\x7e\x28\x29\xbc\x85\x62\x9a\xaa\xed\x8d\xa4\xff\xec\xf1\x06\x8a\
\x39\x26\x9d\x36\x77\x5e\x93\xd4\x00\x00\xbe\xb5\xb1\x7d\x46\x7d\
\x82\x13\x77\xe8\x32\x78\xcd\x06\xa6\xf4\xfa\x15\xb3\x92\x92\x00\
\x2a\x26\x3e\x31\xe1\xfc\xfe\x60\xb5\x02\x03\x29\x22\x9c\x3f\xc3\
\x1e\xeb\x29\xf6\x7f\x5a\x0f\x78\x60\x11\x60\x27\xd0\x40\x01\x80\
\xdd\x52\x16\x63\xf3\x78\x93\x28\xfa\x43\x98\x5f\xc3\x2e\x8e\x2a\
\xec\x83\x62\x96\x63\x0b\x2b\x1b\x67\x4b\x5d\x51\x8a\x69\x9d\x94\
\x60\x80\x08\x59\xc7\x4a\x09\x00\xe0\x4b\x4e\x73\x61\xc2\xd4\x69\
\xbf\x23\x0e\xec\x3e\x7f\xd1\xfd\x6b\xeb\x16\x49\x0d\x50\x31\x4a\
\xe1\x9c\xc0\x60\x4f\xc8\x08\xf0\x92\xda\xda\xec\xd1\xa2\x3d\xea\
\xdc\xff\xc9\xbb\x33\x00\xf0\x1f\x68\xa0\x00\xc0\x2e\x3d\xd9\x31\
\xb3\x96\x89\x96\x48\x04\x03\x84\x7d\x23\xf5\xfa\xb6\xbe\x7e\x3d\
\xf4\xba\x09\x0c\xc0\xaa\xc6\xba\x5c\xea\x8a\x52\xc4\x6b\xa5\x04\
\x13\x30\x2f\x96\x0a\x00\xc0\x77\x7a\x97\x5b\x35\xfb\xd7\xd6\x2f\
\xd7\xe7\xb9\xc7\xcb\x54\x20\xe9\xf3\xc6\xe3\xa4\x04\xa8\x1c\x66\
\xfc\x9c\x19\x8a\xf1\x06\x37\xec\xa5\xba\x96\xd5\x3d\x4a\xa9\x8f\
\x4b\x04\x00\x81\x06\x0a\x00\xec\xd2\x94\xc8\xc4\x73\xf5\x30\xc1\
\x4d\x60\x80\xfc\xd0\xa0\x72\x96\x99\x08\x37\x85\xb7\x50\x8c\xc2\
\x7c\xf9\xd8\x5e\x49\x15\x36\x6a\xe7\xd0\x40\x31\x09\xd3\xab\xdb\
\xdb\xad\xa8\x24\x00\x00\xdf\x70\x8e\x5d\x47\x34\x34\xfe\x5c\x1f\
\xc7\x4e\x93\xa9\xe0\x42\xb3\x1b\x2a\xcc\x69\x46\xea\x93\xc0\xa0\
\xbe\xc5\xe5\x7f\x4a\xe1\x0d\x6e\xd8\x6b\xd7\xdd\xd2\xff\x65\x52\
\x74\xb7\x44\x00\xd0\xd0\x40\x01\x80\x5d\xb3\xaa\xb7\xbf\x01\xec\
\x91\x3f\x4d\x3b\xba\x77\x87\xd4\xa1\x55\x52\xe1\xdc\x44\xdf\x54\
\xfa\xa2\xf9\x88\xe1\xce\x86\x63\x24\x56\xcc\xa4\x96\xb5\x5b\xf5\
\xb0\xd9\x4d\x60\x80\xc9\x0b\xa7\x34\x60\x69\x18\x00\xf0\x95\x65\
\xcb\x2c\x6b\xd1\x94\xd4\x8f\xf5\xa7\xd7\x6b\x65\x2a\xd0\xf4\x67\
\xf4\xa2\x35\x77\x36\xc4\x25\x02\x94\xdd\xec\x79\x0d\x47\xe9\x01\
\x7b\xed\x18\x4a\xd9\xd6\xa3\x52\x02\xec\xb1\xa5\x4b\x6d\x9b\xc8\
\x7e\xbd\x2e\x43\x7f\xef\x01\xe0\x3f\xd0\x40\x01\x80\x9d\xca\x75\
\x35\x1e\xcc\xc4\x27\x4a\x04\x03\x28\x22\x34\x0e\xb4\xda\x96\xfe\
\x4e\xfd\xef\x02\x17\x03\x46\xa9\xda\x5e\x49\xf8\x73\x37\x08\x93\
\x75\xaa\x94\x00\x00\xc6\x73\xde\x96\xbc\xea\xdc\xc6\xef\xe8\x83\
\xd7\xa5\x32\x15\x06\xc9\x43\x0e\x8c\xe0\x2d\x14\xa8\x18\x9c\x0b\
\x98\x4d\x45\x8a\x38\x77\x86\x7d\x12\x6f\xee\xfb\x17\x29\xfb\x7d\
\x12\x01\x42\x0f\x0d\x14\x00\xd8\x29\xb6\x22\xce\xc5\x65\xc4\x4d\
\x60\x80\xd1\x91\xa1\xc1\xdb\xa4\x0e\x3d\x56\x68\x26\x99\x84\x99\
\xcf\x5f\xd7\x3e\x3b\x21\xb1\x92\x9c\x3d\x70\xc0\x14\x4c\x67\x48\
\x05\x00\x60\xbc\x5c\x57\xea\xcb\xfa\xf3\xea\x4a\x89\xe1\x61\x71\
\xf0\x97\x2a\x03\xef\x30\x9d\x2e\x15\x98\x27\xf7\xf9\x9b\x1f\xd9\
\x20\x35\xc0\x5e\x8b\x37\xf7\xfd\x90\x48\xe1\x1e\x04\x80\x86\x06\
\x0a\x00\xec\x14\x13\x96\xef\x32\x89\x22\xf5\xb7\x89\x8b\xd6\x61\
\xf9\x22\x61\x53\x11\xfb\xa0\x98\x65\xf2\xf4\x29\xc9\xb3\xa5\xae\
\x18\xfd\x7b\x80\x06\x8a\x59\x5a\x76\x74\xce\x9d\x2b\x35\x00\x80\
\xb1\x0a\xdd\x99\xcf\xe8\xe1\x3d\x6e\x0a\x17\x45\xb8\xc1\x0d\x95\
\xe1\xac\x58\xa0\x87\x16\x37\x81\x81\xfe\xe5\x2e\xc5\x04\xb0\xef\
\x4a\x85\xfc\x5b\xf4\x27\xc9\xb3\x12\x01\x42\x0b\x0d\x14\x00\x78\
\x91\xdc\xaa\xf4\xcb\xf5\x90\x71\x13\x98\x80\x6d\x42\xc3\xe0\x39\
\xea\x5a\x1f\x79\x50\x0f\xeb\xdd\x04\x26\xa8\x46\xd3\x55\x29\x46\
\x03\xc5\x30\xb1\x48\xec\x7c\x29\x01\x00\x8c\x94\xcf\xa6\x3f\xaa\
\x3f\xa4\x3e\x26\x31\x74\xf4\xe7\xf3\x9c\xc1\x8e\x54\xa3\x44\x80\
\xb2\xb1\xc8\x72\x9a\x73\xfa\x47\x0c\xcc\x84\x07\x8f\x60\xfc\x6a\
\x17\xac\x7d\xca\x26\x7a\x9b\x44\x80\xd0\x42\x03\x05\x00\x5e\xc4\
\x8a\x56\x6d\x3f\x03\xd8\x33\xa5\x22\x8f\xde\x2a\x35\x68\xb6\x6d\
\x2b\x3d\x60\x19\x2f\x93\x30\x9d\x3c\xbc\x72\xf6\x0c\x49\x15\x51\
\xb2\x8b\xb8\x10\x34\x0c\x13\x5f\x20\x25\x00\x80\x71\x72\xd9\xd4\
\x7b\xf4\x71\xea\xb3\x12\x43\x2b\x1a\xb5\x70\xac\x86\xb2\x53\x16\
\x5f\x28\x25\x98\x48\x71\xaf\x54\x00\xe3\x92\x6c\xea\x75\x1e\xe6\
\xfc\xa9\x9b\x00\xc2\x09\x0d\x14\x00\x78\x9e\x8e\x0e\x2b\xa6\x87\
\x8b\xdd\x04\x46\x50\xea\x9e\xba\xe6\x47\x9e\x91\x04\x42\x95\xd0\
\x40\x31\x4c\xd4\xaa\x49\x5e\x22\x75\x45\xac\xb6\x1f\x79\x44\x0f\
\x05\x37\x81\x21\x5a\x86\xba\x33\x2f\x93\x1a\x00\xc0\x18\x85\x6c\
\xe6\xcd\x16\x59\x5f\x96\x18\x6a\x8c\x73\x7b\x28\xb3\xe1\x8e\xcc\
\x81\xfa\xe7\x6a\xb1\x44\x30\x90\x62\x85\x06\x0a\x94\x4d\x61\xfb\
\xd0\xbb\xf5\x80\x15\x20\x20\xb4\xd0\x40\x01\x80\xe7\x49\xc5\x1a\
\x5f\xa3\x87\xfd\xdd\x04\x26\xb0\xf1\xa6\xc5\x4e\xdd\xbe\xa6\xef\
\x1e\x3d\xa0\xb1\x64\x10\xe6\xca\x2e\xe3\xd5\xd6\x66\x8f\xea\x01\
\x17\x83\x86\x89\x92\x7a\xa3\x94\x00\x00\x46\xc8\x67\xd3\x4e\x43\
\xff\xbb\xfa\x0b\xcb\x0b\x39\x98\x1a\x87\xbb\x1a\x5b\x25\x01\x8c\
\x1b\x47\x95\xb3\x84\x67\xc4\x4d\x60\x22\xdb\xb6\xfb\xa4\x04\x18\
\xb7\x89\xc7\x3c\xb6\x85\x6c\x72\xce\xf9\x9d\x95\x20\x00\x42\x07\
\x0d\x14\x00\x78\x1e\x7d\x50\xc0\xf2\x5d\x66\x51\xc4\x25\x34\x50\
\x76\x62\xc9\x12\xbb\xa4\x94\xc2\xd2\x66\x66\x69\x19\xee\x6c\xac\
\xec\x66\xa2\x4a\x75\x49\x05\xa6\x60\xbe\xac\x77\xb9\x55\x23\x09\
\x00\xc0\x53\xb9\xae\xcc\xb9\x4c\x7c\x83\x2e\x71\xad\xfb\x1c\x11\
\x2b\x72\xa9\x94\x00\xe3\x66\x31\xe3\xe7\xc9\x6c\xc5\x8d\x5b\x47\
\xb0\xf4\x2d\x94\x55\xbc\xa5\xe7\xcf\xfa\xfa\xfb\x9b\x12\x01\x42\
\x05\x27\x95\x00\xf0\x5f\xdb\x57\xcc\x9a\x4a\xc4\x67\x48\x04\x33\
\x3c\x98\x6c\x1a\xc0\xab\xb2\xbb\xc0\x78\x3b\xc7\x38\x91\x88\x55\
\xd1\x26\xac\xcd\x8c\x06\x8a\x79\xf6\x3f\xbc\xa1\xf1\x4c\xa9\x01\
\x00\x3c\x53\xc8\xa6\x4e\xb5\x2c\xba\x49\x97\x51\x77\x06\x9e\xe3\
\x75\x68\x76\x43\x39\x0c\xad\x4a\x35\xeb\xe1\x28\x37\x81\x99\x54\
\xdf\xac\xc5\x6b\xf3\x12\x00\xca\x66\x4b\x71\xfb\x55\x7a\x58\xed\
\x26\x80\xf0\x40\x03\x05\x00\xfe\x2b\x5e\x57\xeb\x6c\x04\x18\x77\
\x13\x98\x40\xa1\x41\xb0\x5b\x3d\xc5\xfe\xbf\xea\x61\x8b\x9b\xc0\
\x0c\x7c\x69\x7b\xbb\x55\xb1\x1b\x57\x5c\xa2\x55\x52\x82\x41\xf4\
\x09\xe5\x3b\xa5\x04\x00\xf0\x44\xbe\x33\xb3\x58\x1f\x8d\x9c\x8d\
\x6e\x71\x2e\xbb\x73\x07\xcc\x9e\xdb\x70\x8e\xd4\x00\xfb\x2c\x12\
\xe1\xb7\x48\x09\xc6\xe2\x4e\x29\x00\xca\xea\xc0\xb6\xf5\xc3\x36\
\xd1\x15\xba\x2c\xba\x33\x00\xe1\x80\x06\x0a\x00\x3c\x47\x65\x9f\
\x1c\x87\xbd\xc7\xa3\x45\xe7\x46\x00\xec\x82\xbb\x27\x86\xba\x4d\
\x22\x98\x61\xfa\x91\x93\xe6\x9d\x2c\x75\xd9\x0d\x0d\xab\x0e\x3d\
\x94\xdc\x04\xe6\xe0\x57\x61\x7d\x7d\x00\xf0\x4a\xae\xbb\x61\x21\
\x47\xc8\x39\x1f\xa8\x75\x67\x60\xa7\xd8\xba\x52\x2a\x80\x7d\xf2\
\x64\xc7\xcc\x5a\xc6\xf2\x5d\xc6\x53\x8a\xd0\x40\x81\x8a\x49\x36\
\xf5\xac\x20\x45\xd7\x49\x04\x08\x05\x34\x50\x00\x60\xcc\x8e\x6c\
\xba\x41\x0f\x8b\xdc\x04\x86\xe8\x8a\xb7\x0d\x3c\x2a\x35\xec\x82\
\x4d\x84\x26\x93\x61\x22\x91\x88\xf3\x54\x52\x45\x4c\x3b\xba\x77\
\x87\x1e\xb0\xa6\xb3\x81\x22\x6c\xbd\x57\x4a\x00\x80\xaa\x71\x9a\
\xb7\x16\x47\xff\xa0\xcb\x09\xee\x0c\xec\x0a\x33\x9d\x38\xb8\xaa\
\x31\x25\x11\x60\xaf\x4d\x8d\x4c\xbc\x4c\x0f\x93\xdd\x04\xa6\x62\
\x35\xf6\xc0\x11\x40\xc5\x3c\xba\xba\xef\x53\x7a\xc0\xca\x00\x10\
\x1a\x68\xa0\x00\xc0\x98\x1a\xc5\x97\x4b\x09\x86\x50\x0a\x8d\x81\
\x3d\xf1\xcc\xe6\xfc\x9f\xf4\x30\xe8\x26\x30\xc4\x59\xdb\xba\x66\
\x57\xee\xe2\x5a\xa9\x87\xa4\x02\x93\x30\x5f\x94\xeb\x6a\x3c\x58\
\x12\x00\x40\xc5\x0d\x76\x36\xa4\x23\x56\xc4\x39\x0f\x98\xe2\xce\
\xc0\x4b\xe0\x68\x34\xf2\x01\xa9\x01\xf6\xca\xb2\x65\x96\x45\x16\
\xe3\xe7\xc7\x7c\xa5\xc1\x21\x7a\x58\x6a\x80\x8a\x48\x2f\xb1\x47\
\x8a\x8a\x9c\x15\x4c\xb0\xd7\x0e\x84\x02\x1a\x28\x00\xe0\x9e\x0c\
\x33\xa1\x81\x62\x98\x92\x1a\xc5\xfe\x27\x7b\x40\x36\x48\xfc\xbd\
\x9b\xc0\x10\x89\x04\x25\x2e\x90\xba\xfc\x58\x3d\x28\x15\x98\x25\
\x6e\x59\x91\x0f\x4b\x0d\x00\x50\x51\x85\x55\xf3\xe6\xc4\x22\xd1\
\xbf\xe8\x72\x7f\x77\x06\xf6\x04\x13\x5d\x36\xbc\x72\xf6\x0c\x89\
\x00\x7b\xec\xc3\xe7\x35\x9c\xa9\x87\x79\x6e\x02\x73\xa9\x5e\x79\
\x63\x1b\xa0\xa2\xea\x9a\x7b\xfe\xa9\x48\x7d\x42\x22\x40\xa0\xb1\
\x52\x4a\x4a\x08\xa2\x7c\x36\xf3\x7d\x7d\x92\xfc\x66\x89\xe0\xbd\
\x7f\xc6\x9b\x7a\x9a\xa4\x36\x46\xa1\x3b\x7d\x3c\x31\x3b\x9b\x71\
\x83\x51\xd4\x63\x52\xc0\x4b\xe2\x49\xfa\x2f\x78\xfa\xd4\x2c\xf7\
\xea\xe3\xdd\xb1\x52\x97\xd5\xd0\xaa\x54\x73\x34\x6a\x75\x49\x04\
\xb3\xe4\x4a\xa3\x74\x44\x6d\x5b\xcf\x93\x92\x01\xc6\xe4\xbb\xd2\
\x97\xb2\x45\x73\x25\x82\x49\x94\xba\x3b\xde\xdc\xe7\xab\xf3\xc0\
\x7c\xc7\x9c\x43\x39\x16\xbf\x5b\x97\xb3\xdc\x19\xd8\x3b\xea\x9a\
\x78\x53\xef\x47\x25\x00\xec\x91\x42\x36\x73\x8f\x1e\x8e\x71\x13\
\x98\x4a\x11\xfd\x20\xd1\xd4\x53\xd6\xfd\x8e\xf4\x9f\xfd\xa8\x1e\
\xa2\x6e\x02\xaf\x29\x45\x1f\x48\x34\xf7\x7c\x49\xa2\xa7\x9c\x87\
\x71\xaf\x3e\x37\xf5\x37\x62\x3a\x4e\xa6\x00\x02\xc3\xb6\x4b\x0b\
\x93\x2d\xfd\x63\x0f\x6f\xa2\x81\x12\x70\x68\xa0\x18\xc7\xd4\x06\
\xca\x8f\x89\xb9\x62\x7b\x16\x00\x40\x28\x29\x2a\x8e\xce\x8b\xcf\
\x5f\xbd\x46\x72\xd9\x8c\x9d\xa8\x9f\x97\xda\xa4\x4b\xac\xc1\x6d\
\x22\xa5\xbe\x1c\x6f\xee\x7d\xbf\x24\x00\x7d\x9e\x91\x3a\x9c\xd8\
\x72\xf6\x2e\xaa\x71\x67\xc0\x24\xca\xb6\x2f\x4c\xb4\xf4\xfd\x4a\
\xa2\xf1\x86\x3b\x32\x07\x5a\x31\x6a\xd7\xd7\x38\x68\xc8\xed\xbb\
\x1d\xa3\xa3\xf6\xec\xfa\xb6\xbe\x67\x25\x03\xec\x56\xa1\x2b\x73\
\x12\x59\xe4\x2c\x97\x07\xe6\xbb\x32\xde\xd4\xf3\x03\xa9\xcb\x02\
\x0d\x14\xb3\x98\xd4\x40\x71\x14\x56\x36\xce\xa6\x78\xa4\x53\x97\
\xd8\x8b\x0c\x02\xe5\xb9\x0d\x14\x2c\xe1\x05\x10\x72\x4f\x77\x1f\
\x54\x47\xcc\xaf\x95\x08\x00\x50\x2e\x4c\xd1\x68\x45\x96\x06\x5c\
\xba\xd4\xb6\xf5\x85\xc3\xfd\x12\xc1\x34\xcc\xff\x53\xe8\x4a\x1f\
\x26\x09\x40\xff\x4c\x58\xcb\xf4\x5f\xd1\x3c\x31\x94\x52\xec\x3c\
\x55\xee\x0b\x83\x1d\xa9\xfd\x22\x31\xfa\x33\x9a\x27\xe3\x36\x21\
\x16\xb5\x3e\x24\x35\xc0\x4b\x63\xe5\x1c\xc7\xc1\x07\x46\x47\x6d\
\xdf\x1c\xd3\x21\x18\xe2\x0b\xfa\xd7\xea\x01\xfb\x23\x41\xa0\xa1\
\x81\x02\x10\x72\x93\x68\xca\x79\x7a\xa8\x77\x13\x00\x40\xf9\x28\
\xe2\xcb\x2d\xcb\x62\x89\xe5\xc5\x0a\x17\x87\xe6\x4a\xe8\x33\xcc\
\xcf\x49\x0d\x21\x37\xdc\xdd\x30\x5f\x0f\x97\xba\x09\x4c\xa3\x88\
\xd6\x24\x5b\x7b\x37\x48\x34\xda\xb6\xae\xd9\x93\x63\x31\xeb\x8f\
\xba\xcc\xb8\x33\x30\x2e\x4c\xef\x18\x7a\x60\xce\x74\x49\x00\xbb\
\x34\xdc\xd9\x78\x1a\x31\xbf\x42\x22\x98\xed\xe9\x89\x0b\x06\x06\
\xa4\x06\xa8\x9a\x64\x4b\x9f\xf3\xd6\x13\xf6\x25\x85\xc0\x42\x03\
\x05\x00\x5e\x27\x23\x00\x40\x59\x31\xd1\xe1\xc3\x5d\xa9\x57\x4a\
\x2c\xaf\x12\xfd\x5d\x2a\x30\x12\x5f\x94\xeb\x6a\x3c\x4a\x02\x84\
\x58\x84\x23\xce\x12\x13\xb8\xe6\x30\x57\xbb\x8c\x46\xdb\xd8\x3e\
\xa3\x3e\x61\x25\x9c\x1b\x33\x6d\xee\x0c\x94\x41\x5d\xa4\x36\xbe\
\x54\x6a\x80\x9d\x5a\xbe\xdc\x8a\x44\xac\xc8\x35\x12\xc1\x74\x8a\
\xfe\x61\xdb\x36\xd6\xe9\x87\xaa\x73\x7e\xee\x4a\xa3\xe4\xec\xbd\
\xe3\x2c\xb3\x0c\x10\x38\xb8\x98\x01\x08\xb1\x5c\xb6\x61\x26\x33\
\x9d\x20\x11\x00\xa0\x12\x2a\xd2\xa4\x7d\x60\xdb\xd8\x5a\xa4\xdb\
\xdd\x04\x06\x62\xcb\x8a\x7c\xd5\xd9\xaf\x46\x32\x84\x50\xbe\x2b\
\x75\xbe\xfe\x51\x78\x95\x44\x30\x92\x32\x7e\xf3\xf8\xf5\x2b\x66\
\x25\x27\x4c\x9d\xf6\x5b\xfd\xb3\x74\xb4\x4c\x41\x99\x30\xd1\x5b\
\x86\xb2\x69\xe3\xf6\x67\x04\x73\x9c\x39\xaf\xf1\x4a\xfd\x83\xd2\
\x2c\x11\x0c\x67\x93\xba\x5b\x4a\x80\xaa\xab\x6d\xeb\x79\x52\xd9\
\xf6\xff\x48\x04\x08\x14\x5c\xd4\x02\x84\x18\xab\xe8\x65\x7a\xc0\
\x71\x00\x00\x2a\x86\x89\xce\x7f\xb2\x63\x66\xad\xc4\xb2\x59\xbc\
\xd8\x2e\xea\xe1\x1f\x6e\x02\x43\x2d\xba\xfa\xdc\x46\xe7\x49\x34\
\x08\xa1\x4d\xf7\xa5\x27\xb0\x65\x19\xb3\xc1\x29\xec\x94\xb2\x0b\
\xf9\xb2\x37\x50\x72\x5d\xa9\x23\x07\x57\x35\xa6\x24\x8e\x4b\xef\
\x72\xab\x66\xff\xda\xfa\xe5\xfa\xb3\x04\x0f\xfc\x54\x46\x24\x42\
\xfc\x65\xa9\x01\x9e\xc7\x59\x36\x8f\x98\x3f\x25\x11\x7c\xc0\x66\
\xbc\xa1\x0d\xde\x4a\xb4\xf4\xfd\x9a\x14\xfd\x5c\x22\x40\x60\xe0\
\xc6\x69\xc0\xb1\x52\x51\x29\x01\x5e\x84\x19\xcb\x77\x01\x40\xc5\
\x4d\x9c\x12\x9b\x78\xb6\xd4\x65\xa5\x6c\xba\x4b\x4a\x30\x15\xf3\
\x35\x43\xdd\x73\x0f\x90\x04\x21\x52\x5f\x3f\x76\xd3\x6d\xa6\x9b\
\xc0\x50\x3d\xb5\x0b\xd6\x3e\x25\x75\xd9\x58\xa3\x6a\x53\x2c\x62\
\x1d\x2a\x71\x9f\xb5\xb7\x5b\xd1\x23\x1a\x1a\x7f\x4e\x4c\xa7\xc9\
\x14\x54\x00\x13\x9d\x98\xcb\xa6\x5f\x2b\x11\xe0\xbf\x12\x56\xd2\
\xd9\x38\x7e\x7f\x37\x81\x0f\x3c\x39\xa1\xa5\xff\x9f\x52\x03\x78\
\xa6\xb0\x63\xe8\x9d\x7a\x58\xef\x26\x80\x60\x40\x03\x25\xf0\xb8\
\x46\x0a\x30\x82\x32\x66\x3d\x52\xe7\xe9\x40\x3d\x94\xe5\xe9\x40\
\x00\x80\xdd\xe3\x8a\x34\x6b\x4b\x34\xfa\x27\x29\xc1\x5c\x53\xa2\
\x1c\xfb\xaa\xd4\x10\x12\xb9\xee\x86\x85\xc4\xf4\x2e\x89\x60\x2c\
\xe5\x6c\xc8\x5e\x76\xf1\x05\xfd\x6b\x49\xd1\xb8\x36\x31\x76\x96\
\xff\x5b\x34\x35\xf5\x23\xfd\xf9\x81\x1b\xfb\x55\x60\x11\x7d\x6d\
\xec\x6d\x03\x00\x21\xfb\x98\xbd\xc3\x4d\xe0\x13\x7f\xc1\xfe\x27\
\x60\x82\x89\xc7\x3c\xb6\x85\x6c\xf5\x26\x5d\xe2\xe7\x11\x02\x03\
\x0d\x94\xa0\x63\xaa\x97\x0a\x8c\xc0\xb6\x14\x9e\x63\xae\xcc\x0d\
\x4d\x00\x80\x17\x62\xa2\x93\x86\x3b\x32\x07\x4a\x2c\x9b\xba\x96\
\xd5\x3d\x7a\x78\xdc\x4d\x60\x2e\xbe\x28\xdf\x95\xba\x40\x02\x04\
\xdc\xba\xf6\xd9\x09\x8b\xa3\x3f\xd4\x65\xc4\x9d\x01\x63\x95\xec\
\x3b\xa5\x2a\xbb\x78\x4b\xef\x63\x52\xee\x35\xcb\xb2\xf8\xaa\xf3\
\x52\xdf\xd2\xe5\xe5\xee\x0c\x54\x1e\x1f\x14\xe7\xc4\x75\x12\x20\
\xe4\x3a\x3a\xac\x98\xc5\x91\xef\xeb\x12\xc7\x71\x1f\x51\x8a\xfe\
\x2c\x25\x80\xe7\xf4\x79\xc0\x9f\xf4\xcf\xe4\xb7\x25\x02\xf8\x1e\
\x1a\x28\x41\xa7\x08\x4f\x12\x99\xc5\x88\x06\x8a\xb3\x9e\x34\x33\
\x5d\x24\x11\x00\xa0\xd2\x22\x56\x4c\x5d\x2a\x75\x59\x29\xa2\x3b\
\xa4\x04\x83\xb1\x65\x7d\x3b\xd7\x99\x3e\x48\x22\x04\xd8\x8c\x29\
\xc9\x6b\xf4\x90\x71\x13\x18\x6c\xf0\x89\xa7\x94\x91\xfb\x48\xe5\
\xba\x1a\xbf\xc0\x44\x6f\x95\x08\x55\xc2\xcc\x57\xe6\x3b\x33\x8b\
\x25\x42\x88\xa5\x63\x8d\x1f\x26\x6c\x1c\xef\x37\xb6\x3d\x92\x43\
\x03\x05\x8c\xb2\x8d\xb6\x7c\x58\x5f\xab\x3d\x22\x11\xc0\xd7\xd0\
\x40\x09\x3a\x56\xd3\xa5\x02\x33\x94\x64\xf4\xd4\xe1\x73\x1b\x4e\
\xd3\x3f\x1c\xfb\x49\x04\x00\xa8\x38\x26\xbe\x42\xca\xb2\x52\x4a\
\xa1\x81\xe2\x0f\x53\x39\xc2\x3f\x72\x96\xe5\x91\x0c\x01\x54\xe8\
\x4a\x9f\xac\x7f\xd9\xdf\x23\x11\x4c\xa6\xe8\xae\x39\xa7\x0e\x14\
\x24\x19\xa3\xd0\x9d\xf9\xb4\xfe\xc4\x78\xbf\x44\xa8\x2e\xe6\x08\
\xdd\x80\xa5\xbc\xc2\x2d\xd7\x99\x5e\xa0\xcf\xd9\x3e\x29\x11\xfc\
\xe3\xe1\x4a\xec\x69\x05\x30\x1e\xd3\x9b\x37\x0c\x51\x91\x9c\x6b\
\x40\x23\xee\x83\x01\x8c\x07\x2e\x62\x03\x8f\xf1\xb4\xa7\x49\x94\
\x1a\x95\xca\x53\x96\x65\x61\xf9\x2e\x00\xa8\xb6\x97\x0d\x77\x37\
\xcc\x97\xba\x6c\xb6\xd3\xd6\xbf\xea\x21\xe7\x26\x30\x19\x13\x9d\
\x72\xd5\x79\xa9\x8f\x4a\x84\x80\x19\x7b\xc3\xc8\xe2\x1b\x75\xa9\
\xff\xa8\xc1\x7c\xf6\xef\xa4\x30\x46\xbe\x3b\xfd\x11\xfd\xd3\xf3\
\x71\x89\xe0\x8d\x59\x09\x2b\x81\x25\x57\x42\x6a\x63\xfb\x8c\x7a\
\x2b\xc2\x3f\xd3\x25\xf6\x51\xf5\x19\xa5\xe8\x36\x29\x01\x8c\x92\
\x98\xdf\x73\xbf\x1e\xb0\x44\x24\xf8\x1e\x1a\x28\x01\x36\xd8\x91\
\x72\xde\x30\x98\xe0\x26\x30\x02\x93\xe7\x4f\xfa\xed\x78\x28\x33\
\x4d\x0f\xa7\xbb\x09\x00\xa0\x7a\x22\x14\x2d\x7b\xf3\x76\xec\xc9\
\x26\xc2\x9a\xcf\x7e\xc1\x44\xff\x5b\xc8\x36\x9e\x28\x11\x02\x62\
\x6c\xbd\x7c\x8b\x6f\xd2\xe5\x01\xee\x0c\x18\xce\x2e\x52\xf1\x76\
\xa9\x8d\x90\xeb\x4e\xbf\x9b\x99\x3f\x27\x11\x3c\xc5\x17\xe5\xb3\
\x99\x8a\xbc\x35\x0a\x66\x9b\x30\x75\xda\x57\xf4\x30\xcf\x4d\xe0\
\x27\xb6\x61\xc7\x74\x80\xe7\x7a\x74\xa0\x6f\x99\x1e\x3a\xdd\x04\
\xe0\x4f\x68\xa0\x04\x58\xd4\x62\x9c\xfc\x18\x46\x11\x7b\xde\x40\
\xa9\x49\x8c\xed\x7d\x82\xa7\x8a\x00\xa0\xfa\x98\x2e\x71\x6e\xb4\
\x4a\x2a\x1f\x5b\xdd\x22\x15\x98\x2f\xa2\xff\xef\xe7\xf9\x8e\x39\
\x87\x4a\x86\x00\x48\xc7\x52\x5f\xd4\xbf\xdf\xc7\x49\x04\xf3\xdd\
\x5f\xd7\xfc\xc8\x33\x52\x7b\xae\x90\xcd\xbc\xd9\x62\x76\x6e\xdc\
\x82\x21\x98\xe8\x9b\x43\xab\x52\xd8\x03\x23\x44\x0a\xdd\xa9\x37\
\xea\x3f\xf7\x37\x49\x04\x3f\x51\xf4\x44\x7d\xeb\x23\xb8\x39\x0d\
\xc6\x4a\x2f\xb1\x47\x8a\xa4\x9c\x07\xe9\x8c\x5b\x3a\x14\x60\x4f\
\xa1\x81\x12\x60\x6c\x51\x93\x94\x60\x08\x56\x94\x97\xd2\x4b\x58\
\xbe\x0b\x00\xbc\x72\x40\x2a\xda\x78\xaa\xd4\x65\x33\x5a\x52\xce\
\x53\x77\x45\x37\x81\x0f\x1c\xc0\xb1\xf8\xef\x36\xdd\x97\xc6\x5b\
\xb2\x01\x20\x37\xdd\xde\x25\x11\x7c\x40\x29\xba\x59\x4a\xcf\xe5\
\xb3\xe9\x4b\xf4\xf0\x5d\xfd\x85\xa5\xdf\xcc\x52\x17\x89\x5a\xb7\
\x6c\x5f\x31\x6b\xaa\x64\x08\xb0\x5c\x57\xea\x48\x62\xeb\x9b\x12\
\xc1\x6f\x98\x6e\xb1\x6d\x5b\x49\x02\x30\x52\x5d\x53\x6f\x56\xff\
\x90\x62\x7f\x25\xf0\x2d\x34\x50\x02\x4c\x1f\x9c\xda\xa4\x04\x53\
\xb0\x1a\x96\xca\x13\x83\x1d\xa9\x46\x3d\x1c\xe5\x26\x00\x80\xea\
\xb3\x88\xcb\xde\xc4\xad\x6f\xeb\x7b\x56\x7f\xe6\xdd\x2d\x11\xfc\
\xa1\xa5\x7e\x02\xdf\xb4\x7c\xb9\x15\x91\x0c\x3e\x34\xb6\x1c\x1b\
\x5b\xdf\x91\x08\xfe\xa0\xa8\x58\x58\x2e\xb5\xa7\x72\x5d\xa9\x73\
\x98\xf8\x06\x5d\xe2\x9a\xd4\x40\x4c\x34\xbb\xa6\xae\xfe\x67\x38\
\x4e\x07\xdb\x50\xf7\xdc\x03\x2c\xb6\x7e\xa3\xcb\x84\x3b\x03\x7e\
\xa3\xcf\x81\x9d\x3f\x3f\x00\xe3\xdd\x3e\xd0\xf7\x45\x3d\xdc\xe3\
\x26\x00\x7f\xc1\xc9\x6a\x80\x31\xf3\xd1\x52\x82\x21\x94\xa2\x41\
\x29\x3d\x11\x8b\x95\xff\xc6\x25\x00\xc0\x5e\x61\x3a\x73\xfb\xbd\
\x87\x4d\x91\x54\x36\x4c\xf4\x0b\x29\xc1\x3f\x4e\x3f\x63\x5e\xe3\
\x57\xa5\x06\x9f\x19\xca\xa6\x9b\x88\x22\xce\x8d\xf8\xf2\x2f\xcb\
\x07\x95\xf4\x40\xa2\x6d\xcd\xe3\x52\x7b\xa6\xd0\x9d\x3e\xc5\xb2\
\x2c\xe7\xb8\x1d\x75\x67\xc0\x44\xfa\xb3\xf5\x54\x7d\x9c\xc6\xf2\
\x6a\x01\xf5\x64\xc7\xcc\xda\x28\xd7\xfc\x4e\xff\x41\x1f\x22\x53\
\xe0\x3f\x4f\x5d\x77\x73\x1f\x6e\x48\x83\x2f\x2c\x59\x62\x97\xa8\
\x50\x72\xf6\xd8\xf2\xf4\xbe\x18\xc0\xbe\x40\x03\x25\xa0\x64\x03\
\xf9\x8c\x9b\xc0\x14\xcc\xb4\x43\xca\xaa\x5b\xb6\xcc\xb2\x48\xf1\
\x65\x12\x01\x00\xbc\x12\x8f\x4f\xa8\xbd\x50\xea\xb2\x19\xc9\x8f\
\x2d\x49\x33\xea\x26\xf0\x0b\x66\x7e\x47\xa1\x3b\xfd\x29\x89\xe0\
\x13\x85\xee\xd4\xe1\x51\xa2\x3b\x75\x39\xd9\x9d\x01\xbf\x50\x36\
\xfd\x4a\x4a\xcf\xe4\x3b\x33\x8b\xf5\x2f\xbf\x73\xcc\x8e\xbb\x33\
\x60\x32\x7d\x9c\x7e\x67\x3e\x9b\xfe\x90\x44\x08\x08\xe7\xcd\xa2\
\xa9\xd1\x49\x3f\xd7\xe5\x42\x77\x06\xfc\xc8\x59\x92\x71\xe9\x52\
\xdb\x96\x08\x60\xbc\xf8\x82\xfe\xb5\x64\xab\x0f\x48\x04\xf0\x0d\
\x34\x50\x02\x2a\x1a\xe1\x53\xf4\x80\xb5\x84\xcd\xe3\x59\xa7\xfd\
\xea\xf3\xe6\x1d\x8f\xa7\x8b\x00\xc0\x10\x65\x7f\x1b\x6e\xc2\x91\
\x3d\x9b\x48\xd1\x9f\x25\x82\x9f\x30\x7f\x22\xdf\x9d\xc6\x85\x94\
\x4f\xe4\xb2\x0d\x33\x15\x5b\xfa\x77\x8d\x0f\x92\x29\xf0\x8f\x92\
\x52\xea\x97\x52\x7b\x22\xd7\xdd\xb0\x90\x23\x74\x9b\x2e\x6b\xdd\
\x19\xf0\x03\x26\xbe\x2e\x9f\x4d\x5f\x2c\x11\x02\xe0\x8c\x79\xa9\
\xaf\xe9\x3f\xd8\xb3\x25\x82\x6f\xd9\x37\x49\x01\xe0\x1b\xc9\xf9\
\xfd\xdf\xd7\xd7\x6d\x77\x48\x04\xf0\x05\x34\x50\x02\x8a\x2d\x3e\
\x53\x4a\x30\x88\xb2\x79\xab\x94\x1e\xb0\xb0\x7c\x17\x00\x98\x81\
\x79\xd1\x8e\xce\xb9\x73\x25\x95\x8d\xc2\x45\xa4\x6f\x31\xf3\xff\
\xe5\xba\xd3\xd8\x88\xdc\x70\xb9\xae\xc6\x83\x99\xa2\x7f\x63\xa2\
\x23\x64\x0a\x7c\x44\x29\xfa\x5b\xb2\xb5\x77\x83\xc4\xaa\x1b\xee\
\x6a\x6c\xb5\x38\xfa\x07\x5d\x4e\x70\x67\xc0\x47\xd8\xd9\xaf\x26\
\x97\x4d\xe1\x86\x7b\x00\x14\xb2\xe9\x6b\xf4\x1f\xe8\xdb\x25\x82\
\x6f\xa9\xc7\x6a\x5b\x07\xee\x95\x00\xe0\x1b\xb6\x6d\xab\x52\x91\
\xde\xac\xcb\x4d\xee\x0c\x80\xf9\xd0\x40\x09\xa0\x8d\xed\x33\xea\
\xf5\x70\x86\x9b\xc0\x28\x16\x6d\x96\xaa\xaa\xdc\x9f\x09\x3e\x4f\
\x22\x00\x80\xd7\xb8\xc6\xaa\x29\x7b\x53\x77\x1b\x6d\xbb\x45\x0f\
\x9e\x2d\x95\x08\xe3\xc2\x16\xf3\xd7\xf2\xdd\x99\xab\x25\x83\x61\
\x0a\x5d\xe9\xc3\xd8\x8a\xb4\x33\xd1\x1c\x99\x02\x9f\x61\xa5\x7e\
\x26\x65\xd5\x0d\xae\x6a\x4c\x45\xac\xc8\x1f\x75\x59\xf6\x3d\xb0\
\xa0\x6a\x62\x16\x59\xbf\x1c\xce\xa6\x5e\x23\x19\x7c\xa8\x90\x4d\
\xff\xaf\x3e\x1a\xe0\xb3\x36\x18\x6e\x72\x6e\x44\x4b\x0d\xe0\x2b\
\xb5\x6d\x3d\x4f\x2a\x45\xef\x90\x08\x60\x3c\x34\x50\x02\x68\xc2\
\xd4\x69\xce\x8d\xf2\x3a\x37\x81\x49\x14\xa9\x2d\x52\x56\x95\xfc\
\x4c\x38\x8d\x35\x00\x00\x33\x30\x5d\x3e\xb6\x37\x53\x19\x4d\x6f\
\xde\x30\xa4\xaf\x22\x9d\x4d\xad\xc1\xa7\x98\xe9\x9a\x42\x77\xe6\
\xd3\x96\x65\x61\x19\x52\x83\x38\x37\xbf\xc9\xe2\x7f\xe0\xcd\x13\
\x5f\x1b\x1c\x1c\xa2\xdf\x48\x5d\x75\xb1\x08\x1f\xad\x87\x03\xdc\
\x04\x3e\x16\x8f\x90\xf5\x9b\x42\x36\x75\xaa\x64\xf0\x91\x7c\x36\
\xf3\x71\xfd\x49\xbb\x54\x22\xf8\x5c\xd1\x2e\x7a\xd6\x14\x07\x28\
\x87\x44\x73\xcf\x2f\x89\x14\x56\x10\x00\x5f\x40\x03\x25\x80\x58\
\xa9\xb7\x49\x09\x86\x61\x5b\x79\xf5\x8a\xe2\x15\x32\x02\x00\x98\
\x62\xd6\xd5\xe7\x34\x1e\x27\x75\xf9\x94\xe8\x06\xa9\xc0\xaf\x98\
\x3e\x3e\xdc\x95\xfa\x61\x47\x87\x15\x93\x19\xf0\x50\xbe\x3b\x75\
\x6c\x2c\x1a\xb9\x47\x97\x33\xdd\x19\xf0\x25\xa5\x96\x4f\x3b\xba\
\xd7\xb3\x37\xf4\x06\x07\xd9\xd9\xbc\x7e\xc8\x4d\xe0\x73\x49\x22\
\xeb\xb7\xf9\xee\xcc\x85\x92\xc1\x70\xce\x43\x09\x85\xee\xf4\x97\
\x98\xe8\xd3\x32\x05\xfe\xf7\x60\x5d\xcb\xea\x1e\xa9\x01\x7c\xab\
\x30\x34\xf4\x4e\x7d\x92\xe2\xd9\xf2\xa2\x00\x7b\x0a\x0d\x94\x80\
\xc9\x65\x33\x8b\x88\xf9\x15\x12\xc1\x30\xa3\xaa\xf8\x8c\x94\x55\
\x93\xef\x98\x73\xa8\x3e\x59\x7e\x95\x44\x00\x00\x63\x28\x8b\xcb\
\xbe\x8c\x57\x6d\x5b\xdf\xdd\x8a\xe8\x51\x89\xe0\x53\xfa\x73\xeb\
\x0d\xe9\x58\xea\xce\x6d\x5d\xb3\x27\xcb\x14\x78\xc0\xd9\x34\x9a\
\xc7\x36\x8c\xa7\xa9\xee\x0c\xf8\x95\x62\xbe\x5e\x4a\x4f\xb8\xcd\
\x1b\xe5\xd9\x1b\x30\x50\x76\x35\xcc\xf4\xf3\x42\x36\xf5\x3f\x92\
\xc1\x50\xed\xed\x56\x34\xd7\xd9\x78\x3d\x31\xbf\x4f\xa6\x20\x08\
\x6c\xf5\x43\xa9\x00\x7c\x6d\xe2\xa2\x75\x9b\xf5\xf9\xc1\x9b\x74\
\x89\xe5\xe8\xc0\x68\x68\xa0\x04\x8c\xfe\x03\xfd\x88\x94\x60\xa0\
\xd1\x11\xeb\x69\x29\xab\x27\x56\x73\x99\xfe\x2b\x7e\xd7\x01\xc0\
\x38\x4c\xb4\xe4\xc9\x8e\x99\xb5\x12\xcb\x62\x6c\x2d\x68\x45\xdf\
\x97\x08\x3e\xa6\x7f\x3e\x4e\x48\x70\xf2\xfe\xb1\xe5\xa3\xa0\xaa\
\x9c\xe5\xf5\x0a\xd9\xcc\x67\x99\xd8\x59\x1e\x24\xe1\xce\x82\x8f\
\xad\xae\x6d\xe9\xfb\x87\xd4\x9e\x51\xc4\xb8\xe1\x17\x2c\xfa\xfa\
\xc2\xfa\x96\xb3\x21\x79\xb9\x97\xe4\x84\xf2\xd8\xda\x31\x67\xd2\
\xc2\xa9\xa9\xdb\x88\x19\xab\x11\x04\xcb\x70\xae\x34\xf2\x4b\xa9\
\x01\x7c\x2f\xde\xd4\x77\xa7\x22\xfa\x8e\x44\x00\x23\xe1\x44\x27\
\x40\xc6\xde\x3e\x21\x3a\xd3\x4d\x60\xa0\xdc\xd4\xa3\x06\xb6\x4b\
\x5d\x35\xac\xf8\x72\x29\x01\x00\x4c\x33\x61\x4a\x64\xe2\xb9\x52\
\x97\x4d\x89\x46\x9c\x27\xad\x47\xdc\x04\xbe\xc6\xd4\x18\x8b\x46\
\x1e\xc8\x77\xa5\xce\x97\x19\xa8\xb0\x1d\x0f\x65\xa6\x5d\x75\x5e\
\xea\xf7\xba\xfc\xa8\xfe\xe2\xb1\x49\xf0\x35\xa5\xd4\xf7\x4c\xd8\
\x68\x78\xac\x89\xa3\xa8\x5f\x22\x04\x06\x5f\x7d\xf5\xb9\xa9\x9b\
\x37\xb6\xcf\xc0\x7e\x8b\x06\x29\xac\x9a\x37\x27\x19\x8b\xdf\xaf\
\x0f\xe2\xd8\xaf\x26\x68\x94\xfa\xf5\xe4\xb6\x35\xdb\x24\x01\x04\
\xc2\x36\xb5\xe5\x43\xfa\x44\x65\x8d\x44\x00\xe3\xa0\x81\x12\x10\
\xce\xba\xa6\x16\xa9\x2f\xea\x12\x17\xba\x86\xd2\x1f\x06\x4f\x4a\
\x59\x35\xb9\xee\x86\x85\xce\xcd\x27\x89\x00\x00\xe6\xb1\xa8\xec\
\xcb\x78\xd5\x35\x3f\xe2\x2c\x97\x78\xab\x9b\x20\x00\x26\xb0\x65\
\xfd\xb2\xd0\x9d\xf9\xf2\xba\xf6\xd9\x78\x1b\xa2\x82\xf2\x9d\xe9\
\xa3\x6b\x12\xd4\x81\x1b\x6e\x81\x92\x1f\x2d\xf0\x8f\xa5\xf6\x94\
\xd3\xc4\x51\x8a\xbe\x27\x11\x82\x84\xe9\xec\x89\x53\xa7\xdd\x53\
\xe8\x68\x38\x42\x66\xc0\x43\x85\xae\xcc\x49\x14\x8d\xad\xd0\x25\
\xde\xe0\x0c\x20\x9b\x19\x4f\xea\x43\xe0\x4c\x6f\xde\x30\x44\x25\
\xe5\xbc\x2d\x57\x72\x67\x00\xcc\x82\x06\x4a\x40\xe4\x3a\x1b\xde\
\xa8\xcf\x5c\x8f\x96\x08\x06\x62\x45\xeb\xa5\xac\x1a\xa6\x68\xd9\
\x6f\x4c\x02\x00\x94\x13\x13\x9f\x98\xeb\x6a\x3c\x58\x62\xf9\x28\
\x85\x8b\xcb\x60\xd1\x3f\x2a\xf4\xde\x19\x53\x93\x0f\x0d\x77\x37\
\xcc\x97\x39\x28\x13\x67\x8d\xfc\x42\x36\xbd\x8c\x23\xdc\xae\xe3\
\xa1\xee\x2c\x04\xc4\xf2\x09\x47\xf6\x6c\x92\xda\x73\xa3\x23\xf4\
\x13\x3d\xe4\xdc\x04\x01\xd3\x42\xb1\xe8\xc3\x78\x63\xd0\x3b\xcb\
\x97\x5b\x91\x42\x77\xe6\xd3\x64\xd1\x9d\x3a\x4e\x73\x67\x21\x60\
\x3a\x92\x4d\x3d\x4e\x73\x0c\x20\x70\x12\xad\xbd\xf7\xe9\x8b\xb8\
\xff\x93\x08\x60\x14\xe3\x1b\x28\xb9\x6c\xea\x3d\xf9\xee\xcc\x37\
\xf1\x4a\xf0\xae\xe5\x57\xce\x3b\x84\xd8\xfa\x82\x44\x30\xd7\x13\
\x32\x56\xc5\x9a\x3b\x1b\xe2\xcc\x74\xa1\x44\x00\x00\x53\x45\xd8\
\x8a\x5c\x2a\x75\xd9\xc4\x9b\x7b\xff\xa6\x4f\xc0\xb3\x12\x21\x38\
\x5e\x16\xe1\xe8\x8a\x7c\x36\xfd\xb1\x8e\x0e\x2b\x26\x73\x30\x0e\
\xc3\x5d\x8d\xad\x8b\xa6\xa6\x1e\x24\xe2\x4f\xea\x18\x75\x67\x21\
\x28\x6c\xbb\xf4\x75\x29\x8d\xe0\x34\x73\x14\xd1\x4d\x12\x21\x78\
\x26\xb1\x65\xfd\xca\xb9\x7e\x5f\xbf\x62\x56\x52\xe6\xa0\x0a\x9c\
\x87\x51\xce\x9c\xd7\x78\x17\x31\x7d\x5c\x47\x3c\x28\x1b\x54\xca\
\xfe\xa6\x54\x00\x81\xf4\xe8\x40\xff\x52\x3d\x74\xb9\x09\xc0\x1c\
\x46\x7f\xb0\x6e\x7e\xb0\x61\xa2\x45\xfc\x71\x66\x7a\xfb\x84\xa9\
\xd3\xba\x0b\xdd\xe9\x53\xe4\x5b\x20\x9c\xa7\x4c\x38\x1e\x75\x9e\
\xe4\x9a\xec\xce\x80\xb9\x54\x55\xdf\x40\x39\xf8\xa0\xe8\xe9\x7a\
\xc0\x93\x47\x00\x60\x3c\xa6\xf2\x2f\xe3\xe5\xe2\xaf\x49\x01\xc1\
\x52\xc3\xc4\x9f\xc9\xc4\x52\xab\xf2\xd9\xc6\x57\xca\x1c\xec\xa5\
\x27\x3b\x66\xd6\x16\xb2\xe9\xcf\x45\xac\xc8\x83\x3a\xe2\xad\x9e\
\x20\x52\xea\xfe\x64\x4b\xbf\xf3\xe7\x6b\x14\xd3\x9a\x3a\x50\x7e\
\xce\xf5\xfb\xfe\xb5\xf5\x1d\xb2\x47\x27\x54\x58\x3e\x9b\x79\x9d\
\x65\x45\xb2\xfa\x5f\xfc\x62\x99\x82\x60\xda\xbc\x71\x78\x18\x0d\
\x68\x08\xb4\xf4\x12\x7b\xa4\x58\xb4\x9d\x6b\xc3\x82\x3b\x03\x60\
\x06\xa3\x1b\x28\x75\xc9\xc8\x07\xf4\xe9\xd7\x7e\x4e\xcd\x44\x87\
\xeb\x13\x82\x3b\x0b\xd9\xcc\x8d\x43\x0f\xcc\x99\x3e\xf6\x37\x00\
\x9d\x39\x2f\x75\x8d\xfe\xb7\xf3\x2a\x89\x60\xb6\x7f\xc9\x58\x15\
\xfa\x97\x1b\xcb\x77\x01\x80\x5f\x64\x72\xab\xd2\x2f\x97\xba\x6c\
\x36\x0e\x0d\xfe\x8c\x48\x3d\x2b\x11\x82\x27\xc3\x14\x69\xcf\x67\
\x33\x3f\xc4\xb9\xe1\xde\xc9\x75\x67\xce\x9b\x1a\x9b\xd8\xa3\xcf\
\x21\x3f\xa2\x23\xde\xe4\x09\x28\x65\x68\x13\xb9\xb6\xa5\xbf\x53\
\xff\xc3\xdd\x2d\x11\x82\x8a\xa9\x51\x5f\x8f\xdc\x53\xe8\xce\x5c\
\x87\xfd\xab\x2a\x63\x78\xe5\xec\x19\x85\x6c\xe6\xb7\x4c\x74\x83\
\x8e\x53\xdc\x59\x08\x2e\xf5\xdd\x99\x8b\xd6\x61\x09\x44\x08\xbc\
\xba\xf9\x7d\xdd\x4a\x91\xf3\x26\x0a\x80\x31\x8c\x6d\xa0\x0c\x75\
\xcf\x3d\x40\x9f\x75\xbd\x4f\xe2\x73\x5d\x16\xad\x8d\x0f\xe4\xba\
\xd3\xef\x76\xd6\x6b\x96\xb9\x50\xd2\x27\x4b\x6f\xd6\x27\xa6\x1f\
\x92\x08\xa6\x53\xbc\x56\xaa\x8a\x1b\xec\x48\xed\xa7\x7f\x36\x5e\
\x23\x11\x00\xc0\x78\x56\x94\xcb\xde\xf4\x1d\xbb\xc8\x54\xfc\x5d\
\x89\x10\x4c\xcc\x44\x6f\xd4\xe7\x86\x8f\xe4\xbb\x33\x9f\x7c\xba\
\xfb\xa0\x3a\x99\x87\x9d\xc8\x75\x35\x1e\xa5\xcf\x1f\xef\xb6\x98\
\x7e\xa3\xff\xd5\x1d\x26\xd3\x10\x4c\x8f\xf7\x16\xfb\xf4\x9f\xb3\
\x99\x6c\xb6\xbf\x24\x25\x04\x5b\x44\x5f\x93\x7c\x78\xc6\xd4\x64\
\x57\x21\x9b\x3a\x55\xe6\x60\x9c\x9c\xfb\x20\xce\xfd\x90\x48\x3c\
\xd9\xa7\xe3\x59\xee\x2c\x04\xdc\x88\x5d\xa2\x6f\x48\x0d\x10\x78\
\xb7\xaf\xee\xfb\x02\x91\xba\x4f\x22\x80\xe7\x8c\x6d\xa0\x44\xb9\
\xe6\x63\x7a\x98\xe0\xa6\x17\x99\x64\x31\x7f\x75\xd1\xd4\xc6\x8e\
\x42\xb6\xf1\x44\x99\x0b\x95\x5c\x36\xbd\x44\x0f\xd8\x20\xd7\x4f\
\x4a\xc5\xaa\x35\x50\x22\x51\xbe\x58\x0f\x35\x6e\x02\x00\xf0\x85\
\x8b\x2b\xb1\xa7\x45\x31\x57\x70\x96\x8a\xc9\xbb\x09\x02\x6c\x02\
\x33\x2d\x9b\xcc\x53\x1e\x29\x74\xa5\xdf\x89\xb5\xf7\x9f\x6f\xa8\
\x3b\xf3\xb2\x42\x36\xfd\x1b\xcb\x8a\x38\x1b\xcf\x62\xd9\xb3\x10\
\x50\x36\x7d\xa5\xad\xcd\x1e\x95\x68\x9c\xcf\xdf\x3c\x70\x9b\x1e\
\x56\xbb\x09\x42\x60\x1e\x91\xf5\x87\x42\x77\xe6\x96\x42\x77\xea\
\x70\x99\x83\x7d\xe0\x2c\x5d\xb9\x68\x4a\xea\x61\xe7\x7e\x88\x8e\
\x58\xc6\x3b\x2c\x94\xba\x29\xd9\xda\xbb\x41\x12\x40\xe0\x2d\x59\
\x62\x97\xa8\x58\xbc\x42\x97\x43\xee\x0c\x80\xb7\x8c\x6c\xa0\xe8\
\x0b\x5f\xe7\x89\xb8\xb7\xba\x69\x77\xb8\x89\x28\xf2\x17\x7d\x41\
\xf8\xbb\xa1\xae\x79\x19\x99\x0c\xbc\x7c\x36\x7d\xb1\x45\xfc\x73\
\x5d\x46\xdc\x19\xf0\x81\xd1\x1e\x7a\xe4\x71\xa9\x2b\x4e\x9f\x50\
\x63\xf9\x2e\x00\xf0\x9b\xfd\x53\xb1\x86\xd3\xa4\x2e\x9b\xba\x85\
\x6b\x9e\x56\xee\xd2\x16\x10\x0e\x07\xea\x0f\xc1\xaf\xef\x5f\x57\
\xff\xaf\x7c\x77\xe6\xea\xad\x1d\x73\x26\xc9\x7c\x28\x39\xfb\x0f\
\x38\x37\x2c\xa3\xec\x6c\xc6\xc9\xe7\xe9\x29\x76\xbf\x03\x01\xb7\
\x65\x68\x48\xfd\x40\x6a\x23\x2d\x5d\x6a\xdb\xa4\x14\xde\x42\x09\
\x1b\xa6\x73\x88\xad\x3e\x7d\x5c\xfa\xb2\xbb\xe2\x04\xec\xa9\xb1\
\x46\xb8\x3e\x9e\x33\x45\xee\xd6\xff\x1e\x9b\x65\x1a\xc2\x41\x15\
\x4b\x38\x5e\x42\xf8\xc4\xe7\xaf\x5e\xa3\xcf\x15\x3e\x20\x11\xc0\
\x53\x66\xbe\x81\x62\xf1\xa7\xf4\x5f\xe3\x6e\xd8\x13\x7c\x66\xd4\
\x8a\x75\x15\xb2\xe9\x1b\x0a\x1d\x0d\x47\xc8\x64\x20\xe5\xbb\x33\
\xef\x67\xe2\x1b\x75\x89\xf5\xaa\x7d\x45\xad\xad\xd6\x53\x80\x83\
\x9d\x0d\x69\x3d\x2c\x70\x13\x00\x80\x7f\x58\x54\x99\xe6\x2f\x17\
\x47\xbf\xa0\x87\x92\x9b\x20\x24\xa6\x33\xd3\x35\xc9\x58\x7c\x5d\
\x21\x9b\xf9\xea\x60\x47\xaa\x51\xe6\x03\xaf\x77\xb9\x55\x93\xcf\
\xa6\x2f\xd1\xe7\xc5\xf7\xea\x13\xfd\xfb\xc7\x6e\x58\x9a\x7a\xce\
\x0f\x95\xa1\xe8\x5b\xd3\x8e\xee\xdd\x21\xc9\x58\x4f\x6d\xc9\x3b\
\xcd\xed\x27\xdd\x04\x21\x12\xd7\xc7\xa5\xf7\x46\xb9\x66\x8d\x3e\
\x4e\x2d\xdb\xd6\x35\x1b\x6f\x51\xec\x86\x73\x7f\xc3\xd9\x07\x76\
\xac\x11\xee\x1e\xcf\x21\x74\xd4\xef\x9d\x3d\x21\x24\x00\x84\x4a\
\xb2\xb5\xff\x7b\x8a\xe8\x4e\x89\x00\x9e\x31\xee\x62\x6a\x28\x9b\
\x6e\xd2\xc3\xa5\x6e\xda\x2b\x11\x72\x6e\xbc\xc4\xa2\xfd\x4e\x23\
\x65\x47\x36\xdd\x20\xf3\x81\xf0\x64\xc7\xcc\xda\x7c\x36\xf3\x23\
\x66\xfa\xa2\x8e\x78\xf3\xc4\x6f\x14\xf7\x4b\x55\x71\x31\x2b\x82\
\xb7\x4f\x00\xc0\xa7\xf8\xf4\xed\x2b\x66\x4d\x95\x50\x36\x63\x4f\
\x2f\x91\xfa\xb5\x44\x08\x17\xe7\x0d\x94\x77\xc7\x62\x56\xaf\x3e\
\x8f\xba\x2b\xdf\x9d\xb9\xc8\x39\xa7\x72\xbf\x15\x2c\xce\xb9\xaf\
\xb3\x59\xf3\x11\x0d\xa9\xc7\x99\xf8\x67\xfa\xf7\xe9\x68\xf9\x16\
\x84\xcb\xe0\x68\xd1\xfe\x8a\xd4\x46\x9b\xb5\x78\x6d\x5e\x11\x9e\
\xaa\x0e\xb1\x09\xfa\x38\xf5\xc9\x84\x95\x7c\x5c\x5f\xbf\x7f\x31\
\xdf\x31\xe7\x50\x99\x07\x2d\xd7\x95\x3a\xb2\x90\xcd\xfc\x92\x62\
\xd1\x01\x1d\x2f\xd3\x5f\x68\x84\x87\x94\x2a\xf2\xe7\xa4\x04\x08\
\x1d\xdb\xb6\x95\x2a\xa9\x37\xe9\x72\xb3\x3b\x03\xe0\x0d\xe3\x3e\
\x84\xa3\x44\x9f\xd5\xc3\x78\xfe\xb9\xf4\x7f\x05\xbf\xae\x86\xb8\
\xd7\x79\xc5\x55\x5f\x2c\x1f\x27\xf3\xbe\x35\x9c\xcd\xb4\x4d\x8d\
\x4d\x7a\x90\x89\xde\x20\x53\xe0\x3b\xaa\x2a\x0d\x94\xe5\xcb\xad\
\x08\x31\xef\x4b\x03\x12\x00\xc0\x04\xf1\x78\x5d\xfd\x45\x52\x97\
\x55\xd1\x2e\x7e\x46\x0f\xb6\x9b\x20\x84\x9c\xcd\xe6\x4f\xd0\x7f\
\xb9\x49\x9f\x53\x3d\xe5\x3c\xcd\x3b\xdc\xd9\x78\x9a\xf3\xb6\x86\
\x7c\xdf\x97\x9c\x1b\x8e\xf9\x6c\xfa\x83\xfa\x7f\xcf\x43\xfa\xdc\
\xb7\x9f\x98\x3e\xac\xa7\xa7\xbb\xdf\x85\x90\xfa\x4e\x7d\x5b\xdf\
\xb3\x52\x1b\x6f\x68\x07\x7d\x57\x0f\x9b\xdc\x04\x21\xe5\x34\x52\
\xde\xcf\xb1\xf8\x1a\x7d\xfd\xfe\xb3\x7c\x77\xea\x58\x99\x0f\x1d\
\x67\x2f\x38\x67\xaf\xd3\x42\x77\xfa\xef\x96\x65\x3d\xa8\xa7\x2e\
\xd0\x5f\x78\x78\x32\xc4\x14\xd1\xdf\x12\xf3\x7b\xee\x97\x08\x10\
\x4a\xce\xfe\x3f\x4a\xd1\x3b\x24\x02\x78\x82\x95\xfe\x29\x34\x45\
\xbe\x2b\x75\x0c\x5b\xd6\x3d\x12\xcb\x47\xa9\x87\xf5\x65\xf3\x77\
\xb6\xaa\x2d\x37\x4d\x6f\xde\xe0\x9b\x0d\x88\x36\xdd\x97\x9e\x50\
\x5f\xcf\x9f\x70\x5e\x71\xd6\x11\x4b\x76\xf9\x98\x52\xf6\xe5\x89\
\xe6\xbe\x9f\x4a\xac\x98\x42\x57\xe6\x24\xb2\xe8\x4f\x12\x01\x00\
\xfc\xe8\x81\x78\x53\xcf\x22\xa9\xcb\xaa\xd0\x9d\xf9\x95\xfe\x4c\
\x3d\x5f\x22\x80\x63\x87\xfe\x94\xfe\xb3\xfe\xa0\xfe\x7d\xa9\x68\
\xfd\xa1\xb6\xad\xc7\xe8\xe5\x84\xda\xdb\xad\xe8\xc2\x49\x8d\x47\
\x71\x84\x4e\xd1\xa7\xf1\x67\xe9\xa9\x16\xfd\x85\x7d\x4d\xe0\x3f\
\x86\x4b\x85\xdc\x11\xb5\x0b\xd6\x3e\x25\xd9\x17\xf2\xd9\xf4\x47\
\x99\xd8\x79\x88\x0e\xe0\x3f\xfe\x69\x2b\xf5\xfd\xd1\xe1\xa1\x9f\
\x4e\x5c\xb4\x2e\xf0\x4f\x1d\x8f\x2d\x43\x1e\x8b\xbc\x59\x1f\xce\
\x9d\x07\x26\xd1\x04\x87\xff\x4f\xd9\x27\xc6\x9b\xfb\xfe\x2a\xc9\
\x33\x85\x6c\xc6\x59\x8e\x3c\xea\x26\xf0\x9a\x52\xf4\x81\x44\x73\
\x4f\xe8\xde\xe0\x2c\x64\xd3\x37\xe9\xe3\x64\x45\x1e\xb6\x03\xd8\
\x19\xdb\x2e\x2d\x4c\xb6\xf4\x3b\x0f\x34\x98\xd5\x40\xd1\x07\xe5\
\x7f\xe8\xa1\x92\x4f\x9c\x6c\xd5\xff\x6b\x7f\x41\x25\x75\x63\x6d\
\x5b\xff\xfd\xce\xab\x60\x32\x6f\x14\xe7\x69\xc8\x23\x1a\x52\xfa\
\x04\x8a\x3e\xae\xbf\x0e\x1c\x9b\x04\x5f\x2b\x16\xed\x96\x6a\xac\
\x5b\xea\x3c\x51\xab\x07\xe7\x15\x6f\x00\x00\xdf\x1a\x21\xd5\x38\
\xa1\xa9\xd7\x59\xb2\xa2\xac\x9c\x65\x42\xa3\xc4\x9d\xba\xc4\x32\
\x18\xb0\x33\xce\x79\xe1\x23\xfa\x2f\xf7\xb0\xad\xfe\x41\x76\xf1\
\x9e\xe4\xcb\xd7\x3c\xea\xe5\xf9\xe2\xc6\xf6\x19\xf5\x13\x27\x4f\
\x5d\xa0\x2c\x3a\x9a\x15\x1f\x43\x3c\x76\x9e\x3c\xd1\xfd\x2e\xc0\
\x8b\x7c\x21\xde\xd4\xf3\x21\xa9\x7d\x63\xec\xa1\xb1\x09\xfc\x2f\
\x5d\x4e\x73\x67\x00\xfe\x6b\x44\x1f\x9a\xff\xa4\x94\xfa\xe5\x70\
\xde\xfe\xdd\xd4\xa3\x06\xb6\xcb\xbc\xef\xe5\x57\xce\x3b\x84\x6a\
\x62\xe7\xb3\xfb\x60\xc7\x42\xfd\x85\x66\x38\xbc\x80\xfa\x7b\xbc\
\xa9\xf7\x78\x09\x9e\x42\x03\xc5\x2c\x61\x6d\xa0\x38\x4b\x3d\xc7\
\xeb\xea\xb2\xfa\x70\x79\x90\x4c\x01\x54\x94\x91\x0d\x94\xe1\xae\
\xcc\xe9\x11\x8b\x6e\x97\x58\x71\xfa\x7f\xf5\xa3\x4c\xea\xd7\xfa\
\xa2\xf8\x96\xba\xf9\xab\x1f\x32\xa1\x99\xb2\xfd\xde\xc3\xa6\xd4\
\x4c\xac\x7d\x13\x13\xbf\x47\xc7\x99\xee\x2c\x04\xc0\xc8\xa3\x03\
\x7d\x13\xd2\x4b\x6c\x7d\x01\x50\x39\x72\xf1\xe9\x3c\x71\x18\xc8\
\xb5\xdd\x01\x20\x54\x3e\x17\x6f\xea\xf9\x98\xd4\x65\x85\x27\x97\
\x60\x2f\x6d\xd7\x67\x8d\xff\x54\xc4\xdd\x4c\xa4\x2f\xd8\xec\xb5\
\xa3\xa3\xf4\xd8\xd6\x91\xe1\x75\x33\x17\xad\xcb\xc9\xdf\x33\x6e\
\x83\x1d\xa9\xfd\x22\xcc\xb3\x38\xc2\x73\x75\x9c\xc7\xac\x52\xa4\
\xb8\x95\x98\xe6\xe9\x8c\x86\x1f\xec\x89\xc1\xd1\x52\x71\x76\x7d\
\xeb\xc0\x46\xc9\xbe\x92\xef\x4e\x7f\x84\x19\xeb\xfc\xc3\x6e\xe5\
\xf5\xd7\x5d\x64\xab\x3b\xc9\x2e\xde\xe9\xee\x6f\xe6\x1f\xce\x52\
\xcb\xa7\x37\xa4\x8e\xb4\x48\x9d\xaa\xcf\x43\x4e\xd1\x53\x68\x9a\
\xc0\x6e\x29\x65\xbf\x32\xd1\xdc\x57\xfe\x15\x5a\xf6\x01\x1a\x28\
\x66\x09\x6b\x03\xc5\x51\xc8\xa6\xf4\x31\xd4\xba\x43\x97\x38\x7e\
\x42\xc5\x19\xd7\x40\x59\xb6\xcc\xb2\xae\x3e\x37\xb5\x4a\xff\xf8\
\x37\xcb\x54\x75\x29\x7a\x42\x31\xfd\x51\x91\xfa\xe3\xe8\xf6\xe1\
\xbb\x26\x1e\xf3\xd8\x16\xf9\x4e\xc5\x39\x4b\x31\x2c\x9a\xda\xf0\
\x6a\xfd\x47\x71\xb1\xfe\x72\x9e\x3e\x49\xba\xdf\x81\x00\xe9\x8c\
\x37\xf5\xcc\x97\xba\x62\x0a\x5d\xe9\xd7\x93\xc5\xd7\x4b\x04\x00\
\xf0\xb3\xc7\xaf\xbd\xb9\xef\xf0\xa5\x4b\xed\xb2\xef\x59\xb2\xa3\
\x73\xee\xdc\x9a\x48\x4d\xaf\x2e\x71\x11\x08\xe3\xe1\x9c\x40\x3f\
\xa3\xff\xfa\xb4\x3e\x87\x7c\x56\x5f\xc1\x3d\xab\x4f\xa9\x9f\x65\
\x56\xce\xd3\xd1\x23\x8a\x78\x54\xff\x2d\x79\xb2\xb9\x44\x96\xb3\
\x0c\xab\x8a\xea\xbf\xc7\xd9\x6f\x65\x82\xfe\xde\x44\x26\x35\x55\
\x9f\xf7\x1d\xa0\xb3\xf3\xe5\x3c\x45\x57\xaf\xbf\x00\xc6\xa3\x62\
\x8d\xe7\x6a\x78\xba\xfb\xa0\xba\xc9\x3c\xc5\xb9\x21\x3e\xc3\x9d\
\x01\xd8\x3d\xe7\x81\x48\x3d\xfc\x8d\x95\x7d\xff\x68\x91\xee\x9b\
\xb8\x60\x60\xc0\xa4\x15\x26\x9c\xfd\x4c\x52\x91\x79\xf3\xc9\x8a\
\x1c\x6d\x11\xbd\x42\x4f\x9d\xa8\xbf\xf0\x96\x15\xec\x11\xfd\x83\
\xfc\xc7\x44\x53\xcf\xa9\x12\x3d\x87\x06\x8a\x59\xc2\xdc\x40\x71\
\xe4\xb3\x99\xef\xe8\xf3\xea\xb7\x4a\x04\xa8\x18\xe3\x1a\x28\xf9\
\xee\xd4\x65\xcc\x96\xb3\xf4\x90\x09\x9c\x9b\x35\xbd\xfa\xdf\xcb\
\x7d\xac\xe8\xfe\x12\xd9\x9d\x1b\x9e\x54\x7d\x73\x4e\x1d\x28\xb8\
\xdf\x1e\x1f\xe7\xc9\x93\xd7\xcc\x4b\xa5\xf4\x55\xf4\x71\xfa\x53\
\xf1\x78\x62\x7a\xb5\x9e\x9e\xec\x7e\x17\x82\x48\xff\x86\xfd\x40\
\x9f\xfc\x5c\x29\xb1\x62\xf4\x87\xc8\x5f\xf5\x87\x88\x11\xaf\xf8\
\x02\x00\x8c\x5b\x05\xd7\x7c\xce\x77\xa7\xbf\xc7\xcc\x15\x3f\x2e\
\x03\x00\x54\xc9\xa6\xbc\x9d\x9b\x33\xa9\x65\xed\x56\xc9\xbe\x54\
\xe8\x4a\xbf\x93\x2c\xfe\xba\x44\x80\xbd\xb5\x45\x5f\x77\xad\x64\
\x52\x59\x7d\x45\x9f\x2d\x59\xdc\xbd\x6d\x74\x5b\xff\x81\x6d\xeb\
\x87\xe5\xfb\x15\xe3\x2c\x2b\x53\x53\x57\xff\x32\x7d\x2d\xf6\x32\
\xfd\xcf\xd0\xc4\x4a\xb5\x10\x73\xab\xfe\x16\x1e\x8e\x84\x7d\xa1\
\xec\xa2\x3a\x32\x39\xbf\xf7\x61\xc9\x9e\x43\x03\xc5\x2c\x61\x6f\
\xa0\x38\x4b\xdc\x4e\x98\x3a\x6d\x95\x3e\xe6\xce\x91\x29\x80\x8a\
\x30\xaa\x81\xe2\xec\xf7\x31\xbb\x21\xd5\xaf\x7f\xf0\x0f\x97\x29\
\x13\x15\xf5\xd7\x23\xfa\x30\xf5\xa8\xfe\x57\xb6\x56\xff\x2b\x5b\
\x47\x63\x4f\x1b\xda\xcf\xd8\x36\x6d\xd2\x5f\x05\x3d\x37\x12\x8b\
\x52\x81\x46\x14\x8f\xc4\xad\x58\xb4\x44\x13\x2c\xa6\xa9\xfa\x3f\
\x77\x90\xb2\xe8\x20\x56\x34\x57\x9f\x44\x35\xea\xdc\xa4\xbf\xea\
\xf4\x17\x84\x85\x52\x6f\x8b\x37\xf7\x7e\x57\x52\x45\xe4\x57\x65\
\x66\x71\x94\xd6\xea\x12\xcb\x7c\x00\x40\x30\x28\x75\x83\x3e\x76\
\xbe\x5e\x52\x59\xe5\xb2\x0d\x33\x2d\x8a\xae\xd6\x25\x6e\x6c\x00\
\x80\xef\x05\xe5\x46\x8a\x5c\x17\xf6\xea\xeb\xc2\x23\x64\x0a\x60\
\xbc\x9c\x9b\x1d\xce\xb2\x76\x8f\xeb\xea\x31\x1d\x9d\x95\x27\x9e\
\x65\x9b\x9e\xb5\x99\x9d\x71\x93\xe2\x52\x4e\xff\x4d\x23\xb6\x52\
\x23\xca\x8a\x16\x6b\x46\x4a\xc5\x91\x9a\x48\x54\x5f\x54\xd5\x30\
\xeb\x2f\xbb\xa4\x6b\x6b\xb2\x62\x9e\xaa\xf3\x54\xfd\xfb\xb6\x9f\
\xfe\xef\x39\x40\xd7\xb3\x88\xf8\x30\xfd\xdf\xad\x47\x9a\xa0\xbf\
\x00\xca\x44\xdd\x14\x6f\xea\xbd\x44\x82\x11\xd0\x40\x31\x4b\x50\
\x3e\xf7\xc7\x23\xdf\x9d\x3a\x96\xd9\xfa\xbb\x2e\x23\xee\x0c\x40\
\xf9\x19\xd5\x40\xc9\x75\xa7\xdf\x65\x31\x7f\x4d\x22\x40\xe0\xd8\
\x45\xb5\xa0\xd2\x4f\x8f\xe4\xb3\xe9\x8f\x31\xf1\x67\x24\x02\x00\
\x04\xc1\xe0\x56\xb5\x65\xc6\xf4\xe6\x0d\x43\x92\xcb\xaa\xd0\x9d\
\xf9\x0c\x31\xf9\x76\xb9\x1b\x00\x00\xb1\xee\x89\x7f\x17\x1b\xca\
\xf5\xb6\xbc\xd7\xf2\x5d\xa9\xf3\xd9\xb2\x7e\x25\x11\x00\x20\x6c\
\x0a\xa4\xec\x54\xbc\xb9\xef\x5f\x92\x8d\x80\x06\x8a\x59\xd0\x40\
\x71\x15\xba\xd3\xd7\x12\xf3\x55\x12\x01\xca\xee\xb9\x0d\x14\x4f\
\x9f\x56\x77\x5e\xbb\xb2\x98\x71\xf3\x02\x82\x6c\xe8\xc1\xed\xfd\
\x5d\x52\x57\x0c\x13\xbf\x4e\x4a\x00\x80\xa0\xa8\x9f\x44\x53\xce\
\x93\xba\xec\x06\x07\xd5\x75\x7a\x78\xca\x4d\x00\x00\xfe\xa4\x14\
\x5d\x1d\x94\xe6\x89\xa3\x76\xfe\xc0\x72\x3d\xac\x70\x13\x00\x40\
\xc8\x28\xf5\x2d\xd3\x9a\x27\x00\xa6\x7a\x62\x43\x69\xa9\xfe\xa5\
\xc9\x4a\x04\xa8\x28\x4f\x1b\x28\x13\xa6\x4c\x7b\x9f\x1e\xa6\xbb\
\x09\x20\x78\x14\xd1\x03\x8b\x17\xdb\xce\x12\x70\x15\x93\x5f\x95\
\x71\x36\x25\x9c\xe7\x26\x00\x80\x40\xa9\x58\x73\x78\xda\xd1\xbd\
\x3b\xf4\xf0\x49\x37\x01\x00\xf8\x91\xba\xaf\xb6\xb5\xef\x97\x12\
\x02\xc1\xd9\x04\xdc\x26\x72\xae\x11\xbd\x5d\x26\x01\x00\xa0\xea\
\xd4\xb3\x85\x1d\xc3\x9f\x96\x00\x00\x2f\xc1\x79\x80\xa4\x54\xb2\
\x2f\xd7\xe5\x88\x3b\x03\x50\x39\x9e\x35\x50\x06\x3b\x52\xfb\x31\
\xd3\x07\x25\x02\x04\x12\x2b\xba\x4f\xca\xca\x89\x56\xee\x06\x23\
\x00\x80\x97\xf4\x79\xc2\x09\xf9\x95\xf3\x0e\x91\x58\x76\xb7\x0d\
\xf4\xfd\x48\x0f\x9d\x6e\x02\x00\xf0\x15\xa7\xd7\xf0\x5e\xe7\x2f\
\x92\x03\x23\xd9\xd4\xe3\xbc\x81\xf2\x53\x37\x01\x00\x84\x84\xa2\
\x4f\x4c\x3c\xe6\xb1\x2d\x92\x00\x60\x0f\xd4\xb6\xf6\x77\x29\xa5\
\xfe\x57\x22\x40\xc5\x78\xd6\x40\x89\x45\xf9\xa3\x7a\x98\xe8\x26\
\x80\x80\xb2\x4b\xed\x52\x55\xc4\x9a\x3b\x1b\xe2\x4c\x74\xa1\x44\
\x00\x80\xa0\xb1\xa8\x26\x76\xa9\xd4\x65\xb7\x64\x89\x5d\x52\xca\
\x7e\x97\x2e\xf1\xa4\x33\x00\xf8\x8a\x3e\x68\xfd\x38\xd9\xd2\xf7\
\x90\xc4\xc0\xd1\x47\xe7\xab\xf5\x30\xe8\x26\x00\x80\xc0\xeb\xba\
\x6d\x75\xff\xf7\xa5\x06\x80\xbd\x70\xfb\xea\xfe\xcf\xeb\x33\xa3\
\xca\x3f\xbc\x0c\xa1\xe6\x49\x03\x25\xdf\x31\xe7\x50\x62\x7e\xbb\
\x44\x80\xa0\x2a\x6c\xb6\x07\x2b\x7a\x10\x3f\xf8\xe0\xc8\x99\x7a\
\x98\xe2\x26\x00\x80\xe0\x61\xae\xec\x5b\x76\x89\xe6\xbe\x7b\xf4\
\x80\x27\x9d\x01\xc0\x4f\xb6\x14\x4b\x45\xa7\xc1\x10\x58\xc9\xd6\
\xde\x0d\x8a\x08\x4b\xd9\x00\x40\x18\x28\x55\xa2\xf7\x38\x0f\xf6\
\x48\x06\x80\xbd\x30\xf6\xbb\x53\x2c\x5e\xa1\xcb\x21\x77\x06\xa0\
\xfc\xbc\x79\x03\x25\x16\x77\x5e\xaf\x8a\xbb\x01\x20\xa0\x94\x5a\
\x71\x60\xdb\xfa\x61\x49\x15\xa1\x7f\x81\xb1\x7c\x17\x00\x04\x5d\
\x2a\xd7\x95\x3a\x52\xea\x8a\x28\x15\x72\x1f\xd6\xc3\x36\x37\x01\
\x00\x18\xef\x13\xf5\xad\x03\x1b\xa5\x0e\xac\xde\xd1\xbe\x2f\x3b\
\x83\x9b\x00\x00\x82\x4a\xdd\x98\x68\xed\xa9\xe8\xca\x15\x00\x41\
\x17\x9f\xbf\x7a\x0d\x91\xfd\x21\x89\x00\x65\x57\xf5\x06\xca\x60\
\x67\x43\x9a\x71\xd3\x17\x42\x40\x11\xdf\x25\x65\x45\xe8\xdf\xa5\
\xfd\x89\xf8\x54\x89\x00\x00\x81\xc5\xcc\x15\x3d\x6f\xa8\x5d\xb0\
\xf6\x29\x3d\x38\x4b\x8b\x02\x00\x98\xee\xa1\xdb\x06\xfa\xbe\x23\
\x75\xa0\xb5\xb5\xd9\xa3\x64\xab\x77\xe8\x12\xcb\x2c\x02\x40\x50\
\x6d\x29\xaa\x51\xdc\xf4\x05\x28\x83\x64\xcb\xc0\x77\xf4\x09\xc3\
\x9d\x12\x01\xca\xaa\xea\x0d\x94\x98\x15\xfd\xac\x1e\x22\x6e\x02\
\x08\x2e\xa5\xec\x8a\x1e\xb8\x23\x11\xeb\x12\x3d\xc4\xdc\x04\x00\
\x10\x5c\xcc\x7c\x71\xef\x72\xab\x46\x62\x45\x5c\x7b\x73\xdf\x77\
\xf4\x81\xfb\x7e\x89\x00\x00\x26\x2a\x96\xec\xd2\x5b\xc2\xb4\xcc\
\x4b\xbc\xa5\xf7\xef\xfa\xd8\x7c\x83\x44\x00\x80\x60\xb1\xd5\xd5\
\x75\xcd\x8f\x3c\x23\x09\x00\xc6\xc1\xb6\x6d\xa5\xec\xd2\x9b\x75\
\xb9\xd9\x9d\x01\x28\x9f\xaa\x36\x50\x72\xd9\xcc\x22\x62\x3a\x5b\
\x22\x40\x90\x6d\xfc\xfc\xad\x03\x0f\x4b\x5d\x11\x16\x59\x78\x93\
\x0b\x00\xc2\x62\xda\xe1\x73\x53\xa7\x4b\x5d\x11\x4b\x97\xda\x76\
\x91\xf8\x2d\xba\x1c\x71\x67\x00\x00\x0c\xa3\xe8\xcb\xb5\x2d\xfd\
\x9d\x92\x42\x63\xa4\xc0\x1f\xd4\x03\x6e\x30\x02\x40\xb0\x28\xba\
\xfb\xda\x5b\xfb\x7f\x20\x09\x00\xca\x20\xd9\xd2\xff\x6f\x45\xea\
\x9d\x12\x01\xca\xa6\xaa\x0d\x14\x8b\xd4\x35\x7a\x60\x37\x01\x04\
\xda\x1f\x9d\x9b\x71\x52\x97\xdd\x50\x77\xe6\x65\x7a\x68\x73\x13\
\x00\x40\xf0\x59\x15\xde\x4c\xde\x51\xd7\xdc\xf3\x4f\x7d\x35\x7b\
\xad\x44\x00\x00\x63\x28\xa2\x35\x9b\x8b\xdb\x9c\x7d\x24\x43\x67\
\xc2\x91\x3d\x9b\x14\xa9\xf7\x4a\x04\x00\x08\x82\xdc\x88\x3d\xf2\
\xe6\x4a\xde\x33\x00\x08\xab\x44\x53\xef\x4d\xfa\xc4\xe9\xd7\x12\
\x01\xca\xa2\x6a\x0d\x94\x42\x36\x75\x2a\x11\xbf\x4a\x22\x40\xa0\
\xd9\xa4\x7e\x2b\x65\x45\x44\xb1\x8f\x10\x00\x84\x0d\xd3\x69\x3b\
\x1e\xca\x4c\x93\x54\x31\x8f\x0e\xf4\x7f\x56\x9f\x70\x77\x4b\x04\
\x00\x30\x81\x73\x83\xed\x4d\x07\xb6\xad\x1f\x76\x63\xf8\xc8\xcd\
\x90\x5b\x25\x02\x00\xf8\x9a\x22\xf5\xc9\x09\xad\x8f\x3c\x22\x11\
\x00\xca\x6c\xa4\x40\xff\xa3\x87\x27\xdd\x04\x30\x7e\x55\x69\xa0\
\x2c\x5b\x66\xe9\xff\x3f\xd6\xe7\x24\x02\x04\x5d\x7e\x70\xf3\xe6\
\x8a\xed\x7f\xb2\x7c\xb9\x15\x21\x56\x97\x4a\x04\x00\x08\x8b\x9a\
\x9a\x1a\x75\xb1\xd4\x15\x93\x5e\x62\x8f\x94\x98\xde\xa0\xcb\x51\
\x77\x06\x00\xc0\x5b\x4a\xa9\x6f\x25\x9a\x7a\xee\x96\x18\x5a\xa5\
\x91\x9c\x73\x33\x64\x93\x9b\x00\x00\x7c\x6b\xc5\xed\x03\xfd\x5f\
\x96\x1a\x00\x2a\xc0\x79\x7b\xb5\x54\x1a\xdb\x0f\x45\xb9\x33\x00\
\xe3\x53\x95\x06\xca\x55\xe7\xa6\x2e\xd0\xc3\x7c\x37\x01\x04\x9d\
\xfa\xcb\xfe\x8b\x9f\x1a\x94\x50\x76\x67\xce\x6b\x7c\x35\x11\x1f\
\x24\x11\x00\x20\x3c\x2c\xae\xca\xdb\x77\xb5\x4d\x3d\x1d\xa4\xb0\
\x94\x17\x00\x18\x61\xf5\x36\xda\x7a\xb5\xd4\xa1\x56\xbb\x60\xed\
\x53\x4a\x11\xd6\x35\x07\x00\x3f\x1b\x1e\x51\x74\xc5\x92\x25\x76\
\x49\x32\x00\x54\x48\x6d\x6b\xff\x1d\x4a\xa9\xef\x4b\x04\x18\x97\
\x8a\x37\x50\x3a\x3a\xac\x18\x31\x7d\x5a\x22\x40\xe0\x29\xe2\x0a\
\xaf\xb5\x58\x9d\x1b\x88\x00\x00\x06\x3a\x72\x70\x55\x63\x4a\xea\
\x8a\xea\x29\xf6\x3b\xe7\x2e\x0f\xb9\x09\x00\xc0\x13\x45\x9b\xe8\
\x8a\xe9\xcd\x1b\x86\x24\x87\x5e\xa2\xb9\xe7\x17\xfa\x6c\x5b\x7f\
\x01\x00\xf8\xd2\x87\x27\x34\xf7\xac\x96\x1a\x00\x2a\x6c\xc7\x96\
\xcd\x1f\x50\x44\x6b\x25\x02\xec\xb3\x8a\x37\x50\x32\xb1\x86\x37\
\x33\xd1\x1c\x89\x00\x41\x97\xcf\x8f\x16\x2a\xb6\xff\xc9\xe6\x07\
\x1b\x26\x12\xd3\x39\x12\x01\x00\x42\x27\x16\xb5\xaa\xd2\x44\x6e\
\x6b\xb3\x47\x47\x14\x5d\xa6\x4b\xdc\xb8\x04\x00\x6f\x28\x75\x4d\
\xb2\xa9\x67\x85\x24\x10\x85\xed\xc3\x6f\xd7\xc3\x7a\x37\x01\x00\
\xf8\x83\x22\xf5\xa7\x64\x4b\xdf\xb7\x24\x02\x40\x15\x8c\xad\x0e\
\xa3\xec\x2b\x74\x89\xb7\xbe\x60\x5c\x2a\xda\x40\x79\xb2\x63\x66\
\xad\xfe\x7f\xf1\x09\x89\x00\x61\xf0\x87\xc9\x6d\x6b\xb6\x49\x5d\
\x76\x75\x09\x6b\x89\x1e\xf4\xef\x15\x00\x40\x48\x29\xbe\xd4\xdd\
\x5b\xad\xf2\xc6\x9e\x10\xb4\xd5\xfb\x25\x02\x00\x54\x8f\x52\xf7\
\xaf\xd8\xd2\xff\x29\x49\xf0\x1c\x13\x8f\x79\x6c\x8b\xdc\x0c\x71\
\x36\xd7\x07\x00\xf0\x83\x8d\xaa\x44\x6f\xb0\x6d\x1b\xfb\x31\x00\
\x54\x59\xa2\xb9\xef\x1e\x52\xf4\x25\x89\x00\xfb\xa4\xa2\x37\x20\
\xa6\x44\x27\xbe\x47\x0f\x07\xba\x09\x20\xf8\x6c\x9b\x6e\x94\xb2\
\x42\xb0\x7c\x17\x00\x84\x1c\xd3\x21\x57\x9f\x3d\xef\x04\x49\x15\
\x17\x6f\xe9\xfd\x1e\x91\xfa\x8d\x44\x00\x80\x6a\xd8\xa6\x2f\xf4\
\x2f\x59\xbc\xd8\x2e\x4a\x86\x17\x88\x37\xf7\xfd\x55\x0f\xd8\xab\
\x0a\x00\xfc\x40\x95\x4a\xa5\xd7\x27\x5b\x7b\x37\x48\x06\x80\x2a\
\x7b\x62\x43\xf1\x13\xfa\x57\x31\x2b\x11\x60\xaf\x55\xac\x81\xb2\
\x7d\xc5\xac\xa9\xcc\xfc\x61\x89\x00\x61\xb0\xe9\x5f\x8f\xf4\xfd\
\x5e\xea\xb2\x2b\x74\xa5\x0f\x23\xe6\xe3\x24\x02\x00\x84\x57\x24\
\x52\xd5\x66\x72\xde\xce\xbf\x59\x11\xfd\x4b\x22\x00\x40\x45\x29\
\xdb\x7e\x4b\xbc\xa5\xf7\x31\x89\xb0\x0b\x2b\x36\xf7\x2d\x75\xde\
\xd4\x91\x08\x00\x60\x26\xa5\xbe\xe2\x6c\x66\x2d\x09\x00\x3c\x30\
\xe7\xd4\x81\x42\xc9\xb6\x9d\x6b\xc8\x11\x77\x06\x60\xef\x54\xac\
\x81\x12\xaf\xad\xbf\x5a\x0f\x93\xdd\x04\x10\x7c\x8a\xe8\xe7\xe9\
\x25\x76\xc5\x0e\xc6\x8a\xf9\x72\x3d\xb0\x9b\x00\x00\x42\xed\xbc\
\x8d\xed\x33\xea\xa5\xae\xb8\x49\x2d\x6b\xb7\x2a\xbb\x74\x91\x2e\
\x71\xc2\x0d\x00\x15\xa5\x14\x7d\x2b\xd1\xd2\xf7\x2b\x89\xb0\x1b\
\xce\x1b\x3a\x6a\xa4\x78\xa1\xfe\xb7\xf6\xac\x4c\x01\x00\x98\xe6\
\xa1\x47\x57\xf7\x3b\xf7\xc6\x00\xc0\x63\xb5\x2d\xfd\x9d\x8a\xd4\
\x32\x89\x00\x7b\xa5\x22\x0d\x94\x5c\xb6\x61\x26\x31\xbd\x53\x22\
\x40\x28\x94\x48\x7d\x5f\xca\xb2\xb3\x2c\x8b\xf5\xef\x14\x96\xef\
\x02\x00\x70\xd5\x4d\x98\x3a\xed\xb5\x52\x57\x45\xb2\xa5\xff\x41\
\x9b\x6c\xbc\x59\x0b\x00\x95\xb4\x72\xfd\x86\x22\xf6\x5d\xda\x0b\
\x89\x05\xab\x9f\x28\x95\xb0\x1f\x0a\x00\x18\x69\x93\x2a\xd2\xf9\
\x95\x7c\xc8\x12\x00\xf6\xce\x03\x9b\xfb\x3f\xaf\x87\x15\x6e\x02\
\xd8\x73\x15\x69\xa0\xb0\x8a\x7c\x52\x0f\x49\x37\x01\x84\x80\x52\
\xf7\xd7\x35\xf5\x56\x6c\x3d\xc5\xe1\x8e\xc6\x57\x30\xd1\x1c\x89\
\x00\x00\x40\xd5\x6f\x2a\x27\x9b\xfa\xbe\xaa\x0f\xf8\x37\x49\x04\
\x00\x28\xa7\xcd\xa4\xec\x0b\x9c\x25\x26\x24\xc3\x1e\x1a\x5b\x1a\
\x47\xa9\xcf\x4a\x04\x00\x30\x81\x5d\x22\xfb\xf2\xc4\xfc\x9e\x75\
\x92\x01\xc0\x00\xce\xdb\xab\x23\xa5\x11\xe7\x3a\x72\xd8\x9d\x01\
\xd8\x33\x65\x6f\xa0\xec\xc8\xa6\x1b\x98\xf9\x0d\x12\x01\x42\x41\
\x31\x7f\x47\xca\xca\x88\x60\xf3\x78\x00\x80\xe7\x62\xa2\x57\xe5\
\x3b\xe6\x1c\x2a\xb1\x6a\xb6\xaa\xad\x57\xea\xa3\x3e\x36\x20\x04\
\x80\x72\x2a\x91\xad\x2e\x8e\x37\xf7\x61\xaf\xa5\x7d\x74\xed\x2d\
\xfd\xff\x4b\x8a\xb0\xc7\x00\x00\x18\x42\x7d\xba\xb6\xa9\xef\x0f\
\x12\x00\xc0\x20\x13\x5a\x1f\x79\x44\x0f\x1f\x72\x13\xc0\x9e\x29\
\x7b\x03\xa5\x46\xf1\x67\xf4\x10\x75\x13\x40\x28\x3c\xbd\xfe\xdf\
\xc5\x5f\x4a\x5d\x76\xeb\xda\x67\x27\x98\xe8\x42\x89\x00\x00\xe0\
\xb2\x28\x56\x73\x99\xd4\x55\x33\xbd\x79\xc3\x10\x15\x8b\xe7\xe9\
\x72\x8b\x3b\x03\x00\x30\x3e\x4a\xd1\xc7\xe2\x2d\xbd\x7f\x92\x08\
\xfb\x60\xe9\x52\xdb\x2e\xec\x18\xba\x4c\x11\xad\x91\x29\x00\x00\
\x6f\x28\xfa\xed\xb5\x37\xf7\x7f\x4a\x12\x00\x18\x28\xd9\xd2\xf7\
\x6d\x45\x0a\xe7\x5e\xb0\xc7\xca\xda\x40\xc9\x75\xa6\x17\x10\x53\
\x55\xd7\x24\x07\xf0\x9e\xfa\x6e\x25\x97\x5b\x98\x3e\x39\x7e\x96\
\x1e\x26\xbb\x09\x00\x00\xfe\x83\x3d\x58\xc6\xcb\x11\x9f\xbf\x7a\
\x0d\xd9\x63\x8d\xed\xa2\x3b\x03\x00\xb0\xaf\xd4\x2f\x6a\x5b\xfb\
\x9c\xf5\xb8\x61\x9c\x26\x1e\xf3\xd8\x96\x62\xb1\xe4\x9c\x37\x6f\
\x77\x67\x00\x00\xaa\xae\x67\x70\x50\x5d\xee\x34\x75\x25\x03\x80\
\x81\x6c\xdb\x56\x8a\x4a\x6f\xd2\x25\x1e\x8a\x83\x3d\x52\xd6\x06\
\x0a\x5b\x7c\x8d\x33\xb8\x09\x20\x14\xf2\xc5\xe1\x91\x6f\x49\x5d\
\x11\x6c\x59\x58\xbe\x0b\x00\x60\xa7\xb8\x21\xd7\xdd\xb0\x50\x42\
\x55\xc5\x5b\x7a\xfe\xac\x4f\xbb\xb1\xd9\x33\x00\x8c\xc7\x83\x1b\
\x87\x86\xde\xe8\x5c\xc4\x4b\x86\x71\xaa\x9f\xdf\xdf\x57\xb2\xe9\
\x12\x5d\x96\xdc\x19\x00\x80\xaa\xd9\x4c\xa3\xc5\xb3\xa7\x1d\xdd\
\xbb\x43\x32\x00\x18\x2c\xd9\x34\xb0\x5e\xd9\xea\x5d\x12\x01\x76\
\xab\x6c\x0d\x94\x42\x67\xe3\xab\x99\xe9\xd5\x12\x01\x42\x41\x5f\
\xed\xde\x50\xb7\x70\xcd\xd3\x12\xcb\x6e\xe8\x81\x39\xd3\xf5\x70\
\x8a\x9b\x00\x00\xe0\x85\x98\xa2\x9e\x35\x99\x93\xcd\xbd\x5f\xd7\
\x9f\x03\xdf\x95\x08\x00\xb0\x37\xd6\x97\x46\xe9\x9c\x99\x8b\xd6\
\xe5\x24\x43\x99\xd4\xb6\xf4\xfc\x5e\x29\x75\x95\x44\x00\x80\x6a\
\x18\x21\x5b\xbd\x36\xde\x36\xf0\xa8\x64\x00\xf0\x81\x44\x4b\xef\
\xcf\x48\xd1\xaf\x25\x02\xec\x52\x59\x1a\x28\x96\x65\x31\x45\x22\
\xce\xdb\x27\x00\x61\x52\xe2\xe2\xe8\x17\xa4\xae\x88\x48\x22\xee\
\x3c\x41\x87\x3d\x85\x00\x00\x76\x81\x99\x2e\x5a\x73\x67\x43\x5c\
\x62\xd5\x3d\xb0\xb9\xef\x9d\x4a\x11\x36\x09\x05\x80\xbd\xb1\xa3\
\x64\x97\xce\xac\x6d\xeb\x79\x52\x32\x94\x59\xa2\xb9\xf7\x8b\x68\
\x70\x03\x40\x95\xe8\x53\x41\xba\x32\xde\xd2\xfb\x77\xc9\x00\xe0\
\x23\x23\x05\xfa\x1f\x3d\xe0\x9c\x0c\x76\xab\x2c\x0d\x94\xe1\x55\
\x0d\x4b\xf4\xb0\xc0\x4d\x00\x21\xa1\xe8\x97\x63\xeb\xe0\x57\x10\
\x5b\xde\xac\xef\x0f\x00\xe0\x23\x53\x0f\x3e\x38\x72\x86\xd4\x55\
\xb7\x78\xb1\x5d\x1c\x1a\x54\xce\x7e\x28\x9d\xee\x0c\x00\xc0\x6e\
\x15\x89\xec\x0b\x6a\x5b\xfa\x71\xcc\xa8\xb0\xb1\x06\x37\xd1\x9d\
\x12\x01\x00\x2a\x43\xa9\xcf\x24\x9a\x7a\x7e\x22\x09\x00\x7c\x66\
\xc2\x91\x3d\x9b\x4a\x36\x5d\x29\x11\x60\xa7\xc6\xdd\x40\x69\x6f\
\xb7\xa2\x6c\x59\x9f\x91\x08\x10\x16\xa5\xd1\xa2\xfd\x69\xa9\x2b\
\x62\x68\x55\xaa\x59\x0f\xad\x6e\x02\x00\x80\x5d\xb1\x88\x3d\x6d\
\x36\x3b\x6b\x5d\xdb\x25\x75\xba\x2e\x1f\x77\x67\x00\x00\x76\xe9\
\x7f\xe2\x4d\x7d\xb8\xa9\x5f\x05\x4e\x83\x7b\xc7\xe6\x4d\xe7\x93\
\x52\x0f\xcb\x14\x00\x40\x79\x29\x75\x43\xb2\xb5\x7f\xa9\x24\x00\
\xf0\xa9\xb1\xe5\x3f\x89\x7e\x20\x11\xe0\x45\xc6\xdd\x40\x59\x34\
\x35\xf5\x06\x3d\xcc\x73\x13\x40\x48\x28\xfa\x45\x7d\x5b\x5f\xbf\
\xa4\x8a\x88\x46\xbd\xbd\x21\x08\x00\xe0\x23\xaf\x19\xec\x6c\xd8\
\x5f\x6a\x4f\x24\x5b\x7b\x37\x8c\x16\x4b\xa7\xea\x72\x93\x3b\x03\
\x00\xf0\x7c\x4a\xd1\x27\xe3\x4d\x3d\xb8\x38\xaf\xa2\xfd\x17\x3f\
\x35\x58\x1a\xc9\x9f\xa1\x88\xd6\xca\x14\x00\x40\x79\x28\xba\xa3\
\xa7\xd8\x7f\xa5\x6d\xdb\xfa\x10\x03\x00\x7e\x37\xb4\x43\xbd\x5f\
\xff\x32\xff\x4b\x22\xc0\xf3\x8c\xab\x81\xb2\x7e\xc5\xac\xa4\x1e\
\x3e\xe9\x26\x80\xd0\x18\xa1\x62\xb1\xa2\x4f\x99\x38\x6f\x76\x11\
\xf1\xa5\x12\x01\x00\x60\xf7\x62\x11\x2b\x72\xb1\xd4\x9e\xa9\x9f\
\xdf\xdf\x67\xab\xa2\xf3\x26\xca\xa0\x3b\x03\x00\xe0\x52\x8a\xbe\
\x95\x68\xee\xa9\xe8\xdb\xcb\xb0\x73\xb5\x0b\xd6\x3e\x35\x5a\x1a\
\x71\x1a\xdc\x4f\xbb\x33\x00\x00\xe3\xa4\xd4\xfd\x9b\x8b\xdb\xce\
\x6f\x6b\xb3\x47\x65\x06\x00\x7c\xce\x59\x55\x40\x0f\xaf\xd7\x5f\
\xf6\xd8\x04\xc0\x73\x8c\xab\x81\xb2\x5f\x5d\xfd\xbb\xf4\x30\xd3\
\x4d\x00\xe1\xa0\x94\xfa\x5e\xbc\x6d\xe0\x51\x89\x15\x71\xe4\xd4\
\x86\x93\xf4\x30\xc3\x4d\x00\x00\xf0\x52\xf4\x09\x8d\x11\x6f\xed\
\x25\x9b\x07\x1e\x20\x5b\xbd\x56\x97\x05\x77\x06\x00\x42\x4f\xd1\
\xcf\xaf\xbb\xa5\xcf\xb9\x6e\x02\x8f\x4c\x68\x7d\xe4\x91\x52\xa9\
\x74\x8a\x2e\xb7\xba\x33\x00\x00\xfb\x4a\x65\x0b\xc3\x43\x67\x1c\
\xd8\xb6\x7e\x58\x26\x00\x20\x20\x12\x4d\x3d\x77\xeb\xe1\x4b\x6e\
\x02\xf8\xff\xf6\xb9\x81\xb2\xad\x6b\xf6\x64\x26\xba\x4a\x22\x40\
\x58\x6c\x2b\xd1\x68\xc5\x9f\x1e\x8c\x78\xbc\x9e\x3f\x00\x80\xef\
\x30\xbf\x7c\xa8\x6b\x5e\x46\x92\xa7\xe2\x2d\xbd\x7f\xb2\x6d\x72\
\xde\x88\x29\xba\x33\x00\x10\x5a\x8a\x6e\x5d\xb1\xa5\xef\x8a\xa5\
\x4b\xf5\x51\x01\x3c\x55\xdb\xda\xdf\xa5\x6c\xfb\x0c\x5d\x0e\xb9\
\x33\x00\x00\x7b\x6d\x75\xa9\x90\x3f\x79\xe2\xa2\x75\x9b\x25\x03\
\x40\xc0\x3c\xb5\x39\xf7\x09\x3d\xf4\xb8\x09\xc0\xb5\xcf\x0d\x94\
\x84\x95\xf8\xb0\x1e\xa6\xba\x09\x20\x1c\x14\xa9\xcf\xd6\x35\x3f\
\xf2\x8c\xc4\x8a\xd8\xda\x31\x67\x12\x11\x9f\x2d\x11\x00\x00\xf6\
\x50\x94\x63\xc6\x34\x9f\x93\x2d\x3d\xb7\x28\x45\x97\xeb\xb2\xe4\
\xce\x00\x40\xd8\xe8\xf3\xc6\x3f\x3d\xb1\xa1\x78\x91\xb3\x99\xb9\
\x4c\x81\xc7\x12\x2d\x7d\xf7\x92\xb2\xcf\xd2\x65\xce\x9d\x01\x00\
\xd8\x63\x8f\xab\xd1\xc2\x49\xce\xb2\x80\x92\x01\x20\x80\x66\x2d\
\x5e\x9b\x2f\xa9\xa2\x73\x1d\x87\x25\xfa\xe0\xbf\xf6\xa9\x81\x32\
\xdc\x91\x39\x90\x88\xdf\x23\x11\x20\x14\x14\xd1\x9a\xb5\x03\xfd\
\x5f\x95\x58\x31\xc9\x58\xfc\x7c\x67\x70\x13\x00\x00\xec\x31\xa6\
\x4b\x97\x2f\xb7\x22\x92\x3c\x97\x68\xee\xf9\x85\xfe\xec\x78\x93\
\x2e\xf1\xe4\x39\x40\xc8\xe8\xdf\xfd\x3f\x3f\x3b\x34\x74\xce\x9c\
\x53\x07\xb0\x9c\x9f\x61\xe2\xcd\x7d\x7f\xd5\x87\xe5\xf3\x74\x89\
\x3f\x1b\x00\xd8\x53\xeb\xa9\x38\x7a\x62\xa2\x6d\xcd\xe3\x92\x01\
\x20\xc0\x6a\x9b\x07\x56\xe9\x73\xb9\x4f\x49\x04\xd8\xb7\x06\x8a\
\x15\x1b\xdb\x38\xbe\xd6\x4d\x00\xe1\x60\x93\xfd\xee\xf4\x12\x7b\
\x44\x62\x25\x61\xf9\x2e\x00\x80\x7d\x73\xf0\x99\x73\x1b\x4f\x94\
\xda\x08\x89\xa6\x9e\x1b\xf4\xc9\xf7\x1b\x75\x89\x37\x51\x00\x42\
\x42\x29\xfa\xcb\xb3\x43\x83\x67\xcf\x5c\xb4\x0e\x6f\x39\x18\x2a\
\xde\xd4\x77\x67\x89\xec\x73\x75\x99\x77\x67\x00\x00\x76\xc9\x69\
\x9e\x1c\x1f\x9f\xbf\x7a\x8d\x64\x00\x08\x81\x07\x36\xf7\x5d\xeb\
\x0c\x6e\x82\xb0\xdb\xeb\x06\x4a\x61\xd5\xbc\x39\xec\x3e\x4d\x09\
\x10\x1e\x8a\x96\xd7\x36\xf5\xfd\x41\x52\xc5\x14\x56\x36\xce\xd6\
\xc3\xb1\x6e\x02\x00\x80\xbd\xc6\xe6\xed\x21\xe5\x36\x51\x94\xf3\
\xcf\x85\x65\x7c\x00\x02\x4e\x11\xdd\xf9\xec\xf0\xe0\x59\x68\x9e\
\x98\xcf\x3d\xb7\x47\x13\x05\x00\x76\x0b\xcd\x13\x80\x90\x72\x96\
\x60\x1d\x51\x63\x0f\x38\x0f\xbb\x33\x10\x66\x7b\xff\x06\x4a\x34\
\xea\x6c\xa0\x1d\x73\x03\x40\x28\x6c\xb3\x55\xe9\xbd\x52\x57\x94\
\xaa\xb1\x9c\x75\x16\xd9\x4d\x00\x00\xb0\xd7\x98\xce\xdd\x74\x5f\
\x7a\x82\x24\x63\x24\x9a\x7a\x7f\xae\x6c\xfb\x52\x5d\x62\x2d\x5d\
\x80\xa0\x52\x74\xeb\xfa\x7f\x17\xcf\x41\xf3\xc4\x3f\x9c\x37\x51\
\x88\x4a\xce\xc6\xf2\x83\xee\x0c\x00\x80\x4b\x11\xad\x25\x65\x1f\
\x87\xe6\x09\x40\x78\x4d\x68\xee\x59\x4d\xb6\xba\x4a\x22\x84\x18\
\x2b\xa5\x3f\x16\xf6\xd0\x70\x36\xd3\x16\x21\x5a\xa9\x4b\xdc\xe0\
\x85\xf0\xb0\xd5\x5b\xe3\x2d\xbd\xdf\x93\x54\x31\x96\x65\xf1\x70\
\x57\xea\x11\xfd\xcb\x75\x84\x4c\x81\xb1\xd4\xcd\xfa\x2f\xd5\x58\
\xce\x0d\xcc\x33\x5f\x7f\x04\x36\x48\x0d\xa6\xb2\xd5\x1b\xf5\x71\
\xfb\x7a\x49\x46\x19\xee\x6c\x3c\x2d\x12\x89\x2c\xd7\x25\xf6\xba\
\x02\x08\x14\x75\x53\xcf\x68\xff\x15\x6d\x6d\x36\x9a\xa4\x3e\x94\
\xef\x4c\x1f\xcd\x11\xbe\x43\x97\x93\xdc\x19\x00\x08\xb9\x5e\xbb\
\xa4\x4e\x4a\xb6\xf6\x6e\x90\x1c\x6a\x85\x6c\xc6\xf9\x6c\x8b\xba\
\x09\xbc\xa6\x14\x7d\x20\xd1\xdc\xf3\x25\x89\x50\x61\x72\xaf\xee\
\x8f\x4c\x74\x92\x4c\x41\x48\xd8\x76\x69\x61\xb2\xa5\xff\x41\xa7\
\xde\xab\x06\x4a\x3e\x9b\xb9\x53\xff\xc0\x9c\x22\x11\x20\xf0\xf4\
\x6f\xc7\x5f\x6b\x5b\xfa\x5e\x6d\xdb\xf6\x9e\xff\xa2\xec\xa3\x7c\
\x77\xea\x58\x66\xeb\x1f\x12\xc1\x50\xfa\x07\x61\x4d\xa2\xa9\x67\
\xae\x44\x08\x99\x7c\x77\xe6\x22\x66\xba\x49\x22\x18\x4b\xfd\x3d\
\xde\xd4\x7b\xbc\x04\xe3\x14\xba\xd2\xaf\x22\x8b\x7f\xab\xcb\x89\
\xee\x0c\x00\xf8\x99\x3e\x37\xf8\xf6\x75\x37\xf7\xbd\x73\xe9\x52\
\xdb\x96\x29\xf0\xa1\xdc\xaa\xf4\xcb\xad\x28\x3b\x4b\xf6\xee\xef\
\xce\x00\x40\x48\x75\x8c\x96\x8a\xa7\xd6\xb7\x0e\x6c\x94\x1c\x7a\
\x68\xa0\x98\x05\x0d\x94\xea\xcb\xaf\x9c\x77\x08\xc7\x63\xdd\xba\
\x9c\xec\xce\x40\x18\x3c\xb7\x81\xb2\xc7\x4b\x78\x39\x17\xfb\x68\
\x9e\x40\xc8\x6c\xa3\x22\xbd\xb1\x1a\xcd\x13\x97\x79\xeb\xf6\xc3\
\x8b\xb1\x52\xb7\x49\x09\x21\x54\x50\xb9\x3b\xf5\x80\xa7\x8b\x8d\
\xc7\x8b\xf5\x79\xcb\x61\x12\x8c\x13\x6f\xe9\xfd\xbb\x5d\x54\x27\
\xe8\xf2\x69\x77\x06\x00\x7c\x4b\xd1\x67\x12\x4d\x3d\x6f\x47\xf3\
\xc4\xff\x92\xf3\x7b\x1f\x1e\x21\xf5\x4a\x5d\xae\x73\x67\x00\x20\
\x6c\xf4\x85\xff\x5d\x43\xb9\xe2\xf1\x68\x9e\x00\xc0\x73\x25\x16\
\xac\x7e\x42\x29\xfb\x5d\x12\x21\x84\xf6\xa8\x81\xe2\xbc\xae\x44\
\x16\x5f\x23\x11\x20\x14\x94\xa2\x77\x25\xe6\xf7\x54\xe5\x02\x6a\
\xfd\x8a\x59\x49\x66\xbe\x40\x22\x98\x0d\x0d\x94\x10\x9b\xd4\xb2\
\x76\xab\xbe\xb0\xc2\x9b\x62\xe6\x63\x65\xf1\x65\x52\x1b\xc9\xb9\
\x51\x47\x85\xd2\xd1\xba\x5c\xed\xce\x00\x80\xcf\x94\xf4\xd7\x3b\
\xe2\xcd\x3d\x9f\x70\x23\x04\xc1\x84\xa6\xde\x01\xdb\x2e\x1d\xa3\
\xaf\x04\xb2\x32\x05\x00\xe1\xf1\xcb\xf5\xff\x2e\x9e\x3e\xf5\xa8\
\x81\xed\x92\x01\x00\xfe\x2b\xd1\xdc\xf7\x53\x7d\x7e\xf0\x1b\x89\
\x10\x32\x7b\xd4\x40\x19\x5a\x95\x3a\x47\x0f\x8b\xdc\x04\x10\x06\
\xea\x17\x89\xe6\x9e\x1b\x25\x54\xdc\x7e\xb5\xf5\x67\xe9\x01\x6b\
\x2e\x9b\x6f\x4b\x4f\xb1\xff\x1e\xa9\x21\xa4\x14\x9a\x68\x7e\xf1\
\xba\xb1\x07\x40\x0c\x16\x5f\xd0\xbf\x76\x74\xd4\x3e\x46\x97\x2b\
\xdc\x19\x00\xf0\x89\x61\x9b\xd4\x79\xf1\xa6\x9e\x6f\x49\x86\x00\
\x49\xb6\xf4\xff\x3b\x6f\xe7\x8f\xd3\x9f\xf7\x7f\x95\x29\x00\x08\
\x3a\x45\x5f\xb9\xf6\xe6\xbe\x4b\xe6\x9c\x3a\x50\x90\x19\x00\x80\
\x17\x19\x1d\x55\x6f\xd3\x03\x56\x11\x08\xa1\x97\x6c\xa0\x2c\x5f\
\x6e\x45\x2c\x8b\x3e\x2b\x11\x20\xf0\xf4\xc5\xd2\xa3\x43\xb9\xd2\
\x5b\x25\x56\x05\x13\x61\xf9\x2e\x5f\x50\x77\x62\x73\x58\xb0\x46\
\x8b\x68\xa0\xf8\x80\x3e\xae\xce\x1d\x7e\x38\x65\xfc\xc3\x1f\xf5\
\x6d\x7d\xcf\x6e\x1c\x1a\x3c\x41\x7f\xf8\xfc\x5a\xa6\x00\xc0\x6c\
\x4f\xdb\xaa\x78\x42\xb2\xa9\xf7\x77\x92\x21\x80\x9c\x37\x4e\xd7\
\x0e\xf4\xbd\x46\x97\x3f\x75\x67\x00\x20\xa0\x4a\xb6\x52\xef\x8e\
\x37\xf7\xbc\x0f\x4b\x31\x02\xc0\x4b\x71\xae\xdd\xf4\x31\xe3\x4a\
\x89\x10\x22\x2f\xd9\x40\x39\x73\x6e\xa3\x73\x63\x37\xe5\x26\x80\
\xc0\xcb\xab\xa2\xba\xb0\x9a\xaf\xed\x0e\xaf\x9c\x3d\x83\x98\x4e\
\x96\x08\x06\xc3\x9b\x07\xe0\x88\xb7\x0d\x3c\xaa\x87\x5e\x37\x81\
\xd1\xa2\x74\x85\x54\x46\x9b\xb9\x68\x5d\x2e\xd9\xda\x77\xa1\x3e\
\xc8\x7c\x46\x47\x7d\xa8\x01\x00\x33\xa9\xac\x2a\xd2\xc2\x64\xf3\
\xc0\x03\x32\x01\x01\x96\x5e\x62\x8f\x24\x5b\xfa\xf4\xb5\xb0\x5a\
\xa6\x23\x8e\xcd\x00\xc1\x33\x58\x52\x74\x4e\xb2\xb9\xf7\xeb\x92\
\x01\x00\x5e\x92\x3e\x66\xdc\xa6\x4f\x0a\x7e\x28\x11\x42\x62\xb7\
\x0d\x94\x75\xed\xb3\x13\xc4\xec\x9c\x30\x02\x84\x83\xb2\xdf\x31\
\xb6\x2e\x7d\x15\x59\x35\x89\x4b\xf5\x10\x75\x13\x18\x6c\x74\x64\
\xfb\xb0\xb3\x81\x38\x80\x3e\x56\x28\x34\xd3\x7c\x80\x89\x2e\x18\
\x3b\x97\xf1\x01\xdb\xb6\x95\xb3\x97\x82\x52\x63\x4d\x9f\xbc\x3b\
\x0b\x00\xe6\x50\xb7\x0f\xee\xa0\x63\xaa\xb5\x3f\x1e\x98\x61\xec\
\xd8\xdc\xd4\xfb\xbf\xfa\xd8\x7c\x89\x8e\x39\x77\x16\x00\x02\xe0\
\xf1\x92\x2a\x1e\x57\xdb\xdc\x73\xbb\x64\x00\x80\x3d\x36\xb4\x43\
\xbd\x4f\x9f\x1b\x3e\x26\x11\x42\x60\xb7\x0d\x94\xe9\x53\x92\x6f\
\x27\xa6\x43\x24\x02\x04\x9a\xbe\x30\xfa\x56\xbc\xb9\xef\x47\x12\
\xab\x86\x99\x2f\x97\x12\x0c\xa6\x88\xee\x99\x78\xcc\x63\x5b\x24\
\x42\xc8\x29\x34\x50\xfc\x62\xca\xf4\xc9\xf1\x33\xa5\xf6\x05\x67\
\xff\x2d\xdb\xb6\x8f\xd3\xe5\x7a\x77\x06\x00\x3c\xe6\xbc\x79\xf0\
\xb9\x6b\x6f\xee\x3f\x7b\xda\xd1\xbd\x3b\xdc\x29\x08\x1b\x7d\x6c\
\xfe\x85\x5d\x52\x38\x36\x03\x04\xc3\x3f\x8a\x6a\xe4\xc8\xda\xe6\
\x81\x55\x92\x01\x00\xf6\x8a\x73\x4e\xa8\x4a\xfc\x7a\x5d\x62\xe9\
\xbf\x90\xd8\x65\x03\x65\x6b\xc7\x9c\x49\xcc\xf4\x51\x89\x00\x81\
\xa6\xaf\x8c\xff\xd6\x5b\xec\x7b\xaf\xc4\xaa\x19\xee\x6a\x6c\xd5\
\x43\x8b\x9b\xc0\x68\x36\x96\xef\x82\xff\xef\xf6\x47\x06\x9c\x4d\
\xbf\x37\xba\x09\x4c\xc6\x16\xfb\x6e\x8f\xa9\x64\x4b\xdf\x43\xa5\
\x42\xee\x48\x5d\xde\xe3\xce\x00\x80\x47\x06\x95\x6d\x5f\x14\x6f\
\xea\xf9\x18\xd6\xc6\x87\x64\x6b\xef\x4a\x39\x36\xdf\xeb\xce\x00\
\x80\xdf\xe8\xeb\xfe\x1f\x3c\x3a\xd0\xf7\xea\xba\xe6\x47\x9e\x91\
\x29\x00\x80\x7d\x92\x68\xed\x69\xd7\x47\x95\xaf\x48\x84\x80\xdb\
\x65\x03\x25\x19\x8d\x7f\x50\x0f\xd3\xdc\x04\x10\x5c\xfa\x24\xea\
\x91\x91\xa1\xc1\x25\x5e\x6c\x0e\x1e\x61\x0b\x9b\xc7\xfb\x04\xdb\
\xa3\x68\xa0\xc0\x7f\x2d\x59\x62\x97\x48\xa9\x3b\x24\x82\xd1\xf8\
\x94\xa1\xee\xb9\x07\x48\xf0\x8d\xda\x05\x6b\x9f\xd2\x17\xf8\x27\
\xea\xcf\x28\xac\xcb\x0d\xe0\x8d\xbe\xd1\x52\x71\x61\xa2\xa5\xef\
\x57\x92\x01\xfe\x73\x6c\x3e\x41\x29\xf5\x0d\x99\x02\x00\x7f\xc8\
\x93\xad\xde\x9a\x68\xea\xb9\xd2\xd9\xdf\x48\xe6\x00\x00\xc6\xe5\
\xa9\xcd\xf9\x8f\xe9\xa1\xc7\x4d\x10\x64\x3b\x6d\xa0\x0c\x3d\x30\
\x67\x3a\x31\x55\xfd\x69\x7c\x00\x0f\x6c\xe4\xe2\xe8\x69\x13\x17\
\xad\xdb\x2c\xb9\x6a\xda\xdb\xad\x28\x31\x3b\xeb\x29\x83\xf9\xfa\
\xe2\xf3\x57\xaf\x91\x1a\x60\x8c\xcd\x78\x2b\xc9\x27\x62\x16\xd7\
\xf8\xf2\x58\xeb\x5c\xe0\xeb\x0b\xfd\x77\xdb\xa4\x96\xe8\xb8\xcd\
\x9d\x05\x80\x2a\xf8\xd5\xe0\x0e\xb5\xb0\xbe\x75\xa0\x57\x32\xc0\
\x7f\x8d\x1d\x9b\x9b\x7b\xdf\xa5\x94\xed\x2c\xc3\x3b\xec\xce\x02\
\x80\xb9\xd4\x63\x76\x49\xbd\x32\xde\xd2\xfb\x3d\x99\x00\x00\x28\
\x8b\x59\x8b\xd7\xe6\xed\xa2\x72\xf6\xb0\xac\xfa\x03\xd9\x50\x5d\
\x3b\x6d\xa0\x44\x92\x35\x1f\xd7\x43\xbd\x9b\x00\x02\x6b\xc8\xb6\
\x4b\x67\x78\x75\x63\xfc\xc8\xc9\xa9\x53\xf4\x30\xdd\x4d\x60\x34\
\x85\x1b\xe5\xf0\x62\xc3\x3b\xe8\x4f\x7a\x28\xb8\x09\x4c\xa6\x4f\
\x76\x7c\xfd\xb6\x5f\xb2\xa9\xf7\x37\x54\x1c\x5d\xa0\x4b\xac\xd5\
\x0d\x50\x59\x79\xfd\xf5\x8e\x78\x53\xcf\x85\xd8\xef\x04\x5e\x4a\
\xa2\xb9\xef\xa7\x45\x7b\xf4\x28\x5d\xe2\xc9\x53\x00\x73\xfd\xbe\
\x30\x34\xf4\x72\x67\x09\x3e\xc9\x00\x00\x65\x95\x9c\xdf\xfb\xb0\
\x52\xf4\x69\x89\x10\x50\x2f\x6a\xa0\x14\x56\x36\xce\x66\xe6\xb7\
\x48\x04\x08\xaa\x91\x12\xd9\xe7\x27\x5b\xfa\x1f\x94\x5c\x75\x11\
\xcb\xdf\x37\xf4\xc2\x44\x29\xfb\x77\x52\x02\xfc\xd7\xd8\xc6\x71\
\x44\x7f\x97\x08\x66\x9b\x3f\x94\x4d\x37\x49\xed\x4b\x4e\xb3\xff\
\x89\x7f\x17\x5f\x41\x8a\x9c\x75\x76\xf5\x8f\x1e\x00\x94\xd9\xea\
\x92\x5d\x7a\x45\xbc\xa9\xe7\x5b\x92\x01\x5e\x52\x5d\xcb\xea\x9e\
\xad\x6a\xcb\x42\x7d\x50\xbe\x5e\xa6\x00\xc0\x0c\x23\x4a\xd1\x07\
\x92\x2d\x7d\x67\x7a\xb1\xda\x04\x00\x84\xcb\x03\x5b\xfa\xae\xd1\
\x83\x67\xf7\x17\xa1\xf2\x5e\xfc\x06\x4a\x4d\xe4\x53\xce\x5f\xdd\
\x00\x10\x48\x25\x65\xdb\x97\xd5\x36\xf5\xfd\x41\x72\xd5\x6d\xeb\
\x9a\x3d\x59\x0f\x67\xb9\x09\x0c\xb7\x51\x36\x0c\x07\x78\x11\x26\
\xbc\x9d\xe4\x17\x51\xf2\xdf\x66\xf2\x2f\x34\xe7\xd4\x81\x42\xbc\
\xb9\xe7\x7d\x25\xb2\x4f\xd7\xf1\x69\x77\x16\x00\xc6\x4b\x29\xf5\
\xbd\xad\x6a\x4b\x5b\x6d\x4b\x7f\xa7\x4c\x01\xec\xb1\xe9\xcd\x1b\
\x86\x12\x4d\x3d\x6f\x54\x8a\x2e\xd6\x11\xcb\x2d\x02\x78\x6f\x75\
\x89\xe8\x15\x89\xe6\x9e\x2f\xd9\xb6\x8d\x87\x4e\x00\xa0\xe2\x16\
\x2f\xb6\x8b\x23\xa4\x9c\xeb\x4d\x2c\xed\x19\x50\xcf\x6b\xa0\x0c\
\xad\x4a\x35\x13\x8f\x9d\xf8\x01\x04\x55\x49\x29\xfb\xf5\x89\x96\
\xbe\x5f\x4b\xf6\x44\x82\x12\x17\x8c\x0d\x60\x3e\xa5\xee\x18\xdb\
\x30\x1c\x60\x27\xd4\x68\x01\x0d\x14\xff\xb8\x74\xf9\x72\x2b\x22\
\xb5\xaf\x39\x0f\x00\x14\x87\x0b\x2d\xfa\x27\x10\x3f\x7f\x00\xe3\
\xf3\x8c\x4d\xea\xec\x44\x73\xef\x5b\x9d\x9b\xe0\x32\x07\xb0\x4f\
\x12\xcd\x3d\xbf\x20\x5b\xb5\xea\xf2\x5e\x77\x06\x00\xaa\x4d\x11\
\xfd\x60\x70\x87\x5a\x50\xdb\xd4\xd3\x21\x53\x00\x00\x55\x31\xa1\
\xa9\x77\xc0\x56\xea\x6a\x89\x10\x30\xcf\x6b\xa0\x44\xa3\xd6\xe7\
\xf4\xf0\xe2\xb7\x52\x00\x82\xa1\xa4\x6c\x75\x85\xb3\x5e\xb1\x64\
\xef\x58\xfe\x7f\x12\x3a\x2c\xb0\x51\x38\xec\x4e\xa2\x6d\xcd\xe3\
\x7a\xe8\x72\x13\x18\xee\xc0\x33\x1b\x1a\x4e\x92\xda\xf7\xea\x16\
\xae\x79\x3a\xde\xd4\x7b\x16\x29\xfb\x4d\x3a\x6e\x77\x67\x01\x60\
\x8f\x29\xba\xb5\xa8\x46\x9a\x92\x4d\xbd\x58\xa6\x13\xca\x26\xde\
\xd2\xfb\xd8\x6d\x03\x7d\x8b\x15\xd1\x27\x74\x1c\x71\x67\x01\xa0\
\x0a\xdc\x86\x78\x53\xcf\x95\xd8\xc3\x0a\x00\xbc\x52\xd7\xda\xff\
\x0d\x7d\x0e\x70\x97\x44\x08\x90\xff\x36\x4b\xf2\xd9\xc6\x57\xea\
\xc1\x59\x12\x02\x20\x88\x46\x94\x6d\x5f\x92\x68\xe9\xfd\x99\x64\
\xcf\x14\x56\xcd\x9b\xa3\x87\xa3\xdd\x04\x86\x2b\xc8\x46\xe1\x00\
\xbb\xa6\x14\x6e\xbe\xf9\x46\xf0\x9a\xd7\xf1\xe6\xbe\x1f\xa9\x22\
\x35\x2b\x45\x7f\x91\x29\x00\xd8\xbd\xad\xfa\xc2\xf6\x8a\x78\x73\
\xcf\xb9\x75\xcd\x8f\x3c\x23\x73\x00\x65\xe3\xbc\xb9\x9c\x68\xea\
\xf9\x4c\x49\x15\x17\xe9\xf8\x4f\x77\x16\x00\x2a\xc6\x69\x88\x0f\
\x17\x9a\xd1\x10\x07\x00\xaf\x8d\x2d\x1b\x58\x18\x7d\x83\x2e\xb7\
\xba\x33\x10\x14\xff\x6d\xa0\x30\x45\x9c\x0d\x6f\x00\x82\x28\x57\
\x2a\x95\xce\x4d\xb4\xf4\xfd\x4a\xb2\xb7\xa2\xd1\xcb\xf5\x5f\xd9\
\x0d\x60\x32\x45\xf4\x77\x3c\xc1\x04\x2f\xc5\x56\x58\x46\xc9\x3f\
\xf8\x9c\xad\x1d\x73\x26\x49\x08\x8c\xc4\xfc\x9e\x75\xb5\xad\x7d\
\x27\xcb\xdb\x28\x5b\xdc\x59\x00\xd8\x89\x5b\xec\x92\xca\x24\x9a\
\x7a\x7e\x22\x19\xa0\x62\x6a\x9b\x07\x56\x3d\xf1\xef\xe2\x02\x7d\
\x42\xf9\x19\x1d\x47\xdd\x59\x00\x28\xa3\x4d\x8a\xd4\xa5\x63\x0d\
\xf1\x85\x6b\xb0\x37\x1c\x00\x18\x21\xb1\x60\xf5\x13\x8a\xe8\x3d\
\x12\x21\x20\xc6\x1a\x28\xb9\xee\xf4\x99\x7a\x38\xc6\xa9\x01\x02\
\x66\x8b\xa2\xd2\x29\xb5\xad\xfd\x77\x48\xf6\x94\x65\x59\xac\x88\
\x9d\x06\x0a\xf8\x00\x36\x08\x87\x3d\x51\x37\x7f\x60\xa5\x1e\x9e\
\x74\x13\x18\x2e\x99\x8c\xc6\x96\x48\x1d\x28\xce\xd3\x4e\xce\xdb\
\x28\xa5\x51\xca\x10\xa9\xdf\xc8\x34\x00\xb8\x9e\xb4\x15\xbd\x36\
\xde\xd4\x73\x5e\xb2\xb5\x77\x83\xcc\x01\x54\xdc\x9c\x53\x07\x0a\
\xf1\xe6\x9e\x4f\x94\xec\xd2\x51\x3a\x62\x4f\x06\x80\x72\x51\xb4\
\xbc\x38\x5c\xc8\x24\x9a\x7a\x7f\x2e\x33\x00\x00\xc6\x70\x1f\xd6\
\x51\x37\x4b\x84\x00\xb0\x96\x2d\x73\x6e\xe9\xd2\x67\x25\x03\x04\
\xc9\xba\xd1\x62\xe9\x98\x44\x53\xff\x3f\x24\x7b\x6e\xb8\x2b\xf5\
\x4a\x26\x3a\x5c\x22\x18\x4e\x15\xe9\x76\x29\x01\x76\xc9\xb9\x71\
\xad\xe1\x67\xc5\x37\xac\x40\xef\x41\x55\xdb\xd6\xf3\x64\xbc\xa9\
\x77\x49\x49\xd1\x99\xfa\x28\xf6\x98\x4c\x03\x84\x55\x49\x7f\x7d\
\x2d\x37\x5a\x48\x25\x9b\x7b\x70\x11\x0b\x9e\xa9\x6d\xe9\xef\xbc\
\x6d\xa0\xef\x28\xa5\xe8\x03\x3a\x0e\xb9\xb3\x00\xb0\x0f\xd6\xe9\
\x33\xef\xb3\xe2\xcd\x3d\xe7\xe3\xad\x13\x00\x30\xd9\x68\xa9\xf4\
\x36\x3d\xe0\x38\x15\x10\xd6\x55\xe7\xa5\x2e\x23\xe2\x26\xc9\x00\
\xc1\xa0\xd4\xfd\xa5\x42\x6e\x51\xfd\xfc\xfe\x3e\x99\x31\x05\x36\
\x8f\xf7\x8f\x2e\x67\x59\x1c\xa9\x01\x76\x4b\xe1\x6d\x25\xff\x60\
\x7a\x65\xa1\x3b\x15\xf8\x46\x76\x6d\x73\xcf\xed\x9b\x47\xb7\x3b\
\x6f\xa3\x5c\xab\x23\x36\x32\x86\x30\x7a\xc0\x2e\xaa\x85\xf1\xa6\
\x9e\xf7\x4c\x6e\x5b\xb3\x4d\xe6\x00\x3c\x33\xb6\x37\x4a\x73\xcf\
\x97\x54\xd1\x79\x53\x90\xb0\x57\x03\xc0\xde\x29\xea\xaf\x2f\x6c\
\x55\x5b\x32\xc9\xe6\x5e\x9c\x77\x03\x80\xf1\xea\x5b\x07\x36\xda\
\x64\xbf\x55\x22\xf8\x9c\xc5\x44\x17\x48\x0d\x10\x14\x37\x3e\xb5\
\x25\x7f\x42\xed\x82\xb5\x4f\x49\x36\xc2\x93\x1d\x33\x6b\xf5\xef\
\xdb\xf9\x12\xc1\x74\x0a\x37\xc4\x61\xcf\x6d\x2d\x6e\xbf\x4b\x0f\
\xc3\x6e\x02\xc3\xb1\x22\x2b\x14\x4b\x29\x1e\xd8\xb6\x7e\x38\xde\
\xd4\xfb\x91\x11\x52\xcd\xfa\x98\x66\xc4\x52\x96\x00\x55\xf0\xb4\
\xb3\x1f\xd0\xb5\x37\xf7\x1d\x9d\x9c\xdf\xfb\xb0\xcc\x01\x18\xc3\
\x79\x40\x27\xde\xd4\x73\xb6\xf3\x14\xbd\x22\xfa\x97\x4c\x03\xc0\
\xae\xfd\xa3\x54\x2a\x2d\xd0\xbf\x37\x1f\x9a\xde\xbc\x01\x6f\x70\
\x01\x80\x6f\x24\x9b\xfa\x7e\xab\x3f\xeb\xaf\x97\x08\x3e\x66\x6d\
\x1c\x1a\x3c\x5f\x29\xf5\x3d\xc9\x00\x7e\x36\x6a\x13\xbd\x4f\x9f\
\x58\xbd\x6e\xd6\xe2\xb5\x79\x99\x33\xc6\x94\xd8\xc4\xb3\xf5\x30\
\xd1\x4d\x60\x3a\x5b\x95\xd0\x40\x81\x3d\xe6\xdc\xa8\x26\x52\x4e\
\x13\x05\xfc\x80\xe9\xf2\xb1\x05\x4c\x43\x62\x42\x53\xef\x40\xbc\
\xb9\xe7\xf4\x52\xa9\x74\xba\xfe\x39\x1d\x90\x69\x80\xa0\x29\xe8\
\x9f\xef\x2f\xe6\x46\x0b\x0d\xce\x7e\x40\x4b\x97\xda\xfa\xb4\x10\
\xc0\x5c\xce\x53\xf4\xcf\x0e\x0d\x66\x94\xa2\xa5\x3a\xe2\x21\x0c\
\x80\x17\x7b\x52\x29\xfb\xf2\x64\x4b\xdf\xe2\xda\xd6\xfe\x2e\x99\
\x03\x00\xf0\x95\xe1\x5c\xf1\xbd\x7a\xc0\xea\x26\x3e\x67\xcd\x5c\
\xb4\x2e\x97\x68\xee\x7d\xab\x3e\x71\xbb\x48\xe7\xad\xee\x34\x80\
\xdf\xa8\x0d\x8a\x4a\x27\x26\x9b\x7a\xbe\x22\x13\x06\x62\x2c\xdf\
\xe5\x1f\x4f\x7e\xfe\xd6\xd5\xce\xc6\xe0\x00\x7b\x81\xd1\x74\xf3\
\x09\x26\x9a\x33\xbc\xaa\xe1\x68\x89\xa1\x51\xdb\xda\x7f\x47\xcf\
\x68\xbf\xb3\x6c\xeb\x3b\xf4\xd7\x33\x63\x93\x00\x41\xa0\x68\x39\
\x8d\x16\x33\xf1\xa6\xde\x0f\x62\xb9\x2e\xf0\x13\xf7\x5a\xbc\xe7\
\x53\xaa\x30\xda\xa8\x7f\x90\x6f\xd2\x53\xca\xfd\x0e\x40\xa8\xe5\
\xf5\xaf\xc2\xb5\x43\xb9\x62\x63\xa2\xb9\xef\xa7\xce\x7e\x83\x32\
\x0f\x00\xe0\x3b\x53\x8f\x1a\xd8\x4e\xb6\x7a\xbd\x2e\xf1\x70\x8f\
\x8f\x59\xff\xaf\xbd\x3b\x01\x8c\xaa\xba\xf7\x07\x7e\xce\x9d\xec\
\x83\x41\x5c\x40\xd1\x2a\xae\xac\x09\x18\xa1\xd5\xd6\xa5\xa5\xda\
\x6a\xd1\xba\x54\x3b\x95\x40\x66\x49\x62\x6b\xed\xf2\x6f\xfb\x5a\
\xbb\x6a\x6d\xfb\xfa\xec\xde\xd7\x56\xad\x26\x99\x99\x24\x80\x46\
\xad\xb8\xe1\x2e\xad\x75\x43\xb1\xc8\x62\x12\x50\xa4\x20\x6e\x80\
\x08\x04\xb2\xce\xcc\x3d\xff\xdf\xe1\xfe\xec\x53\x14\xb8\x77\x32\
\x99\xdc\x3b\xf3\xfd\xbc\x77\x3d\xbf\xdf\x19\x28\xc9\xdc\x99\x3b\
\xf7\xce\xef\x9e\x73\xb8\x15\x74\xe2\xd6\xa6\x12\xfd\x53\xe9\x83\
\xea\x1f\xdc\x05\xe0\x09\x74\x36\xf5\x50\x52\x25\x4e\x72\xd3\x62\
\xf1\x7b\xea\x59\x36\xf9\x70\x29\xc4\xd9\x9c\x82\xcb\xd1\x6b\x6a\
\x11\xee\x5c\x05\xa7\x52\x09\xa1\x17\x92\xc7\x05\x9e\x57\x48\x19\
\xe4\x28\xaf\x54\x55\x99\x89\xe2\x8a\xf6\x1b\x76\xed\x54\xc7\xd3\
\xcb\xf5\x67\xd4\x85\xa9\x30\xc0\xcb\x9e\x54\xa6\x79\x9a\x5e\x4c\
\xb8\xb8\x6a\xcd\x2b\xdc\x07\xe0\x39\x25\xd3\x5f\xda\x58\x5c\xd1\
\x31\x5b\x25\xc5\x27\xe8\xd8\xfc\x34\x77\x03\xe4\x1b\x45\xff\xb7\
\x80\xde\x07\x13\xf4\x14\xa4\xbb\xbf\x74\x04\x00\xc8\x01\xc5\x53\
\x3b\xfe\x21\x94\xfa\x5f\x4e\xc1\x83\xfe\x53\x40\xd1\x4a\xaa\xd6\
\xbe\x7a\xdd\x9d\xab\x3f\xad\xa7\x41\xa2\x14\xc3\x88\xc1\xed\xfa\
\xe9\x0c\xeb\x7b\xbf\xba\xb3\xf3\x73\xfe\xca\x97\x5d\x7d\x27\xad\
\x51\xa8\xaa\xa9\xf1\x59\x19\xb8\x1d\xbd\xae\x30\x92\x00\x1c\x2b\
\xab\x6a\x7f\x93\x1a\x8c\x5c\xf2\x08\x29\xe5\xa5\x1b\x1e\x3f\xb6\
\x84\xd3\xbc\x73\xf0\xc7\x3b\x76\x16\x57\x74\x5c\x93\xea\xef\x3d\
\x9e\xd2\x3f\xd1\xd6\xbf\xfb\x01\x00\x6f\x58\x91\x52\xe2\xfc\xe2\
\x8a\xf6\xd3\x4b\xa6\x76\x3e\xc5\x7d\x00\x9e\x57\x72\x52\xfb\x33\
\xa5\x53\x57\x9f\x66\x0a\x75\x09\x9d\x90\xae\xe6\x6e\x80\x9c\xa7\
\x94\x78\xd4\x34\xcd\x8f\x15\x57\xb6\x57\xeb\x75\x82\xb8\x1b\x00\
\x20\x67\x6c\xe9\xe9\xfe\x11\x35\x9d\x56\x06\x5e\xf3\xbe\x02\x8a\
\xa6\xef\xba\xde\x3d\x0d\x52\x22\x59\x49\x1f\x63\x18\x8d\x02\x2e\
\xa5\x56\x25\x93\xe6\x47\x4b\x2a\x3a\x7e\xe3\x85\x91\x02\x52\xe4\
\xe7\x9d\xce\x1e\xd5\xbb\x3d\xd1\xf5\x28\xc7\x00\x8e\xd0\xc5\x1f\
\x8a\x6f\xde\x71\xe0\x98\x51\xa5\x7a\x6d\xaa\xbc\x56\x36\x7d\xdd\
\x5b\xc5\x15\xed\xdf\x54\xfd\x89\x13\x94\x52\x0d\xd4\x95\xb0\x1e\
\x01\x70\xa5\x17\x4d\xa1\x2e\xbd\xee\xce\xce\xaa\xb2\xca\x76\x3d\
\xea\x0f\x20\xe7\xe8\xe9\x8a\x4a\x2b\x3a\xfe\xb6\x64\x5b\xa7\x9e\
\x72\xb1\x5e\x28\xb1\xd1\x7a\x04\x20\x27\x3d\x27\x52\xa9\xb3\x4b\
\x2a\xdb\xcf\x2e\x9d\xda\xb9\x94\xfb\x00\x00\x72\x8e\x9e\xb6\xd3\
\x4c\xaa\xb9\x14\xe2\x7a\xcb\x83\x3e\x50\x40\x79\x97\x1e\x06\x5f\
\x3a\x75\xf5\x4c\x61\xaa\xb0\x10\xea\x6d\xee\x06\x18\x6e\x09\xba\
\x88\xf8\xc5\xc6\xd7\x53\x33\xfc\x27\x75\xae\xe4\x3e\x57\xeb\x59\
\x35\xb9\x8a\x9a\x29\x56\x06\xee\xa7\x1e\xb3\x16\x04\x07\x70\xce\
\x54\x29\x14\x50\x3c\x44\x0a\x81\xb5\xa9\x98\x9e\x3e\xa6\xa4\xb2\
\xe3\x72\x7a\x11\x9f\xa8\x94\xb8\x81\xba\xfa\xac\x47\x00\x5c\x61\
\x85\x5e\xaf\xf1\xba\x3b\x3b\xa7\x96\x56\x74\xdc\x81\x69\x36\x21\
\x1f\x9c\x79\xa6\x99\x2c\xae\x68\x6f\xdc\xf8\x46\xf2\x04\x3a\x36\
\x7f\x9d\xba\x5e\xb7\x1e\x01\xc8\x09\x2f\x98\xc2\xbc\xb0\x74\x6a\
\xe7\x29\xc5\xd3\x56\xe3\xe6\x35\x00\xc8\x0b\xa5\x27\x75\xfc\x4b\
\x29\xf5\xdf\x9c\x82\x87\xec\xb5\x80\xa2\xe9\xbb\x5f\x8a\xa7\x76\
\xc4\x13\x09\x35\x51\x09\xd1\xa4\xbb\xac\x47\x00\x86\xc5\xf3\x29\
\x33\xf5\xd1\xe2\xca\xf6\x9f\x1c\x7f\xce\x1a\xcf\x4c\x35\xe2\xc3\
\x17\x74\xde\x62\x62\x04\x01\xa4\x6f\xc4\x49\x2f\xad\xa0\xe6\x55\
\x2b\x03\xd7\x93\xe2\x33\xdd\xcf\x1e\x3f\x86\x33\x20\x74\xde\xb7\
\xbe\xa4\xb2\xfd\x4a\x33\xa5\x8e\x13\x42\xfd\x9e\xba\x76\x5a\x8f\
\x00\x0c\x07\xf5\xb4\x9e\xaa\xab\x74\x6a\xe7\x49\x7a\xbd\x46\x14\
\x4e\x20\x1f\xe9\xeb\x1e\x3a\x36\xff\x65\x4b\xf7\xae\x13\x4c\xa5\
\xbe\x49\x5d\xaf\x59\x8f\x00\x78\xd2\x72\xd3\x34\x2f\xa2\xe3\xfa\
\xc9\xa5\x15\x9d\x77\x63\x81\x78\x00\xc8\x37\xcf\x6e\x5b\xad\x0b\
\x28\x18\x71\xe7\x31\xfb\x2c\xa0\xbc\x6b\x44\x55\xe7\xdb\x25\x15\
\xed\x75\x74\x31\xfd\x31\x7d\x21\xc3\xdd\x00\xd9\xb2\x43\xdf\x75\
\x75\xef\x9a\xce\x53\xca\xa6\xae\x5e\xce\x7d\x9e\xb0\x6c\x99\x51\
\x48\xcd\x65\x56\x06\x1e\xa0\xe8\x14\x1e\x53\x82\x40\xda\xf4\x45\
\xa0\xc2\x6b\xc8\x4b\x0a\x7c\xa5\xc5\x7a\x8d\x2a\xd8\x43\xe9\xb4\
\x8e\x37\x8a\x2b\x3a\xbe\xd3\xdf\xd5\x7d\xb4\x12\x4a\xcf\xd7\xfb\
\x96\xf5\x08\xc0\x90\xd3\x45\x92\x7b\x94\x32\x4f\xa7\xd7\xe0\x27\
\xf4\x54\x5d\xf8\x82\x0d\xc0\x9a\xfa\xa3\xb4\xb2\xe3\x4f\x1b\x5f\
\x4f\xea\xb5\xab\xae\xa4\xd3\xd6\xf5\xd6\x23\x00\x9e\xb0\x84\x47\
\x9c\x54\xd1\x76\x17\x8e\xeb\x00\x90\xaf\xf4\x08\xd3\x44\xc2\xd4\
\x37\x5a\xf7\x5a\x3d\xe0\x05\xb6\x0a\x28\xef\xa2\x8b\xe9\xe7\xf5\
\xa2\x76\xca\x34\x03\xf4\x69\xf7\x0a\x77\x03\x0c\x15\x7d\x56\x15\
\x4d\xf5\xf7\x4e\xd0\x77\x5d\x5d\x72\x89\x99\xe2\x7e\xcf\x98\x58\
\x30\xe1\x1c\x6a\x46\x5b\x19\x78\xc0\xbf\xf4\x97\x86\x1c\x03\xa4\
\x45\x4a\x13\xa3\x98\x3c\x44\x4a\x8c\x12\xdc\x97\xf2\x4f\xac\xdf\
\x56\x52\xd1\xf1\xcb\xb7\xde\xe9\x3d\x86\x52\x3d\x17\xbf\x27\xa6\
\xcf\x04\x4f\xea\xa6\xf3\xbe\xbf\x0e\x08\x35\xa9\xb8\xa2\xfd\x82\
\x92\xca\xce\x27\xb9\x1f\x00\xde\x63\xf7\x88\x94\x8a\xf6\x1b\x96\
\xbc\xb3\xfa\x04\x25\x94\xbe\x09\xe0\x05\xeb\x11\x00\xd7\x51\x74\
\x5c\x7f\x90\xae\xea\x3f\x45\xaf\xd9\x53\x31\xe2\x04\x00\xc0\x32\
\xa2\xaa\x73\xb5\x29\xcc\x1f\x70\x0a\x1e\xe0\xa8\x80\xa2\xe9\x0f\
\xbc\x92\xa9\x9d\xb7\xad\x5b\xd3\x39\x89\x87\x10\xe3\x8e\x44\xc8\
\x3c\x25\xfe\xa9\x47\x3c\x95\x54\xb4\xd7\xea\x05\x6e\xb9\xd7\x73\
\x0c\x21\xf1\xc5\x9c\x87\xd0\x19\xfe\x3d\x1c\x02\xa4\x6d\xe3\xeb\
\xe6\xdf\xa9\xd9\x65\x65\xe0\x01\x53\x7b\x96\x4f\x98\xca\x31\xec\
\xc5\xd1\x67\xae\xeb\xd3\x73\xf1\x17\x57\xb6\x4f\xd5\x5f\x84\xd0\
\x11\xf3\x4e\xea\xf6\xdc\x8d\x0d\xe0\x3e\x4a\x88\x7f\x2b\xa1\xbe\
\xdb\x67\xf6\x1e\x49\xe7\x7d\x57\x1c\x50\xd1\xb1\x86\x1f\x02\x80\
\x7d\xd0\x77\xb0\x96\x54\x74\x2c\xa0\x63\x73\x15\x1d\x8e\xcf\xa2\
\x77\x93\x1e\x01\x8b\x69\xee\xc0\x0d\xfa\xe8\xd8\xde\x98\x54\xa2\
\x92\x8e\xeb\xe7\x16\x4f\xed\xf8\x07\xf7\x03\x00\x00\xfb\xf5\x9d\
\x6b\xfe\x4c\xc7\x4a\xfd\xdd\x01\x78\x80\xe3\x02\xca\xbb\x26\x5d\
\x62\x0e\xe8\x21\xc4\xef\x24\x76\x1c\x47\x3b\xfc\x2a\x3a\x61\xc3\
\x42\xf3\x90\x09\xed\xa6\x50\x17\x14\x57\xb6\x9f\xa9\x47\x3c\x71\
\x9f\x27\x75\x3d\x35\x6e\x94\x90\xe2\x7c\x4e\xc1\x03\xb0\x00\x38\
\x64\x82\xb5\x46\x93\x7a\x98\x53\xf0\x00\x9f\xcf\x40\xb1\xdb\x01\
\xfd\x45\x48\x71\x45\xc7\x17\x54\x7f\xe2\x18\x7a\xad\x5f\x4b\x5d\
\x98\x8f\x1f\x9c\x4a\x0a\x25\xee\xa2\x4f\xde\x73\x7f\x75\x67\xe7\
\xf1\x25\x15\x1d\xbf\x1d\x39\x75\xdd\x76\x7e\x0c\x00\x1c\x2a\xae\
\x58\xfd\x18\x1d\x97\xcf\x1f\x50\x62\xa2\x52\xea\x7a\xea\xc2\xfa\
\x55\x30\x1c\x5e\x57\x42\xfc\x24\x91\x4a\x1e\x55\x52\xd1\x5e\xef\
\xaf\x6c\x7f\x91\xfb\x01\x00\x60\x0f\xbb\xd7\xf6\x4b\x8a\x30\x85\
\x3b\xac\x1e\x70\xb3\xb4\x0b\x28\xef\x3a\xbc\xea\xb5\x1e\xfa\x70\
\xfc\xf5\x76\xb5\x7d\x9c\x52\xe2\x3b\xd4\xf5\xa6\xf5\x08\x80\x23\
\x2f\xe9\x21\xe8\xd7\xdd\xd9\x59\x59\x5a\xd1\x91\x13\xa3\x00\x8a\
\x0f\x28\x0b\xe8\xc6\xca\xc0\xf5\x94\xd8\xc8\x0b\x80\x03\x0c\x9a\
\x12\x12\xa3\x99\x3c\x45\xce\x7e\xfc\x71\xa3\x80\x13\xb0\xa9\x64\
\xfa\x4b\x1b\x8b\x2b\x3a\x7e\x7a\xef\x9a\xce\x71\x7a\xa1\x6f\x7a\
\xe1\xdf\x4d\xdd\x09\xeb\x51\x80\x0f\x52\x42\xac\xd5\x5f\xae\xa9\
\xfe\xc4\xb1\xc5\x95\xed\x17\x15\x57\x74\x3e\x88\x85\xe1\x01\x32\
\xe7\x80\xca\xf6\x97\x4a\x2a\x3b\xbe\xd6\xdd\x9b\x3c\x72\xf7\x6c\
\x11\x4a\xac\xe6\x87\x00\x86\x8a\x9e\xa6\x6b\xb1\x29\xd4\xa5\xed\
\x89\xce\x63\x4a\x2a\xda\x7f\x31\x62\xda\x9a\x2d\xfc\x18\x00\x00\
\xec\x43\xc9\x49\xed\x1b\xe8\x18\xaa\x67\x77\x02\x97\x93\x7a\xb5\
\xdb\x4c\xda\xf0\xf8\xb1\x25\x87\x1d\x58\x52\x23\x0c\xf1\x6d\xfa\
\x9f\x1f\xcf\xdd\x00\x7b\xf3\xa2\x32\xd5\x75\xf7\xbd\xbc\xfa\x56\
\x2f\xae\x71\xb2\x2f\xfd\x2b\x27\x3d\x2d\xa4\x3c\x95\x53\x70\x39\
\x3a\x14\xde\x50\x52\xd9\x7e\x25\xa7\x00\x83\xb2\x6b\xf9\xf8\x43\
\x0b\x7d\x05\xfa\x86\x02\x9f\xd5\x03\x6e\x97\x4a\xa5\x66\x95\x4d\
\x5b\x7d\x3f\xa7\x90\x26\xfd\xda\xf7\x19\xbe\xcb\x0c\x29\xe7\x52\
\x3a\xdd\xea\x85\x3c\xb7\x83\xae\x36\xfe\x46\x6d\x73\xd9\xd4\xce\
\x27\x30\xff\x3d\x40\xf6\x18\x86\x21\x7b\x56\x4c\x3c\x5d\x0a\x55\
\x4b\xd7\xe6\x97\x52\x57\xa9\xf5\x08\xc0\xa0\x6d\xa1\x2b\xa8\xd6\
\x44\x42\x35\xe8\xb9\xfc\xb9\x0f\x72\x54\xff\xaa\xc9\xfa\x06\x19\
\xdc\x6c\xe4\x12\xfa\xe6\xf5\x92\xca\xf6\xdf\x73\x0a\x39\xa0\x7f\
\xe5\xe4\x85\x42\x8a\x0b\x39\x05\x97\x30\xcd\xd4\xc7\x4a\xa7\xae\
\x7e\x4e\xc7\x83\x1e\x81\xb2\xa7\xdd\x73\x64\x4f\xed\xb8\xf9\xba\
\x3b\x57\x4f\xa2\x0b\xa4\x8b\xf4\xdd\x08\xd4\x8d\x0b\x25\xd8\x83\
\x7a\x5a\xbf\x3e\xae\xbb\xb3\x73\x6a\xc9\xd4\x8e\xf9\xb9\x56\x3c\
\xd9\xb9\xfc\x84\x13\x84\x94\xa7\x70\x0a\x1e\x80\x85\xbf\x21\x93\
\xf8\xce\xbb\x25\x56\x06\x5e\xe0\xf3\xf9\x30\x8d\x57\x06\xe8\xd7\
\xbe\x9e\xe2\xb5\xb8\xa2\x7d\x46\x22\x99\x9a\x44\x9f\xf7\x3f\xa3\
\x93\xc0\x97\xf9\x61\xc8\x1f\xfd\xb4\xdd\xa3\x4c\x33\xb0\xa5\x7b\
\xd7\xe1\x25\x15\xed\xb5\xb4\xfd\x13\xc5\x13\x80\xec\xda\xbd\x7e\
\x29\xbd\xf7\x8a\x2b\x3a\x82\xfd\x5d\xdd\x47\x08\x53\x7d\x9d\xba\
\x3d\x3d\x4d\x32\x0c\xab\x94\x50\xe2\x7e\x3a\x92\x7f\xa1\x3d\xd1\
\x79\x04\xbd\xae\xbe\x83\xe2\x09\x00\xc0\xe0\x25\xc5\xc0\x97\xa9\
\xd9\x6c\x65\xe0\x46\x19\x1f\x81\xf2\x61\xba\x57\x9c\x38\xd9\x27\
\x0b\xbf\x2a\xa5\xa8\xa6\x74\xa4\xd5\x0b\x79\x48\xdf\xb5\xb0\xd0\
\x54\xc9\xdf\x97\x56\xae\x79\xd6\xea\xca\x4d\xfd\x2b\x27\xff\x5c\
\x48\xf1\x63\x4e\xc1\xfd\x76\x6d\x7c\x3d\x79\x88\xb5\x76\x05\x40\
\x66\xf4\xad\x9c\x7c\x15\x7d\xee\x5d\xc7\x29\xb8\x5f\x5f\x9f\xd9\
\x7b\x38\xd6\x61\x18\x1a\xbd\xcb\x27\x4d\x37\x0c\xf9\x45\x25\xc5\
\x45\x52\x88\xe3\xb9\x1b\x72\x8b\x5e\xff\xe9\x11\x25\xe4\xed\x7d\
\x89\xfe\xbb\x0f\xac\x5a\x8b\xf9\x9c\x01\x5c\x4a\x5f\x9f\x17\xc8\
\x82\xb9\x4a\xca\x2f\xd2\x31\xf9\x18\xee\x06\xd8\x9b\x65\x4a\x89\
\xf9\x66\x52\xdc\x52\x56\xd5\x8e\x29\xdb\xf3\x10\x46\xa0\xb8\x0b\
\x46\xa0\xe4\xa6\xde\x15\x13\x2f\x34\x0c\x63\x21\xa7\xe0\x02\xef\
\x1d\x81\x92\x95\x02\xca\xbb\x36\xad\x1c\xeb\x3f\x50\x8c\x0c\xd0\
\x3f\x5b\x27\x30\xb5\x51\x3e\xa1\x93\x2c\xd5\x60\x9a\xe6\xcd\xf4\
\xc2\x7b\x9d\xfb\x72\xd6\xb5\xd7\x1a\xc6\xf7\x2f\x9e\xb8\x8e\xc2\
\xa3\xad\x1e\x70\x3f\x75\xa7\x5e\x10\x99\x13\x80\x8c\xd8\xb5\x7c\
\xfc\xa4\x42\x5f\x41\x3b\xa7\xe0\x0d\x97\x17\x57\xb4\x37\x70\x0c\
\x43\xa4\x7b\xe5\xe4\x29\x3e\x21\x2e\x96\x52\x5c\x40\xe9\x49\xb4\
\xc9\xdd\x0f\x80\x17\xed\xa0\xcf\xd0\x07\x94\x92\x77\xf7\xf4\x25\
\xef\x3f\xe8\xa3\x6b\xba\xb8\x1f\x00\x3c\x40\x4f\xf1\xd5\xbd\x62\
\xe2\xc7\x0c\x25\x02\x42\xaa\x2f\xd2\xe1\x78\x2c\x3f\x04\xf0\x92\
\x50\xe2\xf6\x84\x99\x5c\x30\x62\xda\x9a\x0e\xee\x83\x3c\x85\x02\
\x8a\xbb\xa0\x80\x92\xbb\xfa\x57\x4e\x8a\x09\x29\x43\x9c\xc2\x30\
\x1b\xb6\x02\xca\x7b\xed\x5c\x35\x69\x7c\x91\x10\x21\xa1\x64\x35\
\x5d\x36\x7f\x84\xbb\x21\x77\xd0\x07\xac\xba\x37\xa5\x64\x6c\xe9\
\xb6\xce\x07\xcf\x3c\xd3\x4c\x72\x7f\xce\xeb\x5f\x31\xe9\x93\xc2\
\x90\x7f\xe7\x14\xbc\xc0\x54\xe1\xe2\xa9\x1d\x71\xce\x00\x32\xa6\
\x6f\xd5\xe4\xb5\x52\x88\xe3\x38\x05\xf7\x7b\xb2\xb8\xa2\xfd\x74\
\x8e\x21\x0b\x7a\x57\x4c\x38\xc2\x10\xc6\x2c\xfa\xdc\x9c\x45\xe9\
\xa7\x69\xf3\xef\x7e\x00\xdc\x4c\x7f\x91\x76\xbf\x50\xe6\x03\xed\
\xc9\x35\x4f\x54\x55\x99\xfa\x4b\x15\x00\xf0\xb8\xdd\x37\x81\x5d\
\x38\xe1\x0c\x65\xc8\x80\x14\xea\xf3\x28\xa6\xe4\x21\x25\xf4\x74\
\x5c\x77\x24\x53\xe6\xed\xfe\x93\x3a\x57\x5a\x9d\x00\x28\xa0\xb8\
\x0d\x0a\x28\xb9\x6b\xfb\xb2\xe3\x47\x96\x16\x16\xaf\xa0\x10\x37\
\x64\xbb\x80\x2b\x0a\x28\xef\xd2\x27\x6a\x57\x5d\x34\xfe\xe3\xf4\
\xa3\x04\xa4\xdc\xbd\xb0\xdd\x18\xeb\x11\xf0\x20\x45\x47\xf2\x25\
\x42\xca\x79\x89\x84\x79\xdb\x88\xaa\xce\xb7\xb9\x3f\xaf\xf4\xad\
\x9a\x1c\x95\x42\x84\x39\x05\xf7\x33\x93\x6a\xe0\x70\x7f\xe5\xcb\
\x98\x6f\x12\x32\xae\x7f\xe5\xe4\x3f\x08\x29\xfe\x1f\xa7\xe0\x7e\
\x4a\x24\x92\x27\x14\x57\xad\x79\x85\x73\xc8\xa2\xb5\x0f\x8e\x2f\
\xfe\xc8\x58\xe3\x13\x42\x1a\xba\x90\x72\x16\x6d\x27\xd3\xe6\xd3\
\x8f\xc1\xb0\xda\x4c\xef\x8c\x47\xe9\xe3\xf2\x31\x95\x4c\x3c\x5a\
\x52\xb5\xf6\x55\xee\x07\x80\x1c\xb5\x7b\x64\xca\xb2\x09\x27\x1b\
\x3e\x71\x3e\x5d\xa7\x7f\x9e\xba\xa6\x59\x8f\x40\x8e\xd1\xeb\x90\
\x3e\xa3\x84\xb8\x37\x99\x30\xef\xc1\x7a\x26\xb0\x37\x28\xa0\xb8\
\x0b\x0a\x28\xb9\xad\x7f\xe5\xa4\x4f\x09\x29\xe9\xdc\x3b\xf3\xeb\
\x96\x83\x33\xae\x2a\xa0\xbc\xd7\xee\x62\xca\xc5\x13\x4f\x93\x42\
\x5c\x4c\x3f\xd5\xe7\x31\x1f\xab\x27\xe8\x17\xd0\xf3\xf4\x9f\x3b\
\xa4\x32\x6f\x2f\xae\xec\xfc\xb7\xd5\x9d\x9f\xde\x5c\x76\x64\xd9\
\x41\x85\x23\xdf\xa2\xf0\x00\xab\x07\xdc\x4f\x3d\x5d\x5c\xd1\xf1\
\x09\x4e\x00\x32\xaa\x7f\xe5\xc4\x99\x42\x1a\x8f\x71\x0a\x9e\xa0\
\xae\xa5\x63\xc2\x4f\x39\x81\x61\xb4\x63\xc5\xb1\x07\x16\xca\xd2\
\xd3\x7c\x52\x9c\x49\xe9\x19\xb4\x55\xd1\x86\x8b\xf7\xa1\xf7\x16\
\x9d\xdd\x3d\x49\x57\xe7\x8f\x27\xa5\xfc\xc7\x01\xd3\x3a\xdb\xb1\
\xf8\x3b\x40\x7e\xeb\x5b\x76\xfc\x51\xd2\x57\xf4\x79\x25\xe5\xe7\
\xa4\x14\x7a\xa4\xe6\x08\xeb\x11\xf0\x20\x7d\xd3\xd8\xc3\x4a\x99\
\x0f\x25\x4d\xf3\xa1\x11\xd3\xd6\x6c\xb1\xba\x01\xf6\x0e\x05\x14\
\x77\x41\x01\x25\xf7\xd1\x7b\xee\x8f\xd4\x7c\xd3\xca\x60\xb8\xb8\
\xb6\x80\xb2\xa7\xee\x17\x26\x56\xfa\x0a\xe4\x79\x52\xc8\x73\x29\
\x3d\x85\x36\x1c\xb0\xdd\xa1\x9f\x5e\x35\x7f\x97\x42\xdc\xab\xfa\
\x13\xf7\x96\x4c\x7f\x69\x23\xf7\xe7\xbd\xbe\x15\x93\xaa\xa5\x21\
\xe7\x71\x0a\x1e\x40\x87\xc0\x1f\xd0\xc9\x07\x16\xfa\x86\x21\xb1\
\x6c\x99\x51\x38\xb9\x70\xa2\xbe\x50\x3d\xd0\xea\x01\xb7\xa3\xcf\
\xb7\x75\x65\x53\x3b\x8f\xc7\x17\xc6\xee\xb3\xe5\xf1\xc3\x46\x94\
\x1f\x78\xd0\x74\x25\xe5\x29\x74\x0e\xf2\x31\x21\x77\x9f\x1b\x1e\
\x66\x3d\x0a\x69\x1a\xa0\xed\x45\x7a\xb1\xeb\x0b\x83\x67\x64\x7f\
\xea\xc9\xe2\xe9\xab\xf5\x3a\x6e\x00\x00\x1f\xaa\xe3\x0e\xa3\xe8\
\xd8\xf1\x13\xe9\x38\xac\x78\xb4\xa0\xfc\x28\xb5\xb8\x4e\x77\xaf\
\x5d\x74\x8c\x7f\x92\x4e\x70\x1e\x57\x29\xf5\xc8\xaf\xef\x59\xfd\
\xc2\x35\xd7\x98\x26\x3f\x06\x60\x0b\x0a\x28\xee\x82\x02\x4a\xee\
\x7b\x6d\xc9\xd1\xa5\x87\xfa\x47\xfc\x8b\xc2\x89\x56\x0f\x0c\x07\
\xcf\x14\x50\xde\xeb\x9d\xe7\xc6\x97\x97\x16\x1b\x33\x0d\xc3\xf8\
\x14\xa5\xfa\x2e\xc4\x4a\xda\x30\x9c\x29\x7b\x5e\xa2\x97\xca\xa3\
\x74\xa6\xf5\xc0\x4e\xb1\xed\xef\x63\x2a\xdf\xe8\xe6\x7e\x78\x8f\
\xfe\x55\x13\x3e\x2d\x4c\x03\x07\x38\x0f\x31\x85\xb9\x90\x0e\x88\
\xaf\x73\x0a\x90\x71\xbd\x2b\x26\x5e\x68\x08\x79\x24\xa7\xe0\x01\
\xdd\xfd\xa9\x16\x2c\x86\xed\x0d\xfa\xae\x68\xe5\x2b\xac\x32\x0c\
\xa9\x17\xa3\xaf\xa2\x53\x5b\xdd\x1e\xb1\xfb\x41\xd8\x53\x0f\x6d\
\x2b\xe9\xdc\x7f\xa5\x94\x72\x05\x5d\x10\x3c\xff\xfa\x9b\x6a\xc5\
\xf1\xe7\xac\xe9\xb7\x1e\x06\x00\x70\x4e\x5f\xa7\x97\x94\x14\x9c\
\x61\x8d\x16\x54\x7a\x6a\x6e\x3d\xfd\x62\xb1\xf5\x28\x0c\x83\x2e\
\x25\xd4\x12\xda\x0f\x4f\x08\x65\xfe\x63\xdd\x4b\x6b\x9e\x9b\x74\
\x89\xa9\x8b\xe5\x00\x69\xeb\x5f\x35\xf9\xab\xc2\x54\xf8\xfe\xcd\
\x25\x52\xc2\x7c\xb2\x6c\xea\xea\xe5\x9c\x42\x8e\xda\xb5\x7c\xfc\
\xa4\x42\xe9\x9b\xc9\x29\x0c\x83\x64\xdf\xc0\xed\xfe\x8f\xad\xdd\
\xa4\x63\xcf\x14\x50\xf6\xd4\xb5\xe4\xe8\x83\x0a\x4b\xcb\xce\xa0\
\x0b\xe6\xd3\xe9\xd7\xd0\x05\x15\x3d\x2f\x2b\x2a\xe2\x99\xa1\x5f\
\x14\x2f\xf3\x9d\x2a\xff\x50\x32\xf9\xf7\xd2\x8a\x35\xaf\x59\x0f\
\x01\x00\x00\x00\xb8\x97\x9e\xfa\xab\x58\x95\x4c\x92\x52\x4c\x11\
\x86\x9c\x4c\xe7\x33\x27\x52\xf7\x89\xd2\x5a\x8c\x31\x1f\xd6\x54\
\xd1\x37\xb9\xbc\x4c\xdb\x1a\x3a\xcd\xef\xa0\xdf\xff\xc5\xa4\x54\
\xed\x0f\xad\x59\xbd\xf6\x92\x4b\x4c\x3d\xdf\x3d\x00\xc0\x90\xd1\
\xeb\x59\x1d\x79\x98\xef\x64\x3a\xda\x7e\x9c\x8e\xbb\xa7\xd2\xb5\
\xba\x9e\x2a\x17\xeb\x9c\x0e\x8d\xdd\xd7\xed\xb4\x3d\x67\x2a\xf5\
\x9c\x92\xf2\xa9\xfb\xd7\x74\xae\xc0\xb1\x1e\x00\x00\x20\xb3\x3c\
\x5b\x40\xd9\x93\x5e\x7b\x62\x94\x51\x3e\x4d\x19\x62\xba\x21\xe5\
\x0c\xea\xd2\x43\x89\x4f\xa0\x8d\xce\xdb\x60\x3f\x76\xd0\xcb\x60\
\xa9\x94\x74\xe2\x65\x9a\x4b\xcd\xbe\xc4\x33\xef\x56\xd8\x00\x00\
\x00\x00\x72\x81\x9e\x76\xe6\xa8\x63\xc7\x1f\x6b\x14\x18\xc7\xfb\
\x94\x1a\x27\x0c\x79\xb4\x50\x62\x1c\x9d\x29\x1e\x45\x0f\x8f\xa5\
\x4d\x4f\x07\xe6\x85\x9b\x71\x74\x81\xe4\x75\x3a\x83\x7f\x8d\x4e\
\xe4\x5f\xa5\x9f\x7f\x83\x30\xc5\x7a\x65\xc8\x75\x2a\xa5\xd6\xfa\
\xab\x56\xbf\x89\x29\xe8\x00\xc0\x4d\x7a\x57\x8d\x3f\x52\xa9\x82\
\x69\x86\x10\x55\x74\x71\x7e\x92\x90\x6a\x1a\x5d\xa6\xeb\xa2\x36\
\xae\xd5\xed\x4b\xd1\x67\xd6\xcb\xf4\xdc\x2d\x57\x4a\xae\x90\x32\
\xb5\xb4\x37\x91\x7c\xfe\xc0\xaa\xb5\x3b\xf8\x71\x00\x00\x00\x18\
\x22\x39\x53\x40\xf9\x30\xbb\xef\x40\x34\x4a\x2b\xe9\xac\x6c\x0a\
\xfd\x9a\x93\xa5\x54\x93\xe8\x57\x9e\x4c\x0f\x1d\x6a\xfd\x89\xbc\
\xa3\xaf\xa6\xd7\xd3\xf3\xf1\x22\x9d\x7c\xad\x32\xe9\xe4\xcb\x48\
\x26\x97\x97\x9e\xbc\xf6\x15\x5c\x68\x03\x00\x00\x40\x3e\xbb\xe3\
\x0e\xc3\xf7\xb9\x71\xe3\x0e\x15\xc5\xa5\x63\xe9\x94\x69\x8c\x21\
\x8c\x43\xe9\x7c\xe9\x10\x29\xc5\xc1\x74\xbe\x7c\xa8\x94\x72\x24\
\x9d\x2c\x95\x4b\xa1\xca\xe9\x7c\x92\x36\x35\x82\xda\x12\xfa\xab\
\x7a\x2b\xa3\xad\x48\xff\xef\xd8\xa0\xef\x0c\xee\xa5\xbf\xdf\x47\
\x7f\x5f\x4f\x9f\xa5\x0b\x22\xbb\xe8\xdf\xda\x25\xa4\xd8\x49\xfd\
\x5b\x85\x92\xef\x28\xa1\xb6\x4b\x25\xb6\x52\xbb\x59\x0a\xb9\x39\
\x61\x9a\x9b\x52\xc6\xc0\x9b\x23\xa7\xae\xdb\xae\xff\x47\x00\x00\
\xbc\xac\xeb\xa9\x71\xa3\x8a\x47\x94\x4d\xa5\x70\x8a\x92\x62\x3c\
\x1d\x0f\x27\xd0\xf1\x56\x8f\x18\xd4\xd3\x9e\xe6\xf3\x54\x41\x7c\
\xcd\xae\x3a\xe8\xb3\x80\x36\xd5\x69\xca\x54\xe7\xf6\x64\xf7\xaa\
\xc3\xab\x5e\xd3\x53\x31\x02\x00\x00\x40\x96\xe5\x74\x01\x65\x6f\
\xba\x57\x9e\x30\xda\x27\x8b\x26\x48\x53\x1d\x4b\xa7\x66\xc7\xd0\
\x89\xc9\xf1\x74\xc1\x7a\x2c\x3d\xa4\xb7\xd1\xbb\xff\x90\x77\xe9\
\x05\xde\x37\xd2\x45\xf8\x7a\xfa\x9d\xd6\xd3\x45\xf8\x7a\x3a\x05\
\x7b\xd9\x14\xea\xa5\x9d\xb2\xeb\x65\xac\x5d\x02\x00\x00\x00\x90\
\x79\xd7\x5e\x6b\x18\x97\x4e\x16\x05\xa3\x8e\x1d\x5b\x50\xb0\x33\
\x69\xf8\x4a\x47\x1a\xbe\xe2\x84\x91\xea\x2f\x34\x53\xbd\x3b\xcc\
\xe4\x01\x05\xe6\x9b\xe2\x8d\x44\x55\x95\xa9\x17\x62\x05\x00\x80\
\x0f\xa1\x67\x96\x18\xe9\x1b\x71\xa2\x21\x7d\x13\xe8\x7a\xf6\x78\
\xa1\xd4\x47\x84\x94\x47\xc9\xff\x1b\x31\xa8\x0b\xd6\x5e\xb7\x8b\
\xb6\x57\xe9\xba\xfd\x55\x6a\x37\xd0\x35\xfb\x5a\x8a\x5f\x4a\xa5\
\x52\x6b\xb7\xee\x48\xac\x3b\xfa\xcc\x75\x7d\xbb\xff\x14\x00\x00\
\x00\xb8\x42\x5e\x16\x50\xf6\x65\xd3\xca\xb1\xfe\x03\x53\x23\x0e\
\x57\x05\x85\x63\x85\xda\x3d\x9d\xc3\x58\x29\xc5\xe1\xd4\x1e\x46\
\xf9\x41\x74\xd2\x76\x10\xc5\xb4\x29\xda\xe4\x81\x14\x67\x63\xaa\
\x07\x93\xb6\x5d\xb4\xa7\xde\x96\x42\x6c\xa6\x78\x33\xc5\x9b\xe9\
\x24\xf2\x2d\x53\xa8\x2d\x52\xc8\x4d\x4a\x4f\xdf\x90\x52\xaf\xfe\
\xfa\xee\xd5\x6f\x5d\x73\x8d\xa9\xff\x3c\x00\x00\x00\x00\x00\x00\
\x40\xce\xd8\xb5\x6c\xe2\x21\x3e\x43\x8e\x13\x3e\x31\xd6\x10\x72\
\xb4\x12\x6a\x34\x5d\x23\x1f\x4c\xd7\xe6\x1c\xcb\x43\xe8\xba\xfd\
\x50\xba\x6e\x1f\x45\x7f\xdc\x4f\x5b\x36\xa6\x09\xd3\xd7\xdf\x3b\
\xe9\x1a\x7d\x2b\xfd\x63\x6f\xd3\xbf\xff\xb6\x90\x4a\xb7\x5b\x95\
\x90\x74\xdd\xae\xde\x12\x86\x7a\x2b\x95\x52\x6f\x26\xfb\x7a\x37\
\x96\x9f\xb2\xe1\x1d\xeb\xaf\x01\x00\x00\x80\x17\xa0\x80\x32\x08\
\x86\x61\xc8\x2d\x4f\x4e\x18\x51\x56\x26\x0e\x30\x54\xb2\x2c\x29\
\x7c\x65\x3e\x29\x47\x48\x29\x46\x98\x86\x2a\x15\xca\xf0\x49\x65\
\x16\x08\x43\x16\xd0\x53\x5d\xb0\x3b\x96\x86\x21\x94\x69\x2a\x69\
\x24\x85\x50\x49\x61\xaa\xe4\xee\x58\x52\x2b\x54\xc2\x10\x46\x37\
\x9d\x7d\xed\x4a\x29\xb1\xcb\x37\xd0\xdb\xb5\xc3\x18\xe8\x3a\x62\
\xfa\x1b\xbd\x98\x62\x0b\x00\x00\x00\x00\x00\x00\xc0\x9e\xc7\x1f\
\x37\x0a\x4e\x2a\xfe\x48\x79\x51\xf1\x88\x03\x92\x32\xe9\xd7\xd7\
\xea\x74\xbd\x5d\x26\x0c\x55\x62\x0a\xa9\xa7\x5d\x2c\x92\xbb\xa7\
\x5f\xa4\x6b\x75\x53\x19\x74\x4d\x4e\xdb\x7b\xae\xd7\xa9\x15\x92\
\x1e\x11\x62\x40\x29\xd9\xe7\x33\x53\x7d\xca\x90\x7d\x2a\x25\x7b\
\x53\x4a\x75\xfb\x0c\xd9\xb5\x6b\xc7\x3b\x5d\x63\x3e\xb5\xb9\x1b\
\xd7\xeb\x00\x00\x00\xb9\x0b\x05\x14\x00\x00\x00\x00\x00\x00\x00\
\x00\x00\x00\x00\x80\x3d\xe4\xf3\xe2\x6c\x00\x00\x00\x00\x00\x00\
\x00\x00\x00\x00\x00\x00\x1f\x0a\x05\x14\x00\x00\x00\x00\x00\x00\
\x00\x00\x00\x00\x00\x80\x3d\xa0\x80\x02\x00\x00\x00\x00\x00\x00\
\x00\x00\x00\x00\x00\xb0\x07\x14\x50\x00\x00\x00\x00\x00\x00\x00\
\x00\x00\x00\x00\x00\xf6\x80\x02\x0a\x00\x00\x00\x00\x00\x00\x00\
\x00\x00\x00\x00\xc0\x1e\x50\x40\x01\x00\x00\x00\x00\x00\x00\x00\
\x00\x00\x00\x00\xd8\x03\x0a\x28\x00\x00\x00\x00\x00\x00\x00\x00\
\x00\x00\x00\x00\x7b\x40\x01\x05\x00\x00\x00\x00\x00\x00\x00\x00\
\x00\x00\x00\x60\x0f\x28\xa0\x00\x00\x00\x00\x00\x00\x00\x00\x00\
\x00\x00\x00\xec\x01\x05\x14\x00\x00\x00\x00\x00\x00\x00\x00\x00\
\x00\x00\x80\x3d\xa0\x80\x02\x00\x00\x00\x00\x00\x00\x00\x00\x00\
\x00\x00\xb0\x07\x14\x50\x00\x00\x00\x00\x00\x00\x00\x00\x00\x00\
\x00\x00\xf6\x80\x02\x0a\x00\x00\x00\x00\x00\x00\x00\x00\x00\x00\
\x00\xc0\x1e\x50\x40\x01\x00\x00\x00\x00\x00\x00\x00\x00\x00\x00\
\x00\xd8\x03\x0a\x28\x00\x00\x00\x00\x00\x00\x00\x00\x00\x00\x00\
\x00\x7b\x40\x01\x05\x00\x00\x00\x00\x00\x00\x00\x00\x00\x00\x00\
\x60\x0f\x28\xa0\x00\x00\x00\x00\x00\x00\x00\x00\x00\x00\x00\x00\
\xec\x01\x05\x14\x00\x00\x00\x00\x00\x00\x00\x00\x00\x00\x00\x80\
\x3d\xa0\x80\x02\x00\x00\x00\x00\x00\x00\x00\x00\x00\x00\x00\xb0\
\x07\x14\x50\x00\x00\x00\x00\x00\x00\x00\x00\x00\x00\x00\x00\xf6\
\x80\x02\x0a\x00\x00\x00\x00\x00\x00\x00\x00\x00\x00\x00\xc0\x1e\
\x50\x40\x01\x00\x00\x00\x00\x00\x00\x00\x00\x00\x00\x00\xd8\x03\
\x0a\x28\x00\x00\x00\x00\x00\x00\x00\x00\x00\x00\x00\x00\x7b\x40\
\x01\x05\x00\x00\x00\x00\x00\x00\x00\x00\x00\x00\x00\x60\x0f\x52\
\x29\xc5\x21\x00\x00\x00\x00\x00\x40\x66\x5c\x70\xc1\x05\x65\xe5\
\xe5\xe5\x07\x29\x55\x5c\x54\x54\x64\x16\x25\x12\xd2\x90\xd2\x18\
\x30\x8c\xc4\x40\x6f\x6f\xe1\xae\xdb\x6f\x6f\xda\x6e\x12\xfe\xe3\
\x00\x00\x00\x00\x00\x90\x63\xfa\x57\x4d\xbc\xe2\x95\x35\x6b\x9a\
\x26\x5d\x62\x0e\x70\x97\xe7\xa0\x80\x02\x00\x00\x00\x00\x00\x8e\
\x19\xa4\xba\x3a\x3c\xa1\xa0\x40\x4e\x91\x52\x4c\xa2\x4b\x8b\xe3\
\xa8\x7b\x1c\x6d\x47\xd3\x36\x9a\xb6\x62\xda\xf6\x25\x45\xdb\x3b\
\xb4\xbd\x4e\xdb\x7a\x21\xd4\x7a\xba\x34\xe9\x4c\xa5\xd4\x8b\xfd\
\xfd\xbb\x56\xb6\xb5\xb5\xed\xd2\x7f\x08\x00\x00\x00\x00\x00\xbc\
\xa9\x7f\xd5\xe4\xfb\x84\x12\xbd\x4b\xb6\x75\x5e\x76\xe6\x99\x66\
\x92\xbb\x3d\x05\x05\x14\x00\x00\x00\x00\x48\x4b\x38\x5c\xff\x2d\
\x6a\xfc\x56\x96\xd7\xba\x63\xb1\x86\x3f\x70\x9c\xb3\x02\x81\x80\
\xaf\xac\xac\xfc\x64\x21\xd4\xd9\x74\x19\x71\x86\x94\xe2\x14\xea\
\x2e\xb7\x1e\xcd\x38\xba\xb8\x52\x2b\xa9\x7d\x8a\x2e\x57\x1e\xdd\
\xbe\x5d\xfc\x7d\xe1\xc2\xc6\x9d\xd6\x43\xf9\x23\x14\xaa\x0d\x48\
\x69\x9c\xc0\xa9\x0d\x4a\xc5\x62\x8d\xff\xcd\x49\xce\xaa\xa9\xa9\
\x39\xdc\xe7\x2b\xae\xe5\xd4\xae\x7f\xd2\xfb\xf4\x9f\x1c\x67\x0d\
\xbd\x6f\x8a\xe8\x7d\xf3\x3d\x4e\x6d\x52\xed\xb4\x1f\x17\x72\x92\
\x55\x5e\x38\xae\x4b\xa9\xf4\xc8\xb5\x84\x52\xb2\x97\x8e\x43\xef\
\x08\x91\x7a\x23\x95\x4a\x6d\xe8\xeb\xeb\x7b\xb5\xad\xad\x4d\x17\
\x66\x3d\x2b\x14\xaa\x3b\x4b\x4a\xa9\x8f\xad\x83\x42\xcf\xcb\x86\
\x68\xb4\xa1\x95\xd3\xbc\xa2\x8b\xfb\x35\x35\xb5\xdf\xa5\xe7\xa0\
\x90\xbb\xd2\x96\x4a\xa9\xdb\x5b\x5a\x1a\xd7\x70\x9a\x35\x73\xe7\
\xce\x3d\xb2\xa0\xa0\x24\xc4\x69\xbe\x7b\x81\x8e\xdd\x8b\x38\x1e\
\x52\x74\xfc\x9b\x45\xcd\x49\x56\x66\x97\x7a\x8e\x8e\xd7\x0f\x73\
\x92\xd3\x22\x91\xba\xaf\xd3\x71\x77\x24\xa7\xfb\xa5\x94\xf9\x56\
\x3c\xde\xd4\xc8\x69\xc6\x85\xc3\x75\x35\x74\xb4\x3b\x8a\x53\xb0\
\x81\x8e\x8b\x2b\xe8\xb3\xe1\x5e\x4e\xb3\x66\x77\x01\x45\x08\xfd\
\xfe\x6a\xbd\xee\xce\xce\xd0\x35\xd7\x78\x6f\x04\x3a\x0a\x28\x00\
\x00\x00\x00\x90\x96\x48\xa4\x7e\x13\x35\x7a\xa4\x41\xbe\xdb\x42\
\x17\x23\x39\xf9\x3c\xe8\x2f\x7f\x4b\x4a\x46\x9c\xe5\xf3\x19\x5f\
\xa0\xf4\xf3\xb4\x1d\xb2\xfb\x81\xec\x4b\xd0\xf6\x0f\xba\x76\xb9\
\xa3\xa7\x47\x2d\x6c\x6b\x6b\xda\x62\x75\xe7\x36\x7a\x8f\xbd\x7b\
\xc1\x69\x97\x49\xaf\x45\x1f\xc7\x39\x2b\x1c\x0e\x9f\x2c\x65\xc1\
\xf3\x9c\xda\xa4\x7e\x1a\x8d\x36\x5e\xcb\x49\xd6\xd0\x7b\x68\x84\
\xdf\x5f\xee\xb4\xf8\x77\x2b\xed\xc7\xcb\x38\xce\x2a\x2f\x1f\xd7\
\x95\x12\xbd\x52\xaa\x4e\x6a\x9f\x97\x52\x3c\xd3\xd7\xa7\x1e\x5b\
\xb0\xa0\x69\x23\x3f\xec\x09\x91\x48\xdd\xef\x84\x90\xdf\xe6\x74\
\x30\xfa\xbb\xbb\xcd\x8f\xe4\xcb\xb1\xf2\xbd\x42\xa1\xda\xcf\x1a\
\x86\xf1\x20\xa7\x83\x75\x11\xbd\x17\xef\xe2\x38\x6b\x42\xa1\xfa\
\x53\x0d\x43\x3c\xcd\x69\xbe\x6b\xa0\x7d\x70\x39\xc7\x43\x8a\x8e\
\x7f\x37\x53\x53\x6f\x65\xb6\xed\x32\xcd\xc4\xc9\xf1\x78\xfc\x25\
\xce\x73\x16\x3d\x3f\x1b\xa8\x71\x52\xb0\x58\x4e\xfb\xce\x61\x41\
\xca\x3e\xfa\x79\xf4\x4d\x11\xa7\x5b\x19\xd8\x41\x9f\x8f\xb1\x58\
\xac\x21\xc2\x69\xd6\xbc\xa7\x80\x22\x94\x10\x7f\x2d\x9b\xda\xf9\
\x55\xd3\x34\x3d\x55\x90\xc0\x22\xf2\x00\x00\x00\x00\x00\xf0\x3e\
\xa1\x50\xe8\xc4\x70\xb8\xfe\x57\x7e\x7f\xf9\x46\x9f\xcf\xd0\x77\
\x7e\xea\x8b\xad\xe1\x2a\x9e\x68\xfa\x4e\xe2\xb3\xa5\x94\x37\xf9\
\xfd\xc6\xeb\x74\xd1\xfc\x37\xda\xce\xd1\x77\x1a\x5b\x0f\x03\x40\
\xbe\x93\x52\x94\xd2\x7f\xab\xe8\x38\x71\x39\xb5\xb1\x92\x12\xe3\
\x55\x3a\x4e\xbc\x10\x0e\xd7\xfd\x88\x8e\x69\xf9\x76\x97\x72\x71\
\x59\x99\x08\x73\x9c\x57\xe8\x63\xe1\x2b\x1c\x02\x64\xc3\x08\xc3\
\x28\x6c\x9b\x35\x6b\xd6\xfe\xa6\x2d\x05\x00\x22\x85\xf8\x4a\xef\
\x8a\x09\xbf\xe5\xd4\x33\x70\xc1\x01\x00\x00\x00\x00\x00\xbb\x05\
\x83\xb5\x33\x23\x91\xba\x7b\x0d\xa3\xb0\x53\x4a\xa1\xa7\x1d\x72\
\xe3\x9d\xe8\xba\x98\x72\x31\x6d\x0f\x84\x42\xb5\xed\xf4\xf3\x7e\
\x25\x10\x08\x94\xee\x7e\x04\x00\xe0\xfd\xa6\x49\x29\x7f\x41\xc7\
\xb4\x75\xe1\x70\xdd\xdd\xe1\x70\xfd\x19\xdc\x9f\xf3\xa4\x34\x2e\
\xcf\xb7\x22\xb3\x9e\xfa\x8a\x9a\xf3\xac\x0c\x20\x6b\xa6\x8d\x19\
\x33\xf6\x57\x1c\x03\xc0\x7e\xc9\x6f\xf7\xaf\x9c\xf4\x33\x4e\x3c\
\x01\x05\x14\x00\x00\x00\x00\x80\x3c\x17\x89\x44\x4e\x0f\x87\xeb\
\x1f\xf7\xf9\x8c\xc7\xe8\xa2\x46\x7f\xf9\xe4\x95\xeb\x84\x09\xf4\
\xf3\xde\xe8\xf7\x97\xbf\x1c\x89\xd4\x7f\x55\x4f\x39\xc6\xfd\x00\
\x00\xef\xe5\x93\x52\x7e\x5e\x4a\xf1\x38\x1d\x2b\xfe\x4e\xc7\xbc\
\x19\xdc\x9f\xcb\x8e\xab\xa9\x09\x9f\xcd\x71\x5e\x28\x28\x28\xd1\
\xd3\x2f\x15\x58\x19\x40\x56\x7d\x23\x14\xaa\x45\xf1\x0e\xc0\x2e\
\x29\x7f\xd2\xb7\x6a\xb2\xc3\x35\xe2\x86\x0f\x0a\x28\x00\x00\x00\
\x00\x00\x79\x6a\xce\x9c\xba\x63\x23\x91\xfa\x85\x42\xf8\xfe\x29\
\xa5\xf0\xf2\x9d\xd9\x47\xd0\x76\xbd\xdf\x7f\xc0\x8b\xf8\x02\x03\
\x00\xf6\xe3\x93\x74\xcc\x5b\x12\x89\xd4\xdd\x18\x08\x04\x6c\x2f\
\x88\xec\x45\xf9\x34\x9d\xd5\x8c\x19\x33\x0a\xe9\x73\xac\x8e\x53\
\x80\x6c\x93\xf4\x7e\x8b\xce\x9e\x5d\x37\x96\x73\x00\xd8\x0f\x29\
\xc4\xaf\xfa\x57\x4d\xbe\x92\x53\x57\x43\x01\x05\x00\x00\x00\x00\
\x20\xcf\xe8\x2f\x9a\xc2\xe1\xfa\xab\x8b\x8a\x64\x3b\xa5\x17\x5a\
\xbd\xb9\x40\x9e\x60\x18\xc6\xbd\x7a\x1a\x32\x9e\xca\x05\x00\xe0\
\xc3\x18\x74\xbc\xf8\x8a\xdf\x7f\xc0\xf2\x70\x38\xfc\x09\xee\xcb\
\x45\xe7\xd1\xef\xa7\x0b\xcc\x39\x6f\xca\x94\xa9\x9f\xa7\x06\x5f\
\x5e\xc3\x70\x3a\xb4\xa4\x44\xb6\xe6\xdb\xd4\x79\x00\x83\xf4\xe7\
\xfe\x15\x93\x5c\xbf\x66\x17\xde\xd4\x00\x00\x00\x00\x00\x79\x24\
\x14\x0a\x55\x56\x54\x4c\x7b\x4e\x4a\x71\x2d\xa5\x25\x56\x6f\xae\
\x91\xe7\x15\x16\x96\xbc\x18\x89\xd4\xeb\xc5\xef\x01\x00\xf6\x42\
\x8e\x93\xb2\xe0\xef\xe1\x70\x9d\x27\xee\x80\x4d\x43\x81\x94\xbe\
\xbc\x18\x95\x21\xa5\xbc\x82\x43\x80\xe1\x34\x33\x14\x8a\x7c\x9f\
\x63\x00\xd8\x3f\x29\x0c\xd9\xd0\xb7\x72\x72\x80\x73\x57\x42\x01\
\x05\x00\x00\x00\x00\x20\x4f\xe8\x75\x42\x0c\xa3\xf0\x59\x0a\xa7\
\x59\x3d\x39\x4d\x4f\xcd\xd3\x44\xbf\xf3\xad\xb9\x3e\x4d\x0f\x00\
\x0c\x4a\xa1\x94\xf2\x2f\xe1\x70\xfd\xef\x0d\xc3\x90\xdc\x97\x43\
\x64\xdd\xcc\x99\x33\x73\x7a\x5d\x90\x50\x28\x74\x22\x35\x33\xad\
\x0c\x60\xb8\xc9\x6b\x43\xa1\xfa\x53\x39\x01\x80\xfd\xf3\x49\x29\
\x5a\x7b\x57\x4d\xd2\x23\x09\x5d\x09\x05\x14\x00\x00\x00\x00\x80\
\x1c\x17\x08\x04\x4a\xc3\xe1\xba\x79\x14\x5e\x4f\x5b\x8e\x8e\x3a\
\xd9\xab\x80\xdf\x5f\xfe\x5c\x4d\x4d\xdd\x78\xce\x01\x00\x3e\x40\
\x4a\xf1\xad\x60\xb0\xf6\xfa\x1c\x2c\xa2\x1c\x39\x6e\xdc\x71\x39\
\xbd\x36\x94\x94\x85\x7a\xad\x97\x1c\x2c\x7e\x81\x47\x15\x18\x86\
\x5a\x10\x89\x44\x0e\xe4\x1c\x00\xf6\xaf\xd0\x10\xf2\xb6\xfe\x15\
\x93\xcf\xe6\xdc\x55\x50\x40\x01\x00\x00\x00\x00\xc8\x61\xd5\xd5\
\xd5\x63\xfc\xfe\xf2\xc7\xa5\x94\xd5\xdc\x35\x14\x14\x6d\xeb\x94\
\x52\xf7\x50\xfb\x5b\xa5\xc4\xd7\x53\x29\xf3\x0b\xd4\x9e\x99\x4c\
\x9a\x27\xa7\x52\xa2\x22\x95\x1a\x98\x24\x44\xea\x24\xda\x4e\xa5\
\xc7\x66\xd1\x5f\x09\xd3\xa6\xa7\x11\x6b\xa5\x76\x19\xb5\x7d\xb4\
\x0d\x95\x13\x0b\x0a\xe4\xb3\xe1\x70\xdd\x67\x38\x07\x00\xf8\x00\
\x29\xc5\x15\xa1\x50\xed\xff\x70\x9a\x4b\x72\x76\x31\x79\x7d\x83\
\x00\xed\xb7\x20\xa7\x00\x2e\x21\xc7\x09\xe1\xbb\x99\x13\x00\xb0\
\xa7\x58\x18\x62\x61\xdf\xaa\x09\xa7\x73\xee\x1a\x92\x2e\x72\x38\
\x04\x00\x00\x00\x00\xb0\x2f\x12\xa9\xdf\x44\xcd\x68\x2b\xb3\xa5\
\x87\xb6\x75\x56\x98\x53\xb6\x45\xa3\x0d\x67\x70\xec\x2a\x35\x35\
\xf5\xc7\x17\x14\x88\x07\x29\x3c\xce\xea\xc9\xa8\xb5\xb4\x3d\x48\
\xd7\x13\x8f\x28\x95\x7c\x2a\x1e\x8f\x6f\xb5\xba\xd3\x13\x08\x04\
\x8a\x8a\x8b\x47\x4c\x2f\x28\x90\x9f\xa4\xcb\x94\x73\xa9\xeb\x14\
\xda\x32\x3d\xed\x4c\xc2\x34\xcd\x48\x3c\xde\xa4\x47\xe3\xb8\x1e\
\xbd\xc7\xee\xa3\x66\x96\x95\xd9\x62\xd2\x6b\xd1\xc7\x71\xce\x0a\
\x87\xc3\x27\x4b\x59\xf0\x3c\xa7\x36\xa9\x9f\x46\xa3\x8d\xba\x60\
\x97\x55\xf4\xba\x1e\xe1\xf7\x97\xef\xe4\xd4\xae\x5b\x69\x3f\x5e\
\xc6\x71\x56\xb9\xfc\xb8\xae\x47\x18\x94\xd2\x36\x82\xb6\x43\x68\
\x1b\xca\x1b\x42\x6b\x69\x1f\x44\x39\xce\x9a\x48\xa4\xee\x77\xf4\
\x6b\x7e\x9b\xd3\x4c\x32\x07\x06\xd4\x09\xf3\xe6\x35\xe6\xdc\x67\
\x70\x28\x54\x1f\x34\x0c\x11\xe7\x34\xd3\x2e\xa2\xd7\xc1\x5d\x1c\
\x67\x8d\x9e\xfe\x89\x7e\xa7\xa7\x39\xb5\x4b\xbf\x77\xb7\x58\x61\
\x2e\x51\x7f\xa3\x63\xf7\x4f\x39\x19\x52\x74\xfc\xd3\x05\x8f\x7a\
\x2b\xcb\x0c\x3a\xe7\xa8\xa7\x73\x8e\x46\x4e\x3d\x8d\x9e\x9f\x0d\
\xd4\x1c\x65\x65\xb6\x2c\xa7\xf7\xcf\x49\x1c\x67\x5c\x38\x5c\xd7\
\x2c\xa5\xac\xe2\x74\x38\xe8\xcf\x4a\x27\x9f\x97\xda\x2b\xb4\xf5\
\x5a\xe1\xb0\xb8\x8b\xf6\xc9\x4f\x38\xce\x9a\xfe\x55\x93\x9d\x9e\
\xcf\x76\xd1\x7b\xe7\xac\xd2\xa9\x9d\x4b\x39\x1f\x76\x28\xa0\x00\
\x00\x00\x00\x40\x5a\xd2\xf8\xa2\x6d\x09\x9d\xb4\x63\x4e\xe8\x2c\
\x99\x3b\xb7\x76\x52\x61\xa1\xb1\x98\xc2\x31\x56\x4f\x46\x6c\xa6\
\xcb\x87\xb8\x94\xa9\x5b\xa2\xd1\xe8\x72\xee\x1b\x12\xc1\x60\x70\
\xb4\x61\x14\x5e\x4a\x17\xc7\x61\x4a\x4f\xb6\x7a\x33\x82\x2e\x81\
\xcc\x2b\x63\xb1\xa6\x1b\x39\x77\x2d\x14\x50\x3e\x1c\x0a\x28\x43\
\xc7\xf9\x71\x5d\x3d\x4b\xcf\xab\x2e\x76\x66\x55\x24\x12\xd1\x53\
\x11\x8e\x53\xca\xa8\xa4\xf6\xa3\x74\x9c\xf8\x2c\xb5\x53\xf4\x63\
\x19\xd2\x97\x4c\xaa\x53\x5a\x5a\x1a\x57\x70\x9e\x15\x43\x58\x40\
\xa1\x03\x9f\xf8\x75\x2c\xd6\x70\x15\xa7\x39\x83\x9e\xb3\x25\xf4\
\x9c\x7d\x8c\xd3\x4c\xf3\x4c\x01\x85\xf6\xef\x0f\x69\xff\xe6\xe2\
\xe8\xa9\xac\x19\x8a\x02\x0a\xe9\x49\x24\xcc\x19\xad\xad\x4d\x1d\
\x9c\x7b\x96\xdb\x0a\x28\xc3\x2d\x1c\xae\xbf\x56\x4a\x71\x35\xa7\
\xb6\x98\xa6\xa8\x8a\xc7\x1b\x5e\xe0\x34\x6f\xa4\x51\x40\xd1\xb6\
\xa5\x52\xa9\x4f\x95\x4d\x5b\x9d\xd5\xcf\xe1\xbd\xc1\x14\x5e\x00\
\x00\x00\x00\x00\x39\x26\x18\x0c\x4e\x2c\x2c\x34\x1e\xa3\x30\x43\
\xc5\x13\xb5\xca\x34\xcd\xb9\xdd\xdd\x5d\x1f\xd1\x5f\xc0\x0d\x75\
\xf1\x44\x6b\x6e\x6e\xde\x1c\x8b\x35\x5e\x4f\x17\xdf\xd3\x53\x29\
\x53\x7f\x41\x7b\x07\x6d\xe6\xee\x07\x07\x47\x4a\x69\x5c\x1f\x89\
\xd4\xe5\xec\x94\x36\x00\xb9\x8e\x8e\x41\x7d\xb4\xad\xa6\x63\xc4\
\x6d\xb4\xfd\x17\x1d\x27\x2a\x92\x49\x35\x81\x1e\xfa\x2d\x6d\xdb\
\x77\xff\xa1\xc1\x29\x29\x28\x90\xf3\x66\xcd\x9a\x55\xcc\xb9\xe7\
\x49\x29\xc2\xb9\xf4\xfb\x68\xa1\x50\xfd\x49\x43\x58\x3c\x01\xc8\
\x84\xb2\x82\x02\xe3\x16\x2e\xfa\x02\x80\x7d\xa3\x7c\x3e\xdf\xc3\
\xbb\x96\x4d\xd4\x9f\xed\xc3\x0e\x05\x14\x00\x00\x00\x00\x80\x1c\
\x32\x7b\x76\xed\x47\x7c\xbe\xa2\x87\x29\x3c\xcc\xea\x19\x94\xb5\
\x4a\xa9\x40\x3c\x1e\x9d\xaa\xa7\xbd\x6a\x6b\x6b\x1b\xe0\xfe\xac\
\x6a\x6e\x6e\x7a\x36\x1a\x6d\xb8\x34\x95\x12\x53\x29\x5d\x64\xf5\
\x0e\x8a\xa4\xff\xbf\x3e\x12\xa9\xff\x12\xe7\x00\xe0\x71\x2d\x2d\
\x8d\x6b\xe8\x38\xf1\xdd\x44\xa2\xef\x68\x21\xd4\x2f\xa9\x4b\x4f\
\x2f\x36\x18\x53\xc6\x8c\x39\xfc\xfb\x1c\xe7\x82\x43\xc7\x8c\x19\
\xfb\x05\x8e\x73\x82\x61\x88\x2b\x38\x04\x70\x2d\x29\x45\xa5\x52\
\x86\x2e\xee\x02\x80\x33\xa3\x0b\x0b\x8d\x47\xfb\x9f\x9f\x70\x2c\
\xe7\xc3\x06\x05\x14\x00\x00\x00\x00\x80\x1c\x11\x89\x44\x0e\x2c\
\x29\x31\x1e\xa0\xf0\x48\xab\x27\x6d\x3d\x42\xa8\x1f\x75\x77\x77\
\x4d\xd6\x77\x78\x9b\xa6\xe9\x8a\x79\x7f\x9b\x9b\x1b\x5e\x8c\x46\
\x1b\xce\xa3\x1f\xe7\x73\x94\xea\x79\xa4\x07\x43\x5f\x0b\x35\x07\
\x83\xb5\x33\xad\x14\x00\x72\x41\x6b\x6b\x6b\x57\x34\xda\xf8\xa3\
\x81\x01\x73\x1a\x1d\xc7\x9e\xe5\xee\xb4\x28\x25\xaf\x9a\x3b\xb7\
\xfe\x68\x4e\x3d\x4f\x29\xf1\x65\x0e\x3d\x2f\x10\x08\x8c\xa4\x66\
\xb6\x95\x01\xb8\x9b\x94\xf2\xab\xa1\x50\xed\x05\x9c\x02\x80\x7d\
\x47\xa8\x62\xdf\xa3\xbd\xab\xc6\x0f\xf6\xda\x66\x50\x50\x40\x01\
\x00\x00\x00\x00\xc8\x01\x06\x11\xc2\xa7\x17\x47\x9f\x6c\xf5\xa4\
\xed\xf9\x64\x52\x55\x45\xa3\x8d\xbf\x1c\xae\x11\x27\xfb\x13\x8f\
\x37\x3e\xb0\x75\xeb\x66\xbd\xf6\xc1\x0d\xb4\x0d\xa6\xb8\x53\xe4\
\xf3\x19\xb7\xcf\x99\x53\x37\xec\x77\xb6\x01\x40\x66\xcd\x9b\xd7\
\xf4\xf2\xfa\xf5\xeb\x4e\x53\x4a\xe9\x75\x0d\xd2\x22\xa5\x28\x2d\
\x2c\x54\x59\x59\xc0\x3a\x1b\xe8\xf7\x39\x23\x1c\x0e\x0f\xf6\x33\
\xc2\x15\xca\xca\xca\xe7\x52\xe3\xb7\x32\x00\xd7\x93\x86\x21\x9b\
\xe6\xce\x9d\x3b\xac\x5f\x02\x03\x78\x91\x14\xe2\x18\x43\xf8\x1e\
\xed\x7e\xf6\xf8\x4c\xae\xeb\xe8\x08\x0a\x28\x00\x00\x00\x00\x00\
\x39\x20\x14\xaa\xd5\x0b\x64\x3b\x5d\xa0\x71\x4f\x7f\xe9\xee\xee\
\xfa\x84\x9e\x0a\x87\x73\xd7\xba\xfb\xee\xbb\x7b\xa2\xd1\x86\x2b\
\x4d\xd3\xfc\x22\xa5\x4e\x17\xe9\x7e\xaf\x83\x0a\x0b\xe5\xc2\x0b\
\x2e\xb8\xa0\x8c\x73\x00\xc8\x11\x8b\x17\x2f\x4e\xc6\x62\x8d\x7a\
\xd4\xc5\x2f\xac\x9e\x74\xc8\x6a\x97\x8f\x42\xe9\xe7\xd6\x16\x29\
\x7d\x39\x31\x0a\x45\x4a\xe1\x74\x1d\x2b\x47\xcf\x13\x40\xe6\xc9\
\x83\x0b\x0b\x8b\xe7\x05\x02\x01\x1f\x77\x00\x80\x6d\x72\x7c\x41\
\x69\xf1\xc3\x5d\x4b\x8e\x3e\x88\x3b\xb2\x0a\x05\x14\x00\x00\x00\
\x00\x00\x8f\x0b\x85\xea\xce\xa2\xe6\x87\x56\x96\x96\x84\x52\x66\
\x24\x1a\x6d\xf8\xba\x5b\x47\x9d\xec\x4d\x3c\xde\x74\x47\x22\xa1\
\x17\x99\x57\xeb\xb9\xcb\x31\x3d\x3f\xf9\xc1\x07\x8f\xfe\x23\xa7\
\x00\x90\x63\xe8\xd8\xf6\x13\xa5\xc4\x8d\x9c\x3a\x55\x58\x58\x28\
\xbe\xc6\xb1\xeb\x28\xa5\xee\xe4\xd0\x26\x39\x37\x18\x0c\x7a\x7a\
\xe4\x46\x38\x5c\x7f\x06\x35\x4e\x47\xd2\xfc\x8d\x5b\x80\x61\x24\
\xcf\x2c\x2b\x2b\xff\x11\x27\x00\xe0\x04\x9d\xaf\x17\xfb\x47\x3c\
\xf8\xce\x73\xe3\xcb\xb9\x27\x6b\x50\x40\x01\x00\x00\x00\x00\xf0\
\xb0\xea\xea\xea\x43\xa4\x94\x2d\x14\xa6\x7b\x6e\xdf\x63\x9a\xe6\
\xf9\xb1\x58\x53\x8c\x73\xcf\x69\x6d\x6d\xea\x10\xc2\x3c\x55\x29\
\xb1\x92\xbb\xd2\x51\x1f\x0e\xd7\xe5\xd4\x02\xcb\x00\xf0\x7f\x5e\
\x7c\x71\xf9\x37\xe9\x18\xf1\x0c\xa7\x4e\x85\x02\x81\x40\x11\xc7\
\xae\x42\xbf\x53\x03\x35\x29\x2b\xb3\xe5\x40\xc3\x28\xfc\x12\xc7\
\x1e\xa5\x1c\x8e\x3e\x51\x2f\xd3\x7f\x1e\xb3\x62\x80\xe1\x25\xa5\
\xb8\x3a\x12\x89\x9c\xce\x29\x00\x38\x33\xc3\x5f\x5a\xb0\x68\xd3\
\xca\xb1\x59\xbd\x11\x00\x05\x14\x00\x00\x00\x00\x00\x0f\x2b\x2a\
\x2a\xfd\x23\x5d\x8c\x1f\xce\xa9\x53\xdd\x4a\x89\x73\xe3\xf1\xa6\
\x87\x38\xf7\xac\x68\x34\xfa\x56\x4f\x8f\xf8\x94\x10\x6a\x19\x77\
\x39\x26\xa5\xbc\x41\x17\xa4\x38\x05\x80\x1c\xb2\x74\xe9\xd2\x84\
\x10\x49\xbd\x6e\x46\x9f\xd5\xe3\xc8\x21\x7e\x7f\xf9\x67\x39\x76\
\x15\xd3\x94\x1b\x95\x52\x8b\x38\xb5\x85\x8e\x75\x4e\xa7\xbf\x72\
\x8d\x60\x30\x38\x9a\x7e\xfe\x8b\x39\xb5\x85\x3e\xe7\x6e\x52\xca\
\x1c\xcc\x7a\x59\x00\x7b\xf3\x3c\xb7\x4e\xf8\xf4\x9a\x75\x81\x40\
\xfd\xb0\x4c\x45\x04\x90\x03\x4e\x1b\x29\x47\x2d\xdc\xf0\xf8\xb1\
\x25\x9c\x0f\x39\x14\x50\x00\x00\x00\x00\x00\x3c\x2a\x18\xac\xfd\
\x9c\x94\xb2\x9a\x53\xa7\x06\x94\x52\x17\xc7\x62\x0d\xff\xe4\xdc\
\xf3\xda\xda\x1a\xde\xe9\xee\x56\xe7\x50\xb8\xda\xea\x71\x6c\xb4\
\x2e\x48\x71\x0c\x00\x39\x26\x16\x8b\xbd\x22\x84\xfa\x0d\xa7\x8e\
\x28\x25\x2e\xe2\xd0\x75\xe8\x67\xfb\x2b\x87\x76\x4d\x0f\x06\xeb\
\xa6\x73\xec\x29\x3e\x5f\x61\x84\x9a\x62\x2b\xb3\xa5\x4f\xa9\x64\
\x9c\x63\x80\x8c\x32\xcd\x44\x2d\x35\x9b\xac\xcc\x91\xa3\xfc\xfe\
\xdd\xa3\xc7\x00\x20\x0d\x52\x88\xb3\x0f\x3b\xa8\xe4\xb6\x65\xcb\
\x8c\x42\xee\x1a\x52\x28\xa0\x00\x00\x00\x00\x00\x78\xd0\xac\x59\
\xb3\x8a\x7d\x3e\xe3\x4f\x9c\xa6\x41\x7d\x39\x16\x6b\x7c\x98\x93\
\x9c\xd1\xd6\xd6\xb4\x45\x88\xd4\xb9\x14\x52\xeb\x9c\x94\x72\x36\
\xa6\xd6\x00\xc8\x65\xe6\xef\xe9\x3f\x5d\x56\xec\xc8\x39\x86\x61\
\x48\x8e\x5d\xa5\xa5\x25\xfa\x90\x52\xe2\xdf\x9c\xda\x62\x18\x8e\
\x17\x61\x1f\x76\xf4\xfc\x1b\x4a\xc9\xcb\x39\xb5\x45\x29\x75\x5b\
\x3c\x1e\xdf\xca\x29\x40\x46\x25\x12\x89\x4d\xa6\xa9\xc2\x14\xa6\
\x33\xc2\xe9\xe2\x48\xa4\xce\xb3\xa3\xc1\x00\x86\x9f\x3c\x7f\x72\
\xe1\xc4\xd6\x3b\xee\x30\x7c\xdc\x31\x64\x50\x40\x01\x00\x00\x00\
\x00\xf0\xa0\x43\x0f\x1d\xfb\xff\xa8\x39\xce\xca\x9c\x52\x7f\x8c\
\x46\x1b\x73\xf6\x8e\xdc\x68\x34\xba\x5e\x29\x71\x09\x85\x49\xab\
\xc7\x11\x29\x84\xef\x4f\x81\x40\x60\xc8\x2f\xc6\x00\x20\xfb\xe8\
\xf8\xb0\x9d\x8e\x81\x51\x4e\x6d\xd3\x53\x25\x86\x42\xa1\xf1\x9c\
\xba\x8a\x49\xa4\x54\x37\x73\x6a\x8b\x94\xf2\x4b\x74\x9c\x1b\xc9\
\xa9\x27\xcc\x9d\x1b\x3e\x87\xf6\xc3\x31\x9c\xda\xa2\x94\x74\x3a\
\x3a\x07\xc0\x91\x78\xbc\xf1\x01\x7a\xa5\xfd\x2f\xa7\x8e\xd0\xeb\
\xf3\xf7\xc1\x60\xfd\x14\x4e\x01\xc0\xb9\xc0\x79\xe3\x27\x36\x0c\
\xf5\x0d\x0e\x28\xa0\x00\x00\x00\x00\x00\x78\x8c\x9e\x37\xdb\x30\
\xc4\xf7\x39\x75\x6a\xc9\xaa\x55\x2b\xbe\xc7\x71\xce\xb2\xa6\x26\
\x53\x3f\xe1\xd4\xa9\x69\x7e\x7f\xf9\x6c\x8e\x01\x20\xc7\xa4\x52\
\x62\x3e\x87\x8e\x28\x65\x7c\x94\x43\xd7\x49\xa5\x12\xba\x28\x34\
\x60\x65\xb6\xf8\xcb\xca\xca\xf5\x9a\x30\x9e\xe1\xf3\x19\x4e\xef\
\xd6\x5f\x11\x8f\x37\x3c\xc3\x31\xc0\x90\xd9\xb4\xe9\x4d\x7d\x4e\
\xb6\xdc\xca\xec\x93\x52\x94\xfa\x7c\xe2\x96\x40\x20\x50\xca\x5d\
\x00\xe0\x90\x14\x22\xdc\xb3\x7c\xc2\x9f\x39\x1d\x12\x28\xa0\x00\
\x00\x00\x00\x00\x78\x8c\xdf\xaf\xbe\x4b\xcd\x81\x56\xe6\x48\xcf\
\xc0\x80\x59\x63\x2d\xa6\x9c\xfb\xe2\xf1\xe8\xaf\xa9\x79\xc2\xca\
\x1c\xfb\xe9\x8c\x19\x33\xb2\x32\xaf\x32\x00\x64\x57\x73\x73\xa3\
\x5e\xf8\x79\xa3\x95\x39\x21\xa7\x71\xe0\x3a\xcd\xcd\xcd\x9b\xa9\
\xb9\xd3\xca\xec\x91\xd2\x3b\xd3\x78\xcd\x9d\x5b\x7f\x34\x35\x9f\
\xb3\x32\x7b\x4c\x53\xdc\xc8\x21\xc0\x90\x5a\xb4\x68\x51\xbf\x10\
\xa9\xcb\x28\xec\xb6\x7a\x1c\x99\xe2\xf7\x97\xff\x81\x63\x00\x48\
\x83\x94\xf2\xca\xfe\x95\x93\x7f\xc5\x69\xc6\xa1\x80\x02\x00\x00\
\x00\x00\xe0\x21\x73\xe6\xcc\x19\x45\x97\x09\x5f\xe3\xd4\xa9\x9f\
\xcc\x9b\xd7\xf4\x32\xc7\x39\x4f\x4f\x6b\x93\x4c\x0a\xbd\xe0\x70\
\x9f\xd5\xe3\xc8\xb1\x53\xa6\x54\xce\xe1\x18\x00\x72\x8c\x52\xea\
\x9f\x1c\xda\x26\xa5\x70\xe5\x14\x5e\xff\x27\x75\x13\x07\x76\x4d\
\xf6\xca\x9a\x4f\x05\x05\xa2\x9e\x1a\x27\x53\x2b\x76\xf5\xf6\x76\
\xa5\x35\xd2\x08\x20\x1d\xd1\x68\x74\x35\x1d\x57\xbe\xc9\xa9\x53\
\x5f\x0e\x06\x6b\x2f\xe6\x18\x00\xd2\x21\xc5\xf7\xfa\x56\x4e\xbe\
\x9a\xb3\x8c\x42\x01\x05\x00\x00\x00\x00\xc0\x43\x8a\x8a\x4a\xae\
\xa0\x66\x84\x95\xd9\xa7\x94\x58\xb9\x7e\xfd\x2b\x83\x58\x74\xde\
\x9b\x5a\x5a\x1a\xd6\xd2\xef\xfe\x3f\x9c\x3a\x22\xa5\xf1\x5f\x6e\
\x5d\x34\x1a\x00\x06\x4b\xfe\x8b\x03\x27\x8e\xe2\xd6\x95\xe2\xf1\
\xf8\xe3\x74\xbc\xeb\xe4\xd4\x26\x9f\xeb\x47\xa1\x04\x02\x81\x22\
\x29\x45\x2d\xa7\xb6\xd0\xf3\x30\xbf\xad\xad\x6d\x17\xa7\x00\x59\
\x11\x8b\x35\x36\x51\x73\x87\x95\x39\x43\xe7\x1b\x8d\x3c\xd2\x0a\
\x00\xd2\x44\x9f\x15\xd7\xf6\xad\x9c\xf4\x1d\x4e\x33\x06\x05\x14\
\x00\x00\x00\x00\x00\x8f\xd0\x53\x4a\x29\x95\xf6\xe8\x93\x6f\x2f\
\x5e\xbc\x38\x9d\x45\xd5\x3d\x4f\xca\x94\x9e\xca\xeb\x55\x2b\x73\
\x64\x52\x4d\x4d\xe4\x1c\x8e\x01\x20\x87\x48\x29\xd6\x72\xe8\xc4\
\x61\xdc\xba\x92\x69\x9a\x4a\x29\xe1\x74\x14\xca\x17\x02\x81\xda\
\x43\x39\x76\xa5\xb2\xb2\x03\x2e\xa4\xc6\xd1\x73\xaf\x54\x02\x8b\
\xc7\xc3\x30\x49\xe9\xd1\x52\x1b\xac\xd8\x3e\x3a\x26\x8d\x2a\x2c\
\x14\xf3\x67\xce\x9c\x59\xc0\x5d\x00\x90\x06\x29\xe5\x6f\xfa\x57\
\x4e\xca\xe8\xcd\x01\x28\xa0\x00\x00\x00\x00\x00\x78\xc4\xa4\x49\
\x95\xe7\xd3\x05\xf6\xe1\x9c\xda\xa6\x94\x78\x38\x16\x6b\x78\x8c\
\xd3\xbc\x13\x8d\x46\xfb\xe8\x59\xb8\x86\x53\x47\x0c\x43\x7e\x99\
\x43\x00\xc8\x21\xc9\xa4\xf9\x3a\x87\x4e\xa4\xb3\xf6\x54\x56\x25\
\x93\xbd\x2d\xd4\xf4\x58\x99\x2d\xc5\x65\x65\x22\xcc\xb1\x2b\x49\
\x29\xf5\xc8\x4b\x27\x9e\x8a\xc7\xe3\x2b\x39\x06\xc8\x2a\x3a\xe7\
\xd8\x6e\x9a\x4a\x4f\x01\x9a\xb2\x7a\x1c\xf9\xc4\xb8\x71\xc7\x0e\
\xc9\x14\x44\x00\x79\x44\xd2\x07\xc7\xf5\x7d\xab\x26\xd7\x70\x3e\
\x68\x28\xa0\x00\x00\x00\x00\x00\x78\x84\xcf\x67\x5c\xce\xa1\x43\
\xc9\x9f\x71\x90\xb7\xd6\xaf\x5f\x37\x8f\x9a\x75\x56\xe6\xc8\xac\
\xd9\xb3\xeb\xc6\x72\x0c\x00\x39\xc2\x30\x52\xe9\x4c\xef\x54\xe0\
\xf6\xbb\xc3\xe7\xcd\x9b\xb7\x4d\x29\xd1\xc6\xa9\x2d\x52\x1a\x97\
\x1b\x84\x53\x57\x89\x44\x22\x13\xa8\x39\xd3\xca\xec\x31\x4d\x13\
\xa3\x4f\x60\x58\xc5\xe3\x8d\x4f\x0a\xa1\x7e\xce\xa9\x43\xf2\x87\
\xf4\xba\xff\x24\x27\x00\x90\x1e\x3d\x07\x6f\xb4\x77\xd5\xa4\x4b\
\x38\x1f\x14\x14\x50\x00\x00\x00\x00\x00\x3c\xa0\xba\xba\x7a\x0c\
\x35\x67\x59\x99\x23\x4f\xc4\x62\xb1\xa7\x38\xce\x5b\xd6\xf4\x65\
\xea\x37\x9c\x3a\x51\x50\x52\x22\xbf\xc4\x31\x00\xe4\x08\xa5\x54\
\x82\x43\x47\x4a\x4b\x4b\x9d\x2c\x64\x3e\x5c\x9c\x16\x10\x8e\xab\
\xa9\x09\x9f\xcd\xb1\xcb\xec\x5e\xa3\xc5\xc9\x5a\x54\x6f\x6f\xd9\
\xf2\xd6\xed\x1c\x03\x0c\x9b\xee\xee\x9d\xbf\xa0\xe6\x09\x2b\x73\
\x84\x8e\x31\xbe\xd6\x50\x28\x74\x30\xe7\x00\x90\x1e\x9f\x21\xe4\
\xfc\x9e\x15\x93\x67\x71\x9e\x36\x14\x50\x00\x00\x00\x00\x00\x3c\
\xa0\xa8\xa8\xec\x52\x6a\x1c\x7f\x71\xa7\x94\xfa\x0b\x87\x79\x2f\
\x95\x4a\xb4\x52\xb3\xdd\xca\x1c\xb9\x8c\x5b\x00\xc8\x19\x45\x7e\
\x0e\x1c\x79\xe0\x81\x07\xd2\x2a\xbc\x64\x53\x2c\xd6\xf0\x9c\x52\
\xe2\x05\x4e\x6d\x91\xd2\x7d\xd3\x15\x5e\x70\xc1\x05\x65\xd4\x04\
\xad\xcc\x2e\x15\x5b\xb4\x68\x51\x3f\x27\x00\xc3\xa6\xad\xad\x2d\
\x65\x9a\x89\x39\xf4\x5e\xdc\xc6\x5d\x4e\x1c\x69\x18\x85\x4d\x86\
\xa1\x6f\xa2\x07\x80\x41\x28\xf2\x19\xe2\x8e\xfe\xe5\x13\xd2\xb9\
\x09\xed\x3f\x50\x40\x01\x00\x00\x00\x00\xf0\x00\x29\xc5\x17\x38\
\x74\x62\xf3\x8b\x2f\xae\x58\xc8\x71\xde\x6b\x6e\x6e\xee\x16\x42\
\xe9\x22\x8a\x53\xd3\x23\x91\xc8\x38\x8e\x01\x20\x07\x48\xa9\xd2\
\x59\xcf\x64\x97\x49\x38\x76\x39\xe5\x68\x14\x8a\x94\xf2\xfc\x70\
\x38\x7c\x04\xa7\xae\x70\xf0\xc1\xa3\xf5\xe8\x3f\x27\xfb\xc9\x4c\
\x26\xe5\xcd\x1c\x03\x0c\xbb\x78\x3c\xfe\xaa\x52\x66\x9a\xd3\xaf\
\x8a\x0b\x82\xc1\xda\x2b\x39\x06\x80\xf4\x95\x08\x9f\xef\xae\xbe\
\x95\x13\x4f\xe3\xdc\x31\x14\x50\x00\x00\x00\x00\x00\x5c\x2e\x12\
\x89\xe8\x2f\x90\xd2\x38\xe9\x57\x0b\x96\x2e\x5d\xea\xfa\xbb\xa5\
\xb3\x49\xa9\x54\x33\x87\x8e\x28\xe5\x3b\x8f\x43\x00\xc8\x09\xf2\
\x38\x0e\x1c\x50\x6f\x73\xe0\x7a\x3d\x3d\x3b\x17\x50\xd3\x65\x65\
\xb6\x14\x48\xe9\xab\xe3\xd8\x2d\x1c\x2d\x1e\xaf\x94\x78\xb4\xa5\
\xa5\x61\x2d\xa7\x00\xae\x10\x8f\x37\xdd\x41\x4d\x83\x95\x39\x23\
\xa5\xf8\x4d\x28\x14\xaa\xe4\x14\x00\xd2\xe7\x97\xd2\xb8\xaf\x77\
\xf9\xa4\xe9\x9c\x3b\x82\x02\x0a\x00\x00\x00\x00\x80\xcb\x99\xa6\
\xfc\x2c\x35\x8e\x17\x2e\x4e\xa5\xd4\xad\x1c\x02\x8b\xc5\x62\xff\
\xa2\xe6\x25\x2b\xb3\x4f\x4a\x31\xe8\xf9\x93\x01\xc0\x3d\x0c\x43\
\xe9\xc5\xc9\x1d\x92\xaf\x71\xe0\x7a\x6d\x6d\x6d\x7a\x91\xfc\x79\
\x56\x66\x97\xac\x73\xcb\x22\xf9\xc1\x60\x9d\xfe\x92\xcb\xd1\x17\
\x5d\x74\x9c\xbe\x91\x43\x00\x57\x49\xa5\x06\xbe\x45\xcd\x6a\x2b\
\x73\xa4\xc4\x30\x0a\xdb\x82\xc1\x60\x5a\x53\x0e\x02\xc0\xfb\x8c\
\x34\x7c\xf2\xc1\xee\x55\x93\x2a\x38\xb7\x0d\x05\x14\x00\x00\x00\
\x00\x00\x97\x33\x0c\xf9\x49\x0e\x9d\x78\xad\xb5\x35\xf6\x1c\xc7\
\xf0\x3e\xea\x4e\x0e\x9c\x38\x6d\xc6\x8c\x19\x85\x1c\x03\x80\xe7\
\xc9\x74\x46\xf5\x79\x6a\x74\x83\x69\x26\x6e\xe2\xd0\xae\x23\xc7\
\x8d\x3b\xce\x15\xa3\xed\x7c\x3e\xe9\x68\xf4\x09\x79\x6d\xfd\xfa\
\x57\xee\xe3\x18\xc0\x55\xac\x29\x44\x53\x7a\x3d\xb5\x74\xd6\xe7\
\x99\x60\x18\x85\xff\xcb\x31\x00\x0c\xce\xc1\x05\x42\x3e\xbc\x73\
\xe5\xe4\x13\x39\xb7\x05\x05\x14\x00\x00\x00\x00\x00\x97\x53\x4a\
\x9e\xc9\xa1\x6d\x4a\xa9\xfb\x4d\xd3\x54\x9c\xc2\x7b\x98\xa6\x58\
\xc4\xa1\x13\x23\x2a\x2a\x2a\x4e\xe6\x18\x00\x3c\x2c\x10\x08\x8c\
\xa4\x66\x86\x95\xd9\x47\xc7\xe2\x76\x0e\x3d\x21\x1e\x8f\xaf\xa4\
\xe6\x29\x2b\xb3\xed\x2b\xdc\x0e\x1b\x9e\xb6\x52\xaf\x7f\xe2\x80\
\x6a\x5c\xbc\x78\x71\x92\x13\x00\xd7\x89\x46\xa3\xcb\xe9\xfc\xe3\
\x2a\x4e\x1d\x91\x52\xd6\x86\x42\xb5\x01\x4e\x01\x60\x70\x0e\x2b\
\x12\xe2\xd1\xfe\x15\x93\x6c\xaf\x6f\x88\x02\x0a\x00\x00\x00\x00\
\x80\x8b\xcd\x99\x33\x67\x94\x94\xc2\xf1\x54\x33\x4a\xa9\x47\x38\
\x84\x3d\xbc\xfa\xea\xba\x25\xd4\x38\x59\x1b\x80\xf9\x3e\xce\x01\
\x00\x78\x98\xdf\x7f\xc0\x45\xd4\x14\x5b\x99\x7d\x52\xa6\x9e\xe7\
\xd0\x4b\x9c\x8e\x42\x39\x7b\xce\x9c\xba\x63\x39\x1e\x16\xa6\xe9\
\x0b\x52\x53\x66\x65\xb6\x24\x95\x4a\x35\x72\x0c\xe0\x5a\x2d\x2d\
\x4d\x7f\xa2\xe6\x7e\x2b\x73\xc6\x30\x8c\x9b\x82\xc1\xe0\x31\x9c\
\x02\xc0\x60\x48\xf1\x11\x65\xc8\x47\x7b\x57\x4c\x38\x82\x7b\xf6\
\x09\x05\x14\x00\x00\x00\x00\x00\x17\x2b\x28\x28\xd1\xa3\x1e\xa4\
\x95\xd9\xa7\x54\xf2\x9f\x1c\xc2\x1e\xf4\x5d\xca\x4a\x29\xa7\x77\
\x65\x6b\x18\x81\x02\x90\x1b\xea\xb9\x75\xa2\x7f\xeb\xd6\xad\x1e\
\x9c\x16\x31\x75\x3b\x7d\x22\x6c\xe5\xc4\x0e\xa3\xb0\x50\x7e\x99\
\xe3\xac\x33\x0c\x43\x4a\x29\x9c\xfe\xfb\xf7\xc4\x62\xb1\xd7\x39\
\x06\x70\x2d\x3d\x32\x38\x95\x1a\x08\x53\xf8\x96\xd5\xe3\xc8\x48\
\xc3\x28\x9a\xef\x96\x75\x8a\x00\xbc\x8e\x2e\xae\x8e\x33\x0c\xdf\
\x23\xdd\x2b\x4f\x18\xcd\x5d\x7b\x85\x02\x0a\x00\x00\x00\x00\x80\
\x8b\x49\xa9\xaa\x38\x74\x62\x6d\x73\x73\xf3\x66\x8e\xe1\x43\xc9\
\xa7\x39\x70\x22\x9d\x7d\x01\x00\x2e\x12\x89\x44\x4e\xa7\xf7\xbf\
\xe3\xd1\x64\x4a\x89\xa7\xef\xbe\xfb\xee\x1e\x4e\x3d\x23\x1a\x8d\
\xf6\xd1\xcf\x1e\xe7\xd4\x16\x29\x45\x78\xd6\xac\x59\x8e\x47\xe8\
\x64\x42\x28\x14\x3a\x93\xfe\xfd\x89\x9c\xda\x94\xfa\x2b\x07\x00\
\xae\xa7\xcf\xcf\x94\x52\x7a\x94\x95\x69\xf5\xd8\x47\xef\x8d\x53\
\x8f\x3e\xfa\xb8\x9f\x71\x0a\x00\x83\x37\xb1\x40\x16\x3d\xd4\xf5\
\xd4\xb8\x51\x9c\x7f\x28\x14\x50\x00\x00\x00\x00\x00\x5c\x4c\x4a\
\xe9\xf0\x8b\xa4\xdd\xd3\x77\x2d\xe3\x10\xf6\x82\x9e\xa3\x7f\x71\
\xe8\xc4\xf1\x81\x40\xa0\x88\x63\x00\xf0\x18\x83\x08\xe1\xfb\x1d\
\xa7\x8e\x48\xa9\xee\xe1\xd0\x73\x12\x09\xa5\xa7\xf1\x72\xb2\x26\
\xd6\xa1\xa3\x47\x1f\x7e\x31\xc7\x59\xa5\x94\xe1\x70\xf1\x78\xf5\
\x72\x3c\x1e\x7f\x94\x13\x00\x4f\x88\xc5\x1a\x1f\xa6\xd7\x6e\x9a\
\xc7\x22\x71\x55\x30\x58\x3b\x93\x53\x00\x18\xbc\x69\xc5\xe5\xfe\
\x07\xb6\x3e\x3d\xe9\x00\xce\x3f\x00\x05\x14\x00\x00\x00\x00\x00\
\x17\x53\x4a\x8e\xe7\xd0\x09\xbd\x70\x30\xec\x83\x94\xa9\x74\x9e\
\xa3\x82\x92\x92\x92\xe3\x38\x06\x00\x8f\x09\x85\x22\x57\x52\xe3\
\x78\xf1\x78\x92\xea\xeb\x13\xb7\x71\xec\x39\xf3\xe6\x35\xbd\x4c\
\x9f\x26\x8f\x71\x6a\x93\xcc\xfa\x62\xf2\x91\x48\xe4\x30\x29\xe5\
\x85\x9c\xda\xa2\x94\xb8\x49\x4f\x8b\xc4\x29\x80\x67\x74\x77\xef\
\xfc\x31\x35\xe9\xac\xab\x64\xf8\x7c\x46\x6b\x20\x50\x7b\x28\xe7\
\x00\x30\x78\x1f\x1b\x31\x42\xdc\xfb\xe6\xb2\x23\x3f\x74\xfd\x2d\
\x14\x50\x00\x00\x00\x00\x00\x5c\x4c\x4a\x71\x02\x87\xb6\x99\xa6\
\xea\xe4\x10\xf6\x82\xe7\xcb\x77\xbc\x90\xbc\x61\x14\x3a\xde\x1f\
\x00\x30\xfc\x6a\x6a\x6a\xab\xe8\x88\xfa\x6b\x4e\x9d\x7a\x68\xc1\
\x82\xc6\x37\x38\xf6\x24\xa5\x84\xa3\x69\xae\xe8\xb3\xe7\x8c\x70\
\x38\x3c\x99\xd3\xac\x50\xca\xa8\xa5\xc6\xc9\x28\xbf\x3e\xa5\x92\
\x8e\xa6\x27\x03\x70\x8b\xb6\xb6\xb6\x81\x81\x01\x73\x36\x85\xbb\
\xac\x1e\x47\xc6\xfa\xfd\x46\x5c\xaf\x19\xc4\x39\x00\x0c\x96\x94\
\x67\x8e\x2a\x1c\x79\xe7\xda\x07\xc7\x7f\x60\x0a\x4b\xa9\xe8\x53\
\x14\x00\x00\x00\x00\xc0\xa9\x48\xa4\x7e\x13\x35\xfb\x5d\x74\xef\
\x3d\x56\xd3\xf6\x2d\x2b\xcc\x15\xa9\xee\x68\x34\xfa\x04\x27\x19\
\x17\x89\x44\x4a\x84\xf0\xe9\x39\xf7\x1d\x5d\x20\x27\x93\x6a\x5a\
\x4b\x4b\xe3\x0a\x4e\x61\x2f\xc2\xe1\xfa\x65\x52\x8a\x93\x38\xb5\
\xeb\xca\x68\xb4\xe1\x06\x8e\x87\x14\xbd\xc7\xee\xa3\x66\x96\x95\
\xd9\x62\xd2\xcf\xe6\xe3\x38\x67\x85\xc3\xe1\x93\xa5\x2c\x70\x78\
\xd7\xae\xfa\x69\x34\xda\x78\x2d\x27\x59\x13\x08\x04\x46\xf8\xfd\
\xe5\x3b\x39\xb5\xeb\x56\xda\x8f\x97\x71\x9c\x55\xce\x8f\xeb\xea\
\x59\x7a\x5e\x4f\xe1\xc4\xb5\xe6\xcc\xa9\x3b\xb6\xa8\x48\xea\x63\
\xf5\x58\xab\xc7\xb1\x73\x69\x9f\x3c\xc8\xf1\x90\x89\x44\xea\x7e\
\x47\x87\xfb\x6f\x73\x6a\x4b\x32\x29\x4e\x68\x69\x69\x58\xcb\xe9\
\x5e\xcd\x98\x31\xa3\x70\xca\x94\x69\x1b\xe8\x98\x77\x38\x77\xd9\
\xa0\xfe\x4c\xfb\xf7\x1b\x9c\x0c\x29\x7a\xaf\xf8\xe8\xbd\xf2\x0a\
\x85\x47\x5b\x3d\xb6\xb4\xd2\x7e\xa9\xe1\x78\x9f\xc2\xe1\xda\xb0\
\x94\x46\x94\x53\xbb\x2e\xa2\xff\xfd\xbb\x38\xce\x9a\x50\xa8\xfe\
\x54\xc3\x10\x0e\xd7\xe9\x52\x71\x7a\xed\xb4\x71\x92\x13\x4c\x33\
\xb1\x2e\x1e\x8f\xbf\xc4\xe9\x90\xa3\xe3\xdf\xcd\xd4\xd4\x5b\x99\
\x3d\xfd\xfd\x3d\x87\xcd\x9f\x3f\x5f\x1f\x37\xd3\x46\xfb\x3b\x48\
\xfb\x3b\xcd\x42\xa0\xfa\x16\xbd\x47\xff\xc8\xc9\x90\xa2\xe7\x67\
\x03\x35\x47\x59\x99\x2d\xcb\xe9\xfd\xe3\xf4\x1c\xcb\x33\xe8\x1c\
\xf2\x5a\x3a\x9e\x5e\xcd\xa9\x2d\xa6\x29\xaa\xe2\xf1\x86\x17\x38\
\xcd\x1b\xfd\xab\x26\x3b\x3d\x9f\x1d\x5e\x4a\xdc\xb5\x64\x5b\xe7\
\xa5\x67\x9e\x69\x26\xb9\x07\x23\x50\x00\x00\x00\x00\x20\x6b\x26\
\xd0\xf6\x40\x6e\x6d\xbe\x06\x6a\x87\x8c\x52\xea\x08\x6a\x1c\xdf\
\x5d\x58\x50\x60\xea\x8b\x5c\xd8\x2f\xb5\x9e\x03\xdb\x94\x12\x47\
\x72\x08\x00\x1e\x10\x89\x44\x26\x14\x15\x09\x3d\x7d\x55\x5a\xc5\
\x13\x7a\xcf\xbf\x10\x8f\x37\x3d\xc4\xa9\x67\x2d\x5d\xba\x34\x21\
\xa5\x68\xe2\xd4\x26\x39\x37\x18\x0c\xfa\x39\x19\x52\x7e\x7f\xf9\
\xe7\xa8\x71\x52\x3c\x11\xc9\xa4\x89\xc5\xe3\xff\x43\x86\xe8\x3f\
\x1f\x72\x9e\xe2\xdd\xcd\x30\x0a\x23\xd4\xe6\xbc\x78\xbc\xa1\x99\
\xce\xf7\x6e\xe1\xd4\x21\x79\x9d\x35\xba\x0e\x00\x32\x46\x8a\x0b\
\x4f\x19\x35\xb1\xf9\xda\x6b\xf5\xba\x69\x16\x14\x50\x00\x00\x00\
\x00\x00\x5c\x2a\x95\x32\xc6\x70\x68\x9b\x52\xa2\x37\x1a\x8d\x6e\
\xe7\x14\xf6\x41\x4a\xf9\x26\x87\x0e\x28\x27\xa3\xae\x00\x60\x18\
\x05\x83\xb5\x9f\x53\xca\xf7\x34\xbd\xdb\xc7\x71\x57\x3a\x7e\x92\
\x2b\x6b\x6c\x98\x66\x42\x17\xfd\x53\x56\x66\xcb\x81\x86\x51\xf8\
\x25\x8e\x87\x9a\xd3\x35\x57\x56\xb4\xb4\x34\x39\x1c\xa5\x01\xe0\
\x4e\x3d\x3d\x3b\xaf\xa0\xf3\xb7\x7f\x73\xea\x44\x71\x41\x81\x71\
\x8b\x1e\xed\xc8\x39\x00\x64\x82\x14\xb3\xaf\xba\x78\xe2\x4d\xef\
\x4e\x93\x87\x02\x0a\x00\x00\x00\x00\x80\x4b\x49\x29\x0e\xe4\xd0\
\x36\xfa\x3b\x5b\x38\x84\xfd\x52\x9b\x39\xb0\x4d\x4a\x39\x8a\x43\
\x00\x70\xa9\xea\xea\xea\x43\xf4\x74\x3c\x3e\x9f\x71\x1f\x1d\x13\
\x07\xf3\x9e\x7d\x24\x16\x6b\x58\xc4\xb1\xe7\xc5\xe3\xf1\x57\xa9\
\xb9\xdf\xca\xec\xa1\x63\xde\x90\x2f\x26\x1f\x0c\x06\x8f\xa1\xe6\
\x1c\x2b\xb3\x4b\x61\xf4\x09\xe4\x8c\xb6\xb6\xb6\x1d\x52\xa6\xf4\
\x7a\x28\xff\x99\x32\xc8\x81\x13\xfd\xfe\xf2\xbf\x70\x0c\x00\x19\
\x22\x85\xa8\xeb\x5d\x31\x71\xf7\x14\x79\x28\xa0\x00\x00\x00\x00\
\x00\xb8\x94\xcf\x67\x38\x2e\xa0\x08\xa1\x76\x70\x00\xfb\x97\xce\
\x73\x95\xc6\x3e\x01\x80\x6c\x08\x85\x42\x07\x47\x22\x75\x3f\x2c\
\x2e\x2e\x7b\x99\x52\xbd\x96\x41\xda\x0b\x2c\xeb\xd1\x7c\xa6\x99\
\xf8\x1a\xa7\x39\x23\x95\x72\x3c\xed\xd5\xf4\x60\xb0\x6e\x3a\xc7\
\x43\xc2\xe7\x2b\xbc\x9c\x1a\x27\xdf\x4f\xed\xdc\xb6\x4d\xcc\xe7\
\x18\x20\x27\x44\xa3\xd1\x25\x4a\xa9\x9f\x72\xea\x54\x30\x12\xa9\
\xd7\x05\x18\x00\xc8\xac\x6f\xf4\xad\x9a\xfc\x63\x14\x50\x00\x00\
\x00\x00\x00\x5c\x8a\x2e\xa4\x4b\x39\x74\xc2\xe9\x82\xd5\x79\x4b\
\x29\xe7\xcf\x15\xfd\x9d\x74\xf6\x09\x00\x0c\x91\x40\x20\x30\x32\
\x14\xaa\xbd\x24\x12\xa9\x9f\x2f\x65\xe1\x46\x21\xe4\x7f\x53\x77\
\x06\x0a\x9d\xe6\xf7\xb3\xb9\x80\x75\xb6\xb4\xb6\xc6\x1e\xa4\x23\
\x99\xa3\xf5\x9f\x0c\xc3\xf1\xf4\x5a\xb6\xd1\xfe\x2b\xa2\x7d\xe6\
\x68\xad\x0b\x3a\x0e\xcf\x5b\xb8\xb0\x11\x9f\x75\x90\x73\x7a\x7a\
\x76\x5e\x47\xcd\x3f\xac\xcc\xb1\x1b\xc3\xe1\xf0\x71\x1c\x03\x40\
\x66\x6c\x37\x85\xb8\x1f\x05\x14\x00\x00\x00\x00\x00\x97\x92\x52\
\x14\x72\xe8\x80\x1c\xe0\x00\xf6\x2f\xc1\xad\x6d\xe9\xed\x13\x80\
\x9c\x75\x90\x2e\x5e\x64\x63\x8b\x44\xea\x2f\x0d\x87\xeb\x6a\xa8\
\xfd\x2a\x6d\x3f\xa7\x78\x1e\xb5\xab\xfc\xfe\xf2\x77\x0c\xc3\xb8\
\x9d\x7e\x96\xd9\xf4\xfe\xcc\x54\x81\xf3\xae\xe6\xe6\xd8\x9f\x39\
\xce\x29\xa6\x5e\xd0\x45\xc9\x9b\x39\xb5\x45\x4a\xf9\x25\x5d\xa8\
\xe2\x34\xa3\xca\xca\x0e\xf8\x02\x35\x8e\xd6\x96\x52\x2a\x81\xe9\
\xbb\x20\x27\xb5\xb5\xb5\xa5\x12\x89\xbe\xb9\xf4\x2a\xdf\xca\x5d\
\x4e\x94\x0b\x51\xb0\x60\xc6\x8c\x19\x38\x4f\x01\xc8\x8c\x5d\x2a\
\xa5\x66\x95\x55\xb4\x2f\x43\x01\x05\x00\x00\x00\x00\xc0\xbd\xd2\
\xb8\x08\x56\xe9\xcc\x9f\x9d\xaf\x1c\x17\x50\x08\xbe\x98\x00\xf8\
\x0f\x79\x82\x2e\x5e\x64\x63\xa3\x7f\xec\x36\x29\x65\x33\xb5\xd7\
\xd3\xf6\x63\x8a\xab\xa9\x9d\x42\x5b\xa6\xbf\xd7\x58\xb1\x6d\x9b\
\xaa\xc9\x95\x85\xe3\x3f\xcc\xc0\x40\x4f\x54\x37\x56\x66\x8b\xbf\
\xac\xac\x7c\x2e\xc7\x19\xe6\x74\x8d\x15\xf5\x74\x3c\x1e\x5f\xc9\
\x09\x40\xce\x69\x6d\x6d\x7d\x8d\xde\x17\x75\x9c\x3a\x22\xa5\xf8\
\x68\x45\xc5\x54\x3d\x0a\x0f\x00\x06\xa7\x57\x28\xf3\x82\x92\x69\
\x1d\x4f\xeb\x04\x05\x14\x00\x00\x00\x00\x00\x97\x52\xca\x79\x31\
\x44\x29\xe9\xe3\x10\xf6\x83\x9e\xdf\x74\x9e\x2b\x14\xa8\x00\x72\
\xd7\xba\xbe\x3e\xf5\xb9\x5c\x9f\x1e\x6a\xfe\xfc\xf9\x9b\xe8\xf8\
\x77\x17\xa7\xb6\x48\x99\xf9\x69\xbc\xc2\xe1\xf0\x64\xfa\xdf\x3d\
\x83\x53\x9b\x24\x46\x9f\x40\xce\x8b\x46\x1b\xee\x52\x4a\xdc\xc8\
\xa9\x43\xf2\x3b\xa1\x50\xed\x67\x39\x01\x00\xe7\x06\x52\xa6\xb8\
\xb4\xb8\xb2\x73\x31\xe7\x28\xa0\x00\x00\x00\x00\x00\xb8\x15\x5d\
\x3c\x63\x8a\xa9\x21\x64\x18\x46\x11\x87\x4e\xa4\x33\x6a\x05\x00\
\xdc\xef\x15\xd3\x4c\x7c\x6a\xc1\x82\xc6\x37\x38\xcf\x69\xf4\xf9\
\xe2\xb4\x10\x31\x39\x12\x89\x9c\xce\x71\x46\x48\x59\xe0\x74\xf4\
\xc9\x56\x21\x52\x7a\x34\x12\x40\xce\xeb\xe9\xe9\xfa\x0e\x35\xed\
\x56\xe6\x08\x9d\xde\x18\xcd\xd5\xd5\xd5\x63\x38\x07\x00\xfb\x92\
\xa6\x50\xd5\x65\x53\xdb\x17\x71\xbe\x1b\x0a\x28\x00\x00\x00\x00\
\x00\x2e\x45\x17\xc0\xfd\x1c\x3a\x31\x82\x5b\xd8\x0f\xa5\xcc\x34\
\x9e\x2b\x95\xce\x3e\x01\x00\x77\x5b\x2a\x44\xea\xb4\x78\x3c\xfe\
\x2a\xe7\x39\xaf\xa5\x25\xaa\x17\xaa\x5e\x6d\x65\x76\xf9\x32\x36\
\x0a\x25\x18\x0c\xfa\xa9\x71\x38\x2d\x98\x8c\x45\xa3\xd1\x3e\x4e\
\x00\x72\x5a\x5b\x5b\x5b\x2f\x1d\x97\x2e\xa3\x30\x9d\xd7\xfc\x98\
\xe2\xe2\xb2\x66\x3a\x8f\x94\x9c\x03\xc0\xfe\x99\x4a\x89\x48\x69\
\x45\xc7\x1d\x9c\xff\x07\x0a\x28\x00\x00\x00\x00\x00\xee\xb5\x9d\
\x5b\xdb\xe8\xc4\x7f\x48\x16\xfa\xcd\x4d\x46\x39\x07\x0e\x48\xc7\
\xfb\x04\x00\xdc\x4c\xc5\xbb\xbb\xbb\xce\x8c\x46\xa3\x6f\x71\x47\
\x5e\xb0\xd6\x78\x51\x37\x71\x6a\xd7\x17\x02\x81\xda\x43\x39\x1e\
\x14\x9f\xaf\x68\x36\x35\x4e\x3e\xaf\x54\x32\x29\x9c\xfe\xbc\x00\
\x9e\x46\xc7\xa5\x55\x4a\xa9\xff\xe2\xd4\xa9\xcf\x06\x83\xb5\x7a\
\x14\x0b\x00\xec\x9f\xa2\x8b\xa8\xaf\x96\x54\xb6\xb7\x72\xfe\x3e\
\x28\xa0\x00\x00\x00\x00\x40\x56\x28\x25\x9e\x13\x22\x55\x9a\x4b\
\xdb\xa6\x4d\x6f\x4c\xe5\x5f\x6f\x88\xa4\x1c\x7f\x59\x2f\xa5\x38\
\x84\x43\xd8\x0f\x29\xd5\x68\x0e\x9d\x40\x01\x05\x20\x27\xe8\xe9\
\xa0\xc4\x65\xd1\x68\x63\xd8\xba\xd3\x3b\xff\x0c\x0c\xf4\x35\xd3\
\x67\xb3\x93\xdf\xbd\xb8\xac\x4c\x84\x39\x1e\x14\xfa\x77\xaf\xe0\
\xd0\x16\xfa\xf3\x8f\xb4\xb4\x34\xac\xe5\x14\x3e\x40\x5d\xbd\xe7\
\x39\x8a\xd7\xb7\xf5\xeb\x5f\xf9\x31\xff\x72\x79\xad\xb9\x39\x7a\
\x83\x52\xea\x1e\x4e\x1d\xa1\x73\xc2\xff\x0e\x06\xeb\xa6\x73\x0a\
\x00\x7b\x41\x9f\x31\xff\x55\x5c\xd9\xb1\xd7\x22\xbd\xa4\x37\x21\
\x87\x00\x00\x00\x00\x00\xf6\x45\x22\xf5\x9b\xa8\x71\xf2\x05\xf4\
\x92\x68\xb4\xe1\x54\x8e\xc1\x86\x60\x30\x38\xd1\xe7\x2b\xea\xe0\
\xd4\xb6\xee\xee\xae\x03\xda\xda\xda\x76\x71\x0a\x7b\x41\xaf\xe1\
\xdb\xa8\xb9\xd4\xca\x6c\xfb\x2d\xbd\x8e\xbf\xcb\xf1\x90\xa2\x9f\
\xef\x3e\x6a\x66\x59\x99\x2d\x26\xfd\x6c\xe9\x2c\x8c\xef\x29\xe1\
\x70\xf8\x64\x29\x0b\x9e\xe7\xd4\x26\xf5\xd3\x68\xb4\xf1\x5a\x4e\
\xb2\x26\x10\x08\x8c\xf0\xfb\xcb\x9d\x2e\x48\x7e\x2b\xed\x47\x3d\
\x6d\x4b\xd6\xa5\x71\x5c\xf7\x22\x3d\x45\x47\x73\x4f\x8f\x79\x55\
\x5b\x5b\xd3\x16\xee\x73\x85\x48\xa4\xee\x77\x42\xc8\x6f\x73\x6a\
\x4b\x32\x29\x4e\x18\x4c\x61\x81\xf6\x79\x9c\x9a\xa0\x95\xd9\xf2\
\x4a\x3c\xde\x74\xa2\x49\x38\x77\x2c\x18\xac\xfd\x98\xcf\x67\x2c\
\xe1\xd4\x16\xa5\xd4\xc5\xb1\x58\xe3\x42\x4e\x1d\x0b\x87\x6b\xc3\
\x52\x1a\x51\x4e\xed\xba\x48\x2f\xe6\xcd\x71\xd6\x84\x42\xf5\xa7\
\x1a\x86\x78\x9a\x53\x5b\xe8\x35\xfd\xc3\x58\xac\xe1\x7f\x38\x85\
\x34\xd0\x7b\xe1\x66\x6a\xea\xad\xcc\x9e\xfe\xfe\x9e\xc3\xe6\xcf\
\x9f\xaf\x8f\x9b\x43\xaa\xba\xba\xfa\x90\xe2\xe2\xb2\x15\x14\x8e\
\xb5\x7a\x1c\x59\xbb\x6d\x9b\xaa\x5a\xb8\xb0\xd1\xe9\x67\xd1\xfb\
\xd0\xf3\xb3\x81\x9a\xa3\xac\xcc\x96\xe5\xf4\xfe\x39\x89\xe3\x9c\
\x13\x0e\xd7\x5f\x2b\xa5\xb8\x9a\x53\x5b\xe8\xa8\x59\x15\x8f\x37\
\xbc\xc0\x69\xde\xe8\x5f\x35\xd9\xe9\xf9\x6c\x56\xd1\xf1\xf3\xea\
\x92\xca\xf6\x9f\x73\xfa\xa1\x30\x02\x05\x00\x00\x00\x00\xc0\xa5\
\xba\xba\x0a\x5f\xe3\xd0\x91\xa2\xa2\x11\x4e\x2e\x70\xf3\x16\x5d\
\x30\x1d\xcd\xa1\x03\xea\x75\x0e\x00\xc0\x5b\xf4\x17\xfe\x77\x26\
\x93\xaa\x2a\x16\x6b\x88\xb8\xad\x78\x32\x7c\x52\x4e\x17\x93\x3f\
\xae\xa6\x26\x7c\x36\xc7\x69\xf1\xf9\x0c\x47\xa3\x4f\xc8\xeb\x1b\
\x36\xac\xbb\x97\x63\x80\xbc\x33\x7f\xfe\xfc\xb7\x53\x29\x53\xaf\
\x19\x94\x4e\xe1\xf2\xf8\x51\xa3\xe4\x0d\x1c\x03\xc0\x7b\x29\xf5\
\xab\xfd\x15\x4f\x34\x14\x50\x00\x00\x00\x00\x00\x5c\x8a\xef\x16\
\xdc\x61\x65\xf6\x15\x16\x1a\xc7\x71\x08\xfb\x20\xa5\x72\xfc\x3c\
\x99\xa6\x4a\xab\xa8\x05\x00\xc3\x66\x8b\x52\xe2\x0f\xc9\xa4\x18\
\x1f\x8d\x36\x7c\xa1\xa5\xa5\x51\xdf\xc5\x0d\x2c\x1a\x8d\xea\x91\
\x20\xcb\xad\xcc\x1e\x29\xe5\x97\x39\x74\x2c\x10\xa8\x3f\x88\xf6\
\xc7\x17\x39\xb5\x49\x35\x2e\x5e\xbc\x38\xc9\x09\x40\x5e\x6a\x6e\
\x6e\x5a\x4c\xef\x9d\x5f\x71\xea\xd4\x9c\x70\xb8\xae\x86\x63\x00\
\x20\x4a\xa9\xbf\x14\x57\x76\x7c\x9f\xd3\x7d\x42\x01\x05\x00\x00\
\x00\x00\xc0\xc5\xe8\x62\x79\x1d\x87\x0e\xa8\x09\x1c\xc0\x5e\x04\
\x83\xc1\xd1\x42\xc8\x83\x39\x75\xc0\x78\x85\x03\x00\x70\xaf\xd5\
\xb4\xfd\x45\x29\xf5\xd9\x55\xab\x96\x1f\x11\x8b\x35\x7c\x1b\xeb\
\x67\xec\x9d\x69\x0a\x47\xa3\x50\xa4\x94\xe7\x87\xc3\xe1\x23\x38\
\x75\xa4\xac\x4c\x04\xa5\x14\xa5\x9c\xda\x91\x54\x2a\xd5\xc0\x31\
\x40\x5e\x7b\xf1\xc5\xe5\xd7\xd0\x79\xe1\x73\x9c\x3a\x42\xef\xdb\
\xeb\x43\xa1\xd0\x89\x9c\x02\xe4\x35\x25\x44\xac\x6c\xda\xea\x6f\
\x70\xba\x5f\x28\xa0\x00\x00\x00\x00\x00\xb8\x98\x94\x62\x0d\x87\
\x0e\xc8\x4a\x0e\x60\x2f\x0c\xa3\xa8\x82\x43\x27\x94\x52\x03\x2f\
\x71\x0c\x00\xbb\xbf\x83\x10\x7a\x64\x40\x36\xb7\x01\xda\x7a\x68\
\xdb\x4c\x9b\x2e\x94\x2c\xa6\x1f\x23\x4e\xdb\x0f\xe8\x0d\x7a\x81\
\x10\xa9\xc3\xa3\xd1\x86\x89\xb4\x7d\x3d\x16\x6b\x7c\x78\xe9\xd2\
\xa5\x09\xfa\x33\xb0\x0f\x3b\x76\xa8\x05\xd4\x38\x59\x1f\xa1\x40\
\x4a\x5f\x1d\xc7\xb6\x19\x86\x21\xe9\x33\xed\x2b\x9c\xda\x42\xfb\
\xf4\xde\x58\x2c\x86\xa9\x13\x01\x88\x3e\x9e\x25\x12\x4a\xaf\x91\
\xd5\x65\xf5\x38\x32\xc2\x30\x0a\x6e\x09\x04\x02\x45\x9c\x03\xe4\
\x29\x75\xcb\x7d\x6b\x3a\xeb\x4d\xd3\xb4\xbd\x30\x3c\x0a\x28\x00\
\x00\x00\x00\x00\x2e\xa6\x94\xe8\xe4\xd0\x89\x2a\x6e\x61\x2f\xa4\
\x54\x33\x38\x74\x62\x63\x73\x73\x73\x37\xc7\x6e\x24\xb9\xcd\x69\
\xa6\xe9\xcb\x8b\xdf\xd3\x1b\xd4\x73\xd1\x68\x43\x61\x96\xb7\x62\
\xda\xfc\xb4\x8d\xa1\x4d\x17\x4a\x3e\x1d\x8d\x36\x86\x69\xbb\x2e\
\x16\x6b\xbc\x27\x1a\x8d\xbe\xc5\x3f\x1c\xd8\xa4\xa7\x8b\xa4\xcf\
\x9a\x79\x9c\xda\x24\xeb\x66\xce\x9c\x59\xc0\x89\x2d\xc1\x60\xed\
\x4c\x6a\x9c\xde\x01\xef\x74\x8d\x16\x80\x9c\x36\x6f\x5e\xe3\x3a\
\xd3\x34\xaf\xe4\xd4\x21\x59\x55\x56\x56\x7e\x1d\x27\x00\xf9\x47\
\x89\xbb\x96\xbc\xb3\xba\xe6\x92\x4b\xcc\x14\xf7\xd8\x82\x02\x0a\
\x00\x00\x00\x00\x80\x8b\x49\x29\x5e\xe0\xd0\x89\x09\x91\x48\xe4\
\x40\x8e\xe1\x43\xc9\x8f\x71\xe0\xc4\x32\x6e\xb3\x42\x29\xe5\xe8\
\xe2\x8e\xc8\x7c\xb8\xb3\xd4\x30\x52\xc5\x1c\xda\xa6\x94\x74\xfa\
\x5c\x02\xe4\x95\x54\x4a\xdd\xc4\xa1\x5d\x47\x8e\x1b\x77\xdc\x79\
\x1c\xdb\x42\x9f\x67\x4e\x17\x8f\x5f\xdb\xdc\x1c\x7d\x94\x63\x00\
\x60\xf1\x78\x93\x2e\x78\xb6\x5a\x99\x33\xf4\x3e\xfc\x7f\xc1\x60\
\xed\xe7\x38\x05\xc8\x1b\x4a\x88\x87\x36\xbe\x91\xfc\xd2\x99\x67\
\x9a\x7a\x34\xab\x23\x28\xa0\x00\x00\x00\x00\x00\xb8\x58\x5f\x9f\
\xfa\x17\x87\x4e\x18\xa6\x29\x4f\xe3\xd8\xb3\x42\xa1\xd0\x51\x81\
\x40\x60\x24\xa7\x19\x63\x10\x6a\xce\xb0\x32\xfb\x94\x12\xe9\xec\
\x8b\xb4\x49\x29\x1d\x5f\xe0\x11\x27\x6b\x0b\x78\x92\x52\x3e\xc7\
\xbf\x23\xed\x3b\x4c\xe3\x04\xb0\x0f\x7a\x71\x7d\x7a\x9f\x3c\xc3\
\xa9\x5d\xb6\xa7\xe3\x9a\x3d\xbb\x6e\x2c\x35\x9f\xb7\x32\x7b\xe8\
\xe7\xb9\xc9\x24\x9c\x02\xc0\x7b\x6c\xdb\xa6\xf4\x28\x94\x74\xd6\
\x76\x92\x3e\x9f\x11\xab\xa9\xa9\x39\x9c\x73\x80\xdc\xa7\xd4\xe3\
\xdb\x12\x3b\x2e\x3e\xfe\x9c\x35\xfd\xdc\xe3\x08\x0a\x28\x00\x00\
\x00\x00\x00\x2e\xb6\x60\x41\xe3\x1b\xd4\x6c\xb4\x32\xfb\xa4\x34\
\xce\xe6\xd0\x93\x82\xc1\xda\x8f\x19\x46\xe1\x73\x7e\x7f\xf9\xbd\
\x81\x40\x20\xa3\x45\x81\xb9\x73\x23\x7a\x8a\xb3\x83\xac\xcc\x3e\
\xa5\xd4\x12\x0e\xb3\xa5\x8f\x5b\xdb\xfc\x7e\x7f\xce\x17\x50\x0c\
\x43\xa6\xf3\x3b\x3a\x7e\x2e\x01\xf2\x8f\x72\x3a\x5d\xd6\xd9\x73\
\xe6\xd4\x1d\xcb\xf1\x3e\x15\x17\x4b\xbd\x66\x4a\xa1\x95\xd9\xd2\
\xa7\x54\x22\xc6\x31\x00\xec\x81\xa7\xde\xab\xa6\x30\x9d\x1b\x04\
\x46\x17\x14\x14\xb5\xf0\x0d\x25\x00\xb9\xee\xd9\x5d\xbb\xc4\xf9\
\x87\x57\xbd\xa6\xd7\x4f\x4b\x0b\xde\x28\x00\x00\x00\x00\x00\xee\
\xf7\x38\xb7\xb6\x49\xa9\xce\xe5\xd0\x73\xc2\xe1\xba\x2f\xd2\x35\
\xfd\xdf\x29\x1c\x43\xdb\xe9\x7e\x7f\xf9\xed\x33\x66\xcc\x70\xf2\
\xc5\xdb\x3e\x19\x86\x3c\x9f\x43\x27\x06\xb6\x6d\xdb\xf2\x34\xc7\
\xd9\xe2\x64\x51\xe7\xdd\x52\xa9\xd4\x28\x0e\x73\x96\x52\xca\xf1\
\xef\x68\x18\xce\x9f\x4b\x80\x7c\xd3\xd3\xb3\xf3\x76\x6a\xde\xb1\
\x32\x5b\x8c\xc2\x42\xf9\x65\x8e\xf7\x4a\xaf\x95\x22\xa5\xa8\xe7\
\xd4\xae\x3b\xe2\xf1\xf8\x56\x8e\x01\xe0\x43\xc4\x62\x0d\xcf\x99\
\xa6\xf8\x09\xa7\x0e\xc9\xb3\x42\xa1\xc8\xf7\x38\x01\xc8\x55\x2b\
\xfa\xbb\xba\xcf\x3d\xf8\xe3\x1d\x83\x3a\x0f\x44\x01\x05\x00\x00\
\x00\x00\xc0\xe5\x4c\xd3\x74\x5c\x40\xa1\x0b\xe3\x13\x22\x91\x48\
\x05\x27\x9e\x60\x18\x86\x0c\x87\xeb\x7f\x2c\xa5\xbc\x55\xca\xf7\
\x4d\x45\x35\xab\xa2\x62\x5a\x3c\x53\x77\x4a\x4a\xa9\x2e\xe2\xd0\
\x89\xa5\x77\xdf\x7d\x77\xda\x77\xae\xa5\x43\x29\xb1\x83\x43\xdb\
\x7c\x3e\xdf\x91\x1c\xe6\x2c\x7a\x6d\x38\xfe\x1d\x53\x29\x73\x3b\
\x87\x00\xb0\x17\x6d\x6d\x6d\xbd\x74\xe4\x89\x73\x6a\x0b\xbd\x1f\
\xc3\xb3\x66\xcd\xda\xe7\xba\x44\xbc\x56\x8a\xa3\xf7\x6d\x32\x69\
\xde\xc8\x21\x00\xec\x43\x4b\x4b\xd3\x6f\xe8\x7d\x9b\xe6\x5a\x41\
\xf2\x67\x74\xae\x78\x0a\x27\x00\xb9\xa6\x33\xa9\x06\x3e\x53\xfe\
\x89\xf5\xdb\x38\x4f\x1b\x0a\x28\x00\x00\x00\x00\x00\x2e\x27\xa5\
\xf9\x00\x35\xca\xca\xec\x53\xca\x17\xe0\xd0\xf5\xf4\x17\x70\xc1\
\x60\xa4\x55\x4a\xf1\x73\x4a\xa5\xd5\xfb\x3e\xb3\x83\xc1\xda\xbf\
\x70\x9c\xb6\x60\xb0\x7e\x0a\xfd\xcf\x3b\x2e\x2c\x29\xa5\xf4\x3e\
\xc8\x32\xb5\x99\x03\xdb\x94\x92\x39\x5f\x40\x49\xe7\x77\x94\x52\
\x3a\x7e\x2e\x01\xf2\x91\x69\x26\xf5\x62\xf2\x4e\x3e\x6f\x0e\x1d\
\x3d\xfa\xf0\x8b\x39\xde\x1b\xdb\x6b\xa5\x68\x4a\x89\x95\x2d\x2d\
\x4d\xd9\x1e\xf1\x07\xe0\x49\x7a\x9d\xa0\xbe\x3e\x11\xa4\xf0\x6d\
\xab\xc7\x91\x42\x3a\x57\x5c\x30\x14\xeb\xcd\x01\x0c\x27\xfa\x10\
\x5b\x67\x9a\xa9\xb3\xfd\x95\x2f\x67\xe4\xfc\x0f\x05\x14\x00\x00\
\x00\x00\x00\x97\x8b\xc5\x62\xaf\x2b\x25\x96\x73\x6a\x9b\x94\x62\
\x4e\xa6\x46\x6d\x0c\xa5\x60\x30\x38\x7a\xcc\x98\xc3\x17\x4b\x29\
\xf5\x5c\xde\x7b\x45\xbf\xcf\x15\xe1\x70\xfd\x2f\x38\x4d\x8b\xcf\
\xb7\xfb\x4b\x06\xc7\xa4\x34\x17\x71\x98\x4d\x6f\x71\xeb\x80\x31\
\x8e\x83\x1c\xa6\x1c\xff\x8e\xa6\x29\xd3\x78\x2e\x01\xf2\x4f\x3c\
\x1e\x7f\x89\x9a\xc5\x56\x66\x97\xdc\x6b\x81\x24\x1c\x0e\x1f\x47\
\x8d\xc3\x35\xb9\x4c\xa7\x6b\xb1\x00\xe4\x35\xbd\x5e\x9e\x69\x9a\
\x61\x0a\x1d\xdf\x6c\x43\xe7\x56\xc7\xf8\xfd\xe5\xba\x70\x0a\x90\
\x1b\x94\xd8\x28\x4d\xf5\xe9\xd2\xa9\xab\x5f\xe7\x9e\x41\x43\x01\
\x05\x00\x00\x00\x00\xc0\x03\xa4\x54\x0b\x39\x74\xe2\xe8\x9a\x9a\
\xc8\x67\x39\x76\xa5\x70\x38\x3c\xd9\x30\x8a\x96\xd0\x6f\xf8\x71\
\xee\xda\x27\xba\xd0\xff\x51\x38\x5c\xf7\x1d\x4e\x1d\x89\x44\x22\
\x25\xd4\x84\xac\xcc\x91\x75\xf1\x78\x7c\x05\xc7\x59\xa3\x94\xd8\
\xc0\xa1\x6d\xf4\xfc\x4c\xe6\x30\x67\x49\x29\x27\x71\x68\x97\xb9\
\x75\xeb\x1b\x1b\x39\x06\x80\xfd\x73\xf4\x65\x2a\x1d\x77\xce\xd0\
\xc7\x72\x4e\xdf\x47\x4a\x9f\x5e\x23\xc5\xc9\x77\x4f\x3b\xb7\x6f\
\x97\xf3\x38\x06\x00\x9b\xe2\xf1\xa6\xfb\xe8\xcc\x21\xdd\x91\xba\
\x81\x48\xa4\x3e\xc2\x31\x80\x97\x6d\x1a\x10\xe2\xac\xe2\xa9\x1d\
\xeb\x39\xcf\x08\x14\x50\x00\x00\x00\x00\x00\x3c\x60\x60\x40\xdd\
\xca\xa1\x23\x52\x8a\xaf\x73\xe8\x3a\x74\xb1\x7e\x8e\x94\x05\x4f\
\xe9\xbb\x1f\xb9\xcb\x16\x29\xe5\x6f\xd2\xb9\xd0\x37\x4d\x39\x87\
\x9a\x43\xac\xcc\x09\x75\xab\x69\x9a\x8e\xef\xea\x1c\xac\x81\x01\
\xb1\x8e\x43\xdb\x94\x12\x55\x1c\xe6\xa4\xea\xea\x6a\xbd\xff\x8e\
\xb2\x32\xdb\x5e\x5f\xb4\x68\x51\x3f\xc7\x00\xb0\x1f\xab\x56\x2d\
\xbf\x8b\x1a\x47\xa3\xb6\xb8\x50\xf2\x3e\xd6\xda\x28\x52\xdf\x15\
\xef\x80\x9a\xbf\x70\x61\xe3\xa0\x16\xfb\x05\xc8\x5f\xe6\xf7\xf4\
\x14\x78\x9c\x38\xf5\xa7\x48\x24\x32\x81\x63\x00\x2f\xda\x9a\x14\
\xea\xec\x03\x2a\xdb\xf5\x48\xca\x8c\x42\x01\x05\x00\x00\x00\x00\
\xc0\x03\xe6\xcd\x6b\x7a\x99\x9a\xa5\x56\x66\x9f\x94\xf2\x9c\x9a\
\x9a\xba\xa9\x9c\xba\x0a\x5d\xe4\x9f\x46\x4d\x3a\xf3\x6e\xeb\x35\
\x52\x6e\x0e\x06\x6b\xf7\x37\xef\xfe\x7f\x04\x02\x01\x9f\x61\x18\
\x69\x8d\x5c\x49\x24\xd4\x7c\x0e\xb3\xea\xd6\x5b\xa3\x6f\x52\xe3\
\x68\x21\x79\x5d\x8c\x8a\x44\x22\x87\x71\x9a\x73\x0a\x0b\x4b\xf4\
\x62\xb7\x1f\xb6\x46\xce\xbe\xac\xe6\x16\x00\x6c\x58\xba\x74\x69\
\x82\x8e\xcf\x4d\x9c\xda\x24\xe7\x06\x83\x41\x3f\x27\xbb\x1d\x7a\
\xe8\x61\x97\x52\xe3\xa8\x68\x9d\x4c\x0a\x4c\xdf\x05\x90\xa6\x68\
\x34\xda\x97\x4c\x9a\x97\x51\xd8\x63\xf5\x38\x42\xef\x5f\xdf\x2d\
\x56\xe1\x13\xc0\x73\x76\x98\x29\x75\x8e\xbf\xa2\x63\x15\xe7\x19\
\x85\x02\x0a\x00\x00\x00\x00\x80\x47\x28\xa5\x1a\x39\x74\x42\x16\
\x14\xc8\x1f\x71\xec\x2a\xb1\x58\xc3\x8f\xa9\x49\x77\xde\x6d\x9f\
\xcf\x67\x2c\x88\x44\x22\xb6\xe6\xd6\x2f\x2b\x3b\xe0\x4b\xd4\xa4\
\x73\x67\xe5\x53\xad\xad\x4d\x1d\x1c\x67\x95\x35\xea\x45\xb5\x73\
\x6a\x9b\x52\xc6\xa7\x38\xcc\x39\x52\x1a\x33\x39\xb4\x4d\x29\xf1\
\x22\x87\x00\x60\x53\x32\x29\x1a\xa8\x49\x59\x99\x2d\x07\x1a\x46\
\xa1\x3e\xce\xfe\x87\x61\x18\x4e\x17\x8f\x7f\xa6\xa5\xa5\x31\xeb\
\xd3\x25\x02\xe4\x12\x7d\xce\x62\x9a\xe2\xdb\x9c\x3a\x35\x6d\xcc\
\x98\xc3\x7f\xc3\x31\x80\x57\x74\x2b\x65\x9e\x57\x3a\xad\xe3\x79\
\xce\x33\x0e\x05\x14\x00\x00\x00\x00\x00\x8f\xd8\xbe\x5d\xdc\x42\
\x4d\x3a\x53\x9b\x5c\x12\x0c\xd6\x4d\xe7\xd8\x55\xba\xbb\xbb\xae\
\xa4\xe6\x0e\x2b\x73\xac\x58\x08\xdf\x9d\x91\x48\x44\x8f\x4a\xd8\
\x2b\x7d\x37\xa5\x94\xf2\x67\x9c\x3a\x35\xcc\x0b\xab\xca\x65\x1c\
\xd8\x46\xbf\xeb\xe7\x38\xcc\x39\x52\x0a\xc7\xbf\x1b\x5d\x54\x3b\
\x7e\x0e\x01\xf2\x5d\x6b\x6b\xc3\x06\x7a\xf7\x3c\xc0\xa9\x2d\x74\
\xec\xf9\x4f\xc1\x24\x14\x0a\x55\x52\xf3\x09\x2b\xb3\x87\xde\xdf\
\x37\x72\x08\x00\x83\x10\x8f\x37\xdc\xa4\x54\x5a\x6b\xe7\x11\xf9\
\xb5\x48\xa4\xfe\x7c\x4e\x00\xdc\xae\x4f\xa4\x52\x17\x96\x54\x76\
\x3e\xc9\xf9\x90\x40\x01\x05\x00\x00\x00\x00\xc0\x23\x78\x5e\xf8\
\xa8\x95\x39\x22\x7d\x3e\xf9\x7b\xc3\x30\x9c\x4e\x7d\x34\xe4\xda\
\xda\xda\x52\xdd\xdd\x5d\xd5\x14\x3e\x62\xf5\x38\x36\x42\x08\xdf\
\xa2\x60\xb0\x7e\x0a\xe7\x1f\x30\x66\xcc\xe1\xdf\xa2\xe6\x58\x2b\
\xb3\x4f\x29\xf1\xe6\xa6\x4d\x6f\xdc\xc6\xe9\xb0\x50\x4a\x2d\xe1\
\xd0\x36\xfa\xb9\x67\xe5\xe2\x14\x1c\xbc\x48\xf5\x78\x2b\xb3\xcf\
\x34\x0d\xc7\xcf\x21\x00\xe8\x63\x89\x74\x3a\x9d\xd6\xf4\x77\x8b\
\xf5\x52\x16\x3a\x1a\x7d\x42\xff\xda\x56\x21\x52\xb7\x73\x02\x00\
\x83\xd4\xd3\x23\xeb\xa8\xd9\x68\x65\x8e\xd0\xb9\xa2\x8a\xd1\x67\
\xee\x11\x9c\x03\xb8\xd5\x40\xca\x14\x97\x14\x4f\x5b\xfd\x28\xe7\
\x43\x06\x05\x14\x00\x00\x00\x00\x00\x0f\x49\x24\xc4\x1f\xa8\x49\
\x5a\x99\x23\xa7\x07\x83\x91\xb9\x1c\xbb\x4a\x5b\x5b\xdb\x40\x77\
\x77\xd7\xc5\x74\xc1\xfe\x2c\x77\x39\x75\x90\xcf\x27\x1e\x9a\x33\
\xa7\xee\x03\x45\x12\xab\x4f\xfe\x84\x53\x47\xa4\x54\x7f\x1a\xee\
\xc5\xc7\x95\x4a\x3e\xc1\xa1\x6d\x52\x8a\x51\x87\x1c\x72\xd8\x2c\
\x4e\x73\x86\x94\xbe\x39\x1c\xda\xa6\x8b\x60\xf3\xe6\x35\xbd\xc2\
\x29\x00\x38\xd0\xd3\xd3\xf5\x20\x35\x1b\xac\xcc\x1e\xc3\x10\x5f\
\xb9\xe8\xa2\xba\x03\xe8\x38\xe4\xe8\xfd\x4a\xef\xd5\xb8\x5e\xbf\
\x81\x53\x00\x18\xa4\xb6\xb6\x86\x77\x52\x29\x53\x9f\xf7\x39\x99\
\x8a\x8f\xc9\x83\xa5\x2c\x98\xa7\xd7\x8f\xe3\x0e\x00\xb7\x49\x99\
\x42\x55\x97\x4d\x6d\x5f\xc4\xf9\x90\x42\x01\x05\x00\x00\x00\x00\
\xc0\x43\x78\x5a\x95\x79\x9c\x3a\x22\xa5\xf8\xbd\x5b\x17\x18\x6f\
\x6b\x6b\xdb\x65\x9a\x49\xfd\xa5\x7f\xba\xeb\x8d\x8c\x2d\x2a\x92\
\x8f\xcc\x9e\x5d\x37\x96\x73\x3d\xff\xbe\x41\x7d\x7a\x21\xe4\x32\
\xab\xc7\x91\x77\xba\xbb\x77\x0e\xfb\x74\x32\xf1\x78\xfc\x55\x6a\
\x5e\xb2\x32\xfb\x7c\x3e\x67\x6b\x0f\xb8\x5d\x20\x10\x28\xa2\x57\
\x70\x98\x53\xdb\xe8\x35\xff\x98\xb5\x96\x0c\x00\x38\xa5\x47\x08\
\x2a\xa5\xf4\x5a\x28\xb6\x49\x29\xbf\x34\x72\xa4\xfc\x2a\x85\x07\
\x58\x3d\xb6\xa8\x44\x42\x0d\xf3\x74\x89\x00\xb9\xa7\xb9\xb9\xe9\
\x71\x7a\x7b\xfd\x92\x53\xa7\x3e\x59\x56\x56\xfe\x03\x8e\x01\xdc\
\x44\x9f\xd8\x45\x4a\x2b\x3a\xd2\x9d\x02\xd8\x31\x14\x50\x00\x00\
\x00\x00\x00\x3c\x26\x95\x4a\xe8\xf5\x3c\x06\xac\xcc\x09\x79\xb0\
\x10\xbe\x46\x37\x4e\xe5\xa5\xc5\xe3\xf1\xad\x89\x44\xdf\x67\x29\
\x74\x74\xc7\xf3\x7b\x1c\x5b\x52\x22\x1f\x0a\x04\xea\x0f\xd2\x49\
\x28\x14\xf9\x1e\x35\x9f\xd4\xb1\x53\x4a\x89\xdf\xb6\xb5\xb5\xed\
\xe0\x74\x98\xa9\xfb\x39\x70\xe2\xac\x9a\x9a\xba\xa9\x1c\x7b\x9e\
\xdf\x5f\xae\xef\x66\x1f\x63\x65\x8e\x38\x5a\xc3\x01\x00\xde\x4f\
\x4a\x53\x17\xa1\x13\x56\x66\x8b\xdf\x30\xc4\x2f\x38\xb6\xeb\xd1\
\x79\xf3\x9a\x5e\xe6\x18\x00\x32\x68\xfd\xfa\x75\x74\xce\xa8\x9e\
\xe6\xd4\x11\x29\xc5\x35\xe1\x70\xd8\xd1\x5a\x46\x00\x43\x4c\xd1\
\x49\xfa\x95\x25\x15\xed\x2d\x9c\x67\x05\x0a\x28\x00\x00\x00\x00\
\x00\x1e\xd3\xdc\xdc\xfc\x6f\xba\x7e\x48\xf7\x6e\xdd\x59\xc1\x60\
\xf8\xbb\x1c\xbb\x4e\x6b\x6b\xeb\x6b\xc9\xa4\xd2\x45\x94\x2d\x56\
\x8f\x63\x53\xfc\x7e\xb1\x28\x1c\xae\x9f\x45\x97\xfe\x3f\xe7\x3e\
\xa7\xde\x30\xcd\x81\x3f\x71\x3c\xec\x94\x92\xe9\x2c\x04\x2b\x0b\
\x0a\xe4\xd5\x1c\x7b\xda\x8c\x19\x33\x0a\xa9\xf9\xa1\x95\x39\x32\
\x20\x44\x2a\x9d\xe2\x13\x00\xb0\x68\x34\xfa\x16\x35\x77\x59\x99\
\x6d\x05\xdc\xda\x92\x4a\x99\x4e\xd7\x5a\x01\x00\x9b\x16\x2f\x5e\
\x9c\x14\xc2\xd4\x6b\xcd\xa5\x73\x53\x48\x81\x94\x05\xf3\xe7\xcc\
\x99\x33\x8a\x73\x80\x61\xa5\x94\xfa\x6e\x71\x65\x47\xd6\x3f\x33\
\x50\x40\x01\x00\x00\x00\x00\xf0\xa0\xee\x6e\xf9\x53\xba\x8c\xd8\
\xca\xa9\x23\x52\x1a\xbf\x0c\x85\xea\xce\xe5\xd4\x75\x5a\x5a\x1a\
\xd7\x28\x95\xd4\x3f\x5f\x97\xd5\xe3\xd8\x29\x52\x8a\xfb\xa8\x75\
\xf4\x25\xde\xbb\x4c\xd3\xbc\xaa\xb9\xb9\xb9\x9b\xd3\x61\xd7\xd3\
\xd3\xf5\x14\x35\xaf\x59\x99\x23\x17\xd5\xd4\xd4\x7e\x9c\x63\xcf\
\x9a\x32\xa5\xf2\x0a\x6a\x8e\xb3\x32\xfb\xe8\x22\xfb\xc1\x68\x34\
\xba\x9d\x53\x00\x48\xd3\x10\x17\x38\x5e\xdf\xb8\xf1\xdf\xf7\x70\
\x0c\x00\x43\x80\x3e\x0b\xd7\xd3\xb9\xcd\x97\x39\x75\xea\xe8\xa2\
\xa2\xd2\x9b\xa9\x75\xe5\xe8\x65\xc8\x1f\x4a\x89\x6b\x4a\x2a\x3b\
\x7e\xc7\x69\x56\xa1\x80\x02\x00\x00\x00\x00\xe0\x41\x7a\x71\x50\
\x6a\x7e\x6c\x65\x8e\xf9\x0c\x43\xde\x12\x89\x44\xa6\x71\xee\x3a\
\xb1\x58\xec\x5f\x42\xa4\x2e\xa0\x30\xdb\x8b\x0a\x3f\xd1\xd2\x12\
\x9b\xcf\xb1\x2b\x58\xeb\x10\x88\x56\x4e\x9d\x90\x05\x05\xc6\x0d\
\x3c\x82\xc3\x93\xf4\x9a\x36\x52\x1a\x7a\xca\x3a\xc7\x4c\x53\x35\
\x73\x08\x00\x83\xd0\xda\x1a\xfb\x3b\x35\x8e\xd7\x62\xb2\x47\x35\
\x5a\x77\xc8\x03\xc0\x50\x8a\xc7\x9b\xda\xe8\x5c\x22\xc6\xa9\x53\
\x97\xd0\x76\xa4\x15\x02\x0c\x03\x25\x7e\x5d\x52\xd9\x9e\xd6\xf9\
\x60\x26\xa0\x80\x02\x00\x00\x00\x00\xe0\x51\xf1\x78\x54\xdf\x11\
\xf8\x84\x95\x39\x36\x52\x08\xdf\x83\x35\x35\x75\xe3\x39\x77\x9d\
\x68\x34\xfa\x0f\x6a\x2e\xa3\x2d\x5b\x5f\xae\xf5\x25\x93\xaa\xde\
\x8d\x8b\x8e\x9b\xe6\x80\x5e\xc8\x39\x65\x65\x8e\x4c\x9d\x32\x65\
\xda\x35\x1c\x7b\x8a\x5e\xab\xa7\xa4\x44\xea\xf5\x17\xe8\xb5\xea\
\xd8\x1b\x1d\x1d\x2b\xef\xe5\x18\x00\x06\x81\x8f\x89\x43\xb1\xc8\
\x7b\x32\x91\xe8\x6f\xe4\x18\x00\x86\x58\x4f\x4f\xd7\x37\xa8\x49\
\xb7\x18\x8a\x11\x28\x30\x2c\x94\x52\xd7\x17\x57\xb6\x5f\xc5\xe9\
\xb0\x40\x01\x05\x00\x00\x00\x00\xc0\xa3\xcc\xdd\x12\x75\x14\xf6\
\x58\x3d\x8e\x8d\x29\x28\x90\x8f\x47\x22\x91\x0a\xce\x5d\x27\x1a\
\x6d\xb8\x4b\x29\xf3\x72\x0a\x87\xbc\xa8\x41\xff\xce\x35\x7a\xfa\
\x30\x4e\x5d\xc5\x5a\xf7\x46\xa4\x55\x10\x90\x52\xfc\x20\x12\xa9\
\x3f\x87\x53\xcf\x08\x06\x23\x7a\xdd\x93\xb4\x7e\x6e\xa5\xc4\x8d\
\x4b\x97\x2e\x75\xb2\xf0\x35\x00\xec\x43\x77\xb7\x88\xd3\xfb\xaa\
\x97\xd3\x4c\xb9\x4f\xaf\x7b\xc5\x31\x00\x0c\xb1\xb6\xb6\xb6\x5d\
\xc9\xa4\xa9\x6f\x4c\x19\xb0\x7a\x00\xdc\x8d\x4e\xfe\x63\x65\xd3\
\x56\x7f\x9d\xd3\x61\x83\x02\x0a\x00\x00\x00\x00\x80\x87\xc5\xe3\
\x71\x7d\x27\xe1\xff\xb3\xb2\xb4\x8c\x11\xc2\xf7\xcf\x50\xa8\xee\
\x53\x9c\xbb\x4e\x2c\xd6\x14\xd3\x8b\x46\x72\x3a\x54\x16\x37\x37\
\xc7\x7e\xcb\xb1\x4b\xa5\x7e\xc9\x81\x53\xfa\xba\xef\xd6\x50\x28\
\x54\x69\xa5\xee\x17\x0e\xd7\x7d\x51\x4a\x99\xee\x54\x0d\x5d\x89\
\x44\xef\xf5\x1c\x03\x40\x06\x58\xd3\x46\xaa\xdb\x39\xcd\x08\x3a\
\xae\xdf\xc8\x21\x00\x64\x49\x4b\x4b\xd3\x32\x6a\x7e\x60\x65\x00\
\xae\xd6\x76\xdf\x9a\x4e\x57\x8c\x0c\x47\x01\x05\x00\x00\x00\x00\
\xc0\xe3\xa2\xd1\x06\x3d\xbd\x53\x9b\x95\xa5\xe5\x40\xc3\x90\x0f\
\x86\xc3\xf5\x5f\xe3\xdc\x75\x62\xb1\xc6\xdf\x09\xa1\xae\xe3\x34\
\xd3\x36\x2b\x95\xac\xd1\xe3\x79\x38\x77\xa5\x68\x34\xba\x94\x9e\
\x03\xbd\x38\x7e\x3a\x46\x1a\x46\xe1\x43\x91\x48\x64\x02\xe7\xae\
\x15\x0a\xd5\x9e\x27\xa5\xd4\x6b\xbe\xa4\x79\xbd\xaa\xfe\x77\xde\
\xbc\x79\xdb\x38\x01\x80\x0c\x51\x4a\x66\x72\x31\xf9\xb5\xcd\xcd\
\xd1\x47\x39\x06\x80\x2c\x8a\xc7\x9b\xfe\x40\xcd\x43\x56\x06\xe0\
\x4a\xf7\xb4\x27\x3a\xe7\x5e\x72\x89\x99\xce\xf4\xb5\x19\x87\x02\
\x0a\x00\x00\x00\x00\x40\x0e\x48\xa5\x06\x6a\x95\x12\x2b\x39\x4d\
\x47\x91\x94\xe2\xcf\xe1\x70\x5d\x5b\x20\x50\x7f\x10\xf7\xb9\x4a\
\x3c\x1e\xd5\x53\x3a\x65\x7a\xbe\xfc\x04\x3d\x6f\x97\xc6\x62\xb1\
\xd7\x39\x77\xb5\x44\x42\xe9\x39\xa0\xd3\x5d\x13\xe6\x30\x3d\xda\
\x28\x1c\xae\xff\x28\xe7\xae\x43\xaf\xbf\x6a\xc3\x30\xfe\x46\x61\
\x91\xd5\xe3\xd8\x5b\xdb\xb6\x89\xdf\x70\x0c\x00\x19\x14\x8f\x37\
\x3c\x43\xcd\x0a\x2b\x1b\x2c\x75\xb3\xdb\x8b\xd6\x00\xb9\x4a\xdf\
\xd1\xdf\xdf\xdf\x13\xa4\x70\x93\xd5\x03\xe0\x1e\x4a\x88\x47\x36\
\xbe\x9e\xfc\x62\x55\x95\xe9\x9a\xa9\x58\x51\x40\x01\x00\x00\x00\
\x00\xc8\x01\xcd\xcd\xcd\xdd\x42\x24\x2f\xa6\x70\x8b\xd5\x93\x1e\
\x29\xe5\x17\xfd\x7e\xb1\x2a\x14\xaa\xbd\x84\xbb\x5c\x43\x5f\xf0\
\x77\x77\x77\x7d\x85\xc2\xfb\xad\x9e\x4c\x50\xdf\x88\xc5\x1a\xfe\
\xc9\x89\xeb\xb5\xb6\x36\x75\xd0\xcf\xfc\x27\x4e\xd3\x71\xa8\x94\
\xe2\xf1\x70\xb8\xae\x96\x73\x57\x98\x31\x63\x46\x61\x24\x52\xff\
\x1b\x1e\x79\x92\x6e\xf1\x44\xfb\xde\xc2\x85\x8d\x3b\x39\x06\x80\
\x8c\x53\x99\x18\x85\xd2\xdf\xdf\xdf\x1b\xe3\x18\x00\x86\xc1\xfc\
\xf9\xf3\x37\xd1\x69\x55\x98\xc2\x61\x9f\x1e\x09\xe0\x3d\x9e\xd8\
\xa1\xb6\x5d\x74\xfc\x39\x6b\xfa\x39\x77\x05\x14\x50\x00\x00\x00\
\x00\x00\x72\x44\x2c\x16\x7b\x45\x29\x71\x1e\x85\xdd\x56\x4f\xda\
\xc6\x1a\x86\x71\x7b\x38\x5c\x77\xbf\x9b\x16\x98\x9f\x3b\x77\x6e\
\xb9\xdf\x7f\xc0\x2f\x28\x9c\x69\xf5\x0c\x96\xba\x2e\x1a\x6d\xcc\
\xe4\x94\x34\x59\x91\x4a\x25\xae\xa6\xfd\xac\x17\x95\x4f\x57\x89\
\x94\xb2\x31\x12\xa9\xbf\x83\xf6\xef\x61\xdc\x37\x6c\x6a\x6a\xea\
\xa6\x56\x54\x4c\x7b\x9a\xc2\xff\xa2\x4d\xee\xee\x4c\x03\x3d\x27\
\x0f\x47\xa3\x0d\xba\x00\x03\x00\x43\x64\xdb\x36\x31\x9f\x9a\xc1\
\x16\x29\x6f\x9f\x3f\x7f\xfe\xdb\x1c\x03\xc0\x30\x89\xc7\x1b\x1f\
\xa0\xcf\xce\x3f\x72\x0a\x30\xdc\x96\x76\xf7\x26\xcf\x1b\x53\xf9\
\xc6\x60\xaf\x63\x32\x0e\x05\x14\x00\x00\x00\x00\x80\x1c\x12\x8b\
\x35\x3c\x67\x9a\xe6\x17\x28\xec\xb3\x7a\xd2\x27\xa5\x3c\x57\x08\
\xdf\x0b\x91\x48\xfd\x2d\xa1\x50\xfd\x49\xdc\x9d\x75\xa1\x50\xe8\
\xe0\x48\xa4\xee\xa7\x85\x85\x25\xaf\xd0\x4f\xf5\x7d\xea\x2a\xb1\
\x1e\x19\x94\x94\x52\x72\x21\xc7\x9e\xa2\x47\x1b\xa5\x52\xe6\x1c\
\x0a\xd3\x9d\xca\xeb\x5d\xf4\x3a\xf1\x75\x86\xc3\xb5\xdf\x0b\x06\
\x83\x7e\xee\xcb\x9a\xea\xea\xea\x31\xf4\xda\xfa\x73\x41\x81\x5c\
\x4a\xe9\x74\xab\x37\x5d\x6a\x2b\x3d\x1d\x11\x4e\x00\x60\x88\xf0\
\x08\xaf\x05\x56\x96\x1e\xa5\x92\x9e\x2b\x5c\x03\xe4\xaa\xcd\x9b\
\xdf\xf8\x01\xbd\x2b\xf5\xc2\xf2\x00\xc3\x69\x45\x7f\xf7\xae\x73\
\x0e\xfa\xe8\x9a\x2e\xce\x5d\x05\x05\x14\x00\x00\x00\x00\x80\x1c\
\x13\x8f\x37\x3d\x94\x4a\xed\x2e\xa2\x64\x62\xf8\xbb\x8f\xb6\x2f\
\x19\x86\x58\x16\x89\xd4\x3f\x41\xdb\xdc\x8b\x2e\xaa\x3b\xc0\x7a\
\x68\x68\xd5\xd4\xd4\x7e\x9c\xfe\xbd\x26\xc3\x28\xdc\x20\x84\xbc\
\x86\xba\x0e\xb1\x1e\xc9\x08\x9f\x94\x62\x51\x30\x18\x9c\xc8\xb9\
\xa7\xb4\xb4\x34\x3d\x6d\x9a\xe2\xc7\x9c\x0e\xc6\x81\x52\x1a\xbf\
\xf2\xf9\x8a\xfe\x1d\x89\xd4\x5d\x53\x53\x53\x73\x38\xf7\x0f\x99\
\xb9\x73\x6b\x27\x85\xc3\xf5\x37\x14\x15\x95\xe9\x51\x34\x5f\xa3\
\xad\x70\xf7\x03\xe9\x33\x95\x92\x41\xaf\xac\x63\x03\xe0\x7d\xa9\
\xb4\x0b\x20\x4a\x89\x95\xf4\x5e\x7d\x8a\x53\x00\x18\x66\x8b\x16\
\x2d\xea\x4f\x26\xc5\x6c\x0a\x5d\x77\xd7\x3f\xe4\x09\x25\x56\x27\
\xd5\xc0\x67\xca\x4f\xd9\xf0\x0e\xf7\xb8\x8e\x54\xf4\xe9\x05\x00\
\x00\x00\x00\xe0\x54\x24\x52\xaf\x17\x9e\x1c\x6d\x65\xb6\xe8\x0b\
\xb3\x4e\x2b\xcc\x29\xdb\xa2\xd1\x86\xcf\x70\xec\x2a\xe1\x70\xfd\
\xa7\xa5\x14\x77\x52\x58\x6e\xf5\x64\x06\x5d\x42\xf4\xd2\x7f\x1f\
\xa4\x6b\x89\xfb\x53\x29\xe3\x91\xd6\xd6\x86\x0d\xfc\xd0\xa0\xe8\
\x51\x10\x52\x16\x9e\x6a\x18\x62\x16\xa5\x17\xd2\xe5\xca\x38\xeb\
\x91\x21\xf5\x5a\x22\x21\x4e\xcb\xd4\xef\x90\x4d\x86\x61\xc8\x60\
\x30\x32\x5f\x4a\x79\x19\x77\x65\x42\x8a\xf6\xef\x63\xb4\x7f\xff\
\xd6\xdf\xaf\x1e\x58\xb0\xa0\x69\x23\xf7\xa7\x4d\xff\x9c\xd5\xd5\
\xe1\x89\x3e\x9f\x71\x3e\xed\x5b\xbd\xb6\xce\x20\x47\x9b\xbc\x1f\
\xbd\x0e\x7f\x1c\x8b\x35\xfe\x37\xa7\xae\x12\x08\x04\x46\xf8\xfd\
\xe5\x4e\xa7\x3b\xba\x95\x8e\x29\x99\xdc\xa7\xb6\x39\x3f\xae\xab\
\x67\xa3\xd1\xc6\x53\x38\x81\x41\x8a\x44\xea\x7e\x47\xc7\xbd\x6f\
\x73\x6a\x4b\x32\x29\x4e\x68\x69\x69\x58\xcb\x69\xd6\xd0\x6b\x45\
\x2f\x28\xef\x78\xdf\x2b\x65\x7e\x35\x16\x6b\xba\x91\xd3\xac\x09\
\x87\x6b\xc3\x52\x1a\x51\x4e\xed\xba\x88\xde\x8b\x77\x71\x9c\x35\
\xa1\x50\xbd\xfe\x1c\xd4\xd3\x1a\x3a\xa1\x0b\xc8\x6f\x5a\x61\xee\
\xa0\xe3\xfb\x5d\xd9\x3a\xbe\xd3\x6b\xfa\x66\x6a\xea\xad\xcc\x9e\
\xfe\xfe\x9e\xc3\xf4\x5a\x22\x9c\x7a\x9a\x5e\x1b\x4d\x4f\xef\xc9\
\x69\x26\x2c\xa7\xf7\xcf\xb0\x8d\x5e\x1e\x6a\x74\x8e\x7d\x2d\x9d\
\x63\x5f\xcd\xa9\x2d\xa6\x29\xaa\xe2\xf1\x86\x17\x38\xcd\x1b\xfd\
\xab\x26\xdf\x47\x8d\x3e\xb7\xff\x00\x25\xc4\x3a\x65\xa6\xce\x28\
\x9d\xba\xda\xd5\x37\xc1\xa0\x80\x02\x00\x00\x00\x00\x69\x49\xa3\
\x80\x92\xab\xb6\xd0\x05\xa2\x6b\x9f\x87\x9a\x9a\xda\x2a\x9f\xcf\
\xb8\x8f\x2e\xf2\x86\x72\x64\xc1\xab\xb4\x3d\x4f\x97\x16\x2f\x2a\
\x65\xbe\x4c\x97\x19\xeb\x93\x49\xf1\x86\x94\xfd\x6f\xcf\x9f\x3f\
\x7f\x97\x49\xf4\x1f\xd2\x5f\xa4\x87\x42\xa1\x62\x0a\x0f\xa4\xed\
\xb0\x54\x4a\x8e\xa5\x9f\x6d\x02\xc5\x7a\x14\xc8\x54\xda\xa6\xd1\
\x36\xd8\xd1\x08\xe9\x78\x29\x95\x1a\x38\xbd\xb9\xb9\x79\x33\xe7\
\x9e\x31\x6b\xd6\xac\xe2\xd1\xa3\xc7\x3e\x40\xfb\xf7\x53\xdc\x95\
\x69\xeb\x68\x5b\x42\x7b\x70\xa5\x94\xea\x25\x6a\x37\x26\x12\x6a\
\x53\x2a\xb5\x6b\x5b\x5b\x5b\xdb\x2e\xeb\x8f\xfc\x67\xdf\x8e\x4c\
\xa5\x52\xa3\x7c\x3e\xdf\x18\x21\x7c\xe3\xe8\xb2\x78\x02\xbd\x26\
\x4e\x92\x52\xea\x2f\x59\x87\xe4\x3d\x42\xd7\xb3\x37\xc7\x62\x8d\
\x5f\xe6\xd4\x75\x50\x40\x01\x27\xbc\x54\x40\x09\x85\xea\x83\x86\
\x21\xe2\x9c\xda\xb5\x2b\x91\xe8\x3b\xa2\xb5\xb5\x35\xeb\x53\xb4\
\xe4\x41\x01\x25\x57\x35\xd0\x3e\xb8\x9c\xe3\x21\x95\xef\x05\x14\
\x2d\x1c\xae\x6b\xa3\xcf\xec\x2f\x72\x3a\x58\x28\xa0\xec\x01\x05\
\x94\x0f\x78\x4d\x28\xf3\x8c\xe2\xca\xce\xc1\xac\xeb\x97\x15\x98\
\xc2\x0b\x00\x00\x00\x00\x20\x87\xb5\xb4\x34\x2d\x4b\x26\xfb\x3e\
\x4a\xe1\xf3\x56\xcf\x90\x38\x8a\xb6\x8b\xf5\x85\xa4\x61\x18\xad\
\x86\x21\x9f\x28\x2a\x92\xaf\x14\x16\x96\xec\x08\x85\x6a\x53\x91\
\x48\x7d\x82\xb6\x7e\x1d\x0b\xe1\xeb\xa5\xed\x4d\xda\x5e\xf0\xf9\
\x8c\x45\xf4\xf7\x7e\x47\x5b\x1d\x6d\x33\x68\x1b\x8e\xe2\x89\x76\
\xa2\x61\x14\x3d\x18\x08\x04\x46\x72\xee\x19\xd6\xd4\x1b\x7d\x17\
\x52\x38\x54\x53\xe2\x1c\x4b\xdb\x6c\xc3\x10\xd7\x49\x29\xef\xf4\
\xf9\xe4\xd2\x92\x12\xe3\x55\x5d\x14\xa0\x7d\xaa\xf7\x6d\xff\x7b\
\xf6\xed\x36\x9f\xaf\x68\x1d\xb5\xfa\xce\xf4\x5b\x84\x90\xd7\xd0\
\xdf\xf9\x3c\xc5\x43\x55\x60\x6c\xed\xe9\xd9\xf9\x55\x8e\x01\x20\
\x8b\x7a\x7b\xbb\x6e\xa3\xc6\xe9\x74\x2b\xf3\x87\xa3\x78\x02\x00\
\xf6\x48\x69\xea\x1b\x12\x3c\x37\x22\x17\x3c\x69\xd3\x80\x50\x67\
\x79\xa1\x78\xa2\xa1\x80\x02\x00\x00\x00\x00\x90\xe3\x5a\x5b\x5b\
\x5f\xeb\xee\xee\x3a\x43\xdf\xad\xcf\x5d\xd9\x56\x40\x5b\x11\x6d\
\x72\x77\xe6\x42\x52\x8a\x93\xfc\xfe\xf2\x7b\x03\x81\x40\x29\x77\
\x79\x86\xfe\x42\x92\xf6\xef\x39\x4a\x89\x87\xb9\x2b\x5b\xf4\xf5\
\xa4\xde\xaf\xc3\xb0\x6f\xd5\x5f\xe3\xf1\xa6\x50\x5b\x5b\x5b\x8a\
\x3b\x00\x20\x8b\xe8\xbd\xd7\x4b\xc7\x9c\x66\x4e\x6d\x49\x26\x55\
\xd6\xa7\xee\x02\x00\xfb\xa2\xd1\xe8\x76\xa5\x92\xd5\x14\x26\xad\
\x1e\x80\x21\xb1\x35\x29\xd4\xd9\x07\x54\x74\xac\xe1\xdc\xf5\x50\
\x40\x01\x00\x00\x00\x00\xc8\x03\xfa\xcb\x2e\x3d\xd5\x91\x52\x2a\
\x20\x84\xda\xca\xdd\xf0\x7e\xa7\xfb\xfd\xe5\xb7\xcf\x98\x31\x63\
\xb8\x46\xc2\xa4\x4d\x4f\xa7\xb5\x61\xc3\x2b\x7a\x7a\x84\x9b\xac\
\x9e\x9c\x95\x32\x4d\xf1\xfd\x68\xb4\xf1\x8a\x77\xa7\x86\x03\x80\
\xe1\x21\x65\x4a\x17\xe5\x6d\xcd\x0b\xaf\x94\x78\xa6\xa5\xa5\x71\
\x05\xa7\x00\xe0\x52\xb1\x58\xec\x29\x7a\xbf\xfe\x9c\x53\x80\x4c\
\xeb\xa2\xd3\xb7\x73\xfd\x15\x1d\xab\x38\xf7\x04\x14\x50\x00\x00\
\x00\x00\x00\xf2\x48\x2c\xd6\x78\x5b\x32\x39\x50\xa1\x94\x5a\xc8\
\x5d\xb9\x48\x2f\x44\x99\xee\xc8\x84\x59\x53\xa6\x4c\x8d\x19\x84\
\x73\xcf\x58\xbc\x78\x71\x32\x1a\x6d\xf8\x0a\xed\xdb\x3a\xb5\x7b\
\xa1\xff\x9c\xb3\x85\x76\xeb\xb9\xf1\x78\xc3\xaf\x38\x07\x80\x61\
\x14\x8d\x46\x57\xd3\xb1\xe6\x1f\x9c\xee\x87\xfa\x2b\x07\x00\xe0\
\x72\x3d\x3d\x5d\x7a\xe1\xfe\x27\xac\x0c\x20\x63\xba\x95\x32\x67\
\x95\x4e\xed\x5c\xca\xb9\x67\xa0\x80\x02\x00\x00\x00\x00\x90\x67\
\x5a\x5a\x5a\xde\x8c\xc5\x1a\x2f\x4e\xa5\x4c\x3d\x62\xe1\x25\xab\
\x37\x27\xf4\x28\x25\xae\xe9\xee\xee\x3a\x81\xe2\x2b\x68\xb3\x75\
\x67\xf4\x9e\xa4\x94\xd5\xa1\x50\xed\xff\x72\xea\x39\xb4\x6f\x9b\
\xa4\x4c\x55\x51\xe8\xb9\x0b\xd4\x7d\xb8\xb7\xbf\xbf\xa7\x22\x1a\
\x8d\x3e\xc2\x39\x00\xb8\x82\x9d\xc2\x88\xda\x2a\xa5\xa9\xd7\x4c\
\x01\x00\x0f\xd0\xd3\x63\xf6\xf5\x99\xd5\x74\x4e\xb5\x8d\xbb\x00\
\x06\xab\x4f\xa4\x52\x17\x96\x54\x76\x3e\xc9\xb9\xa7\xa0\x80\x02\
\x00\x00\x00\x00\x90\xa7\x9a\x9b\x9b\xee\xef\xee\xee\xaa\x10\x42\
\x7d\x83\xd2\xb7\xac\x5e\x4f\x4a\xd0\x16\xa5\x8b\xfd\x09\xb1\x58\
\xc3\xcf\xf4\x74\x65\xd1\x68\x43\x83\x69\x8a\x1f\x58\x0f\xa7\xe5\
\x6b\xe1\x70\xfd\xb5\x1c\x7b\x8e\xbe\x33\x9c\xf6\xed\xa9\x14\x5e\
\xe9\xf1\x2f\x40\x5e\x35\x4d\xf3\x52\xda\x9f\x9f\x9f\x3f\x7f\xfe\
\x26\xee\x03\x00\x97\xe8\xe9\xd9\x79\x17\x35\xfb\x7c\x6f\xd2\x31\
\x28\x4e\xc7\xa4\x3e\x4e\x01\xc0\x03\x16\x2c\x68\xda\x48\xef\xde\
\x7a\x4e\x01\xd2\xa7\x44\xc2\x54\xea\x8b\xc5\xd3\x56\x3f\xca\x3d\
\x9e\x83\x02\x0a\x00\x00\x00\x00\x40\x1e\x6b\x6b\x6b\x1b\x88\x46\
\x1b\xff\xbc\x75\xeb\xe6\xe3\x94\x12\xdf\xa6\xae\x0d\xd6\x23\x9e\
\xd0\xaf\x17\xc6\x4f\xa5\x06\xc6\x47\xa3\x0d\xb5\xd6\xc5\xfe\xff\
\xd1\x53\x3d\xd1\xef\xf4\x6b\x4e\x1d\x93\x52\x5c\x1d\x0e\xd7\x7d\
\x86\x53\xcf\xd1\x77\x90\xd2\xf3\x72\x43\x22\xd1\xab\xf7\xad\x7e\
\x1e\xba\xad\x47\xbc\x40\x6d\xa5\x9f\xf9\xbb\x42\xa4\xc6\xc7\xe3\
\x4d\x77\x70\x27\x00\xb8\x8c\xfe\x0c\xa1\xf7\x6b\x13\xa7\x1f\x46\
\x25\x12\x2a\xd7\xd7\x66\x02\xc8\x49\xb1\x58\xe3\xdf\xf4\x79\x16\
\xa7\x00\xe9\x19\x48\x7d\xa7\xb4\xb2\xe3\x5e\xce\x3c\x09\x05\x14\
\x00\x00\x00\x00\x00\x10\x77\xdf\x7d\x77\x4f\x2c\xd6\xf0\x87\xf5\
\xeb\x5f\x39\x5e\xdf\xf1\xaf\x94\x78\x98\xba\xdd\xba\x48\xf7\xab\
\xf4\xf3\x5d\x23\x44\x6a\x9c\x5e\x18\xbf\xb9\xb9\xf9\xdf\xdc\xff\
\x01\xcd\xcd\x4d\xdf\xa7\xa6\xd1\xca\x1c\x51\xf4\x6f\xfc\xac\xb9\
\xd9\xfb\x53\x46\xcd\x9b\x37\x6f\x1b\xed\xdb\xab\x4c\x33\x71\xb4\
\x7e\xde\x68\x7b\x93\x1f\x72\x21\xf5\xb2\x52\xe6\x37\x53\xa9\xc4\
\xd1\xf4\x33\xff\x16\x77\xad\x03\x78\x81\xd9\xa0\xff\x63\xc5\x7b\
\x52\x8f\xcd\x9b\xd7\xf4\x32\x27\x00\xe0\x31\xef\xbc\xb3\xe5\x5b\
\x74\xde\xd0\xc9\x29\x80\x63\xc5\xd3\x57\xaf\xe3\xd0\xb3\x50\x40\
\x01\x00\x00\x00\x00\x80\xff\xd0\x0b\x91\xeb\x3b\xfe\x63\xb1\x86\
\xcf\xa6\x52\x03\xc7\x0b\xa1\x7e\x44\xdd\xcb\xad\x47\x87\xd5\x3b\
\xb4\x35\xd2\x45\xfc\x59\xf4\xf3\x1d\xa3\xa7\xea\x8a\x46\xa3\xfb\
\x9d\x76\xcc\x34\x4d\xd5\xdd\xdd\xf5\x15\x0a\xff\x66\xf5\xd8\x32\
\xa0\x94\x0a\xd1\xbf\x71\x8d\xfe\xfb\xdc\xe7\x79\xf1\x78\x7c\xab\
\x7e\xde\x36\x6c\x78\xe5\x28\x4a\x2f\xa2\xed\x0e\x7a\x3e\xdd\xb0\
\xd8\xfc\x76\x7a\x9d\xc5\xe9\xa9\x9e\x19\x8f\x47\xc7\xc7\x62\x4d\
\x7f\x6a\x6e\x6e\xf6\xd0\x68\x19\x80\xfc\x46\xc7\xe2\xf5\xd4\x3c\
\x68\x65\xef\x97\x4a\xa9\x1b\x39\x04\x00\x0f\xd2\x37\xd8\xd0\xfb\
\xf8\x32\x0a\xfb\xad\x1e\x80\xfc\x23\xf5\x6d\x55\x00\x00\x00\x00\
\x00\x4e\x45\x22\x75\xdf\xa7\xd3\x49\x3f\xa7\x79\x8b\x4e\xa7\xf5\
\xc8\x8d\xff\xe1\x34\x67\x85\xc3\xe1\xe3\xa4\x2c\xf8\x2c\x85\x67\
\xd3\x76\x1a\x6d\x87\xe8\xfe\x21\xa4\xd7\x35\xf9\x17\x3d\xc3\x8b\
\x95\x92\x0f\x6d\xd8\xf0\xca\xd3\xba\xb8\x63\x3d\xe4\xdc\xac\x59\
\xb3\x8a\xc7\x8c\x19\xbb\x88\xc2\x4f\x5b\x3d\x1f\x8e\xf6\xe7\x36\
\x29\x53\x17\x47\xa3\xd1\x7f\x70\x57\x4e\xbb\xe8\xa2\xba\x03\xca\
\xcb\xd5\xd9\x3e\x9f\x71\x2e\xa5\x67\xd0\xa6\x17\xe0\x97\xfa\xb1\
\x21\xa4\xef\x54\x5f\x49\xd7\xa2\x8f\x51\xfb\xf0\xe6\xcd\x6f\x3e\
\xbe\x68\xd1\xa2\x9c\xfc\x62\x26\x10\x08\x14\xf9\xfd\xe5\x3f\xe1\
\xd4\x16\x7a\x5e\x56\xc5\x62\x8d\xc3\xb2\xe0\xb6\xd3\xe3\xba\x69\
\x8a\xd7\xe2\xf1\x06\x4c\xcf\x94\x21\xa1\x50\xdd\xb9\x86\x21\x3f\
\xce\xa9\x2d\xa6\x99\xf8\xa3\x2e\x8e\x72\x3a\x6c\x22\x91\xc8\x0c\
\x21\x7c\x9f\xe7\x74\x37\x3a\x9e\x9a\x2f\xbe\xb8\xfc\x17\x4b\x97\
\x2e\xd5\xc7\xf3\x61\x55\x53\x53\x5b\x55\x50\x60\xe8\xc2\xb1\x6d\
\xa9\xd4\xc0\x82\xe6\xe6\xe6\xac\xdf\x79\x3f\x7b\x76\xed\x47\x4a\
\x4a\x8c\xcb\x39\xcd\x77\xff\x8a\x46\x1b\xf4\x3a\x3b\x43\x2e\x14\
\xaa\xbd\xc0\x30\x8c\xe9\x9c\xda\xd2\xdd\xdd\xf5\xab\xb6\xb6\xb6\
\x5d\x9c\xe6\xb4\x48\xa4\xfe\x42\x6a\x4e\xb6\xb2\xfd\xa3\xcf\xb2\
\xb7\xe8\xb3\xec\x7a\x4e\x73\x4e\x30\x58\x3b\x93\xce\x9d\x3e\xc5\
\xa9\x2d\x7d\x7d\xea\xc6\x05\x0b\x1a\xdf\xe0\x14\x3c\x04\x05\x14\
\x00\x00\x00\x00\x00\x70\xc4\x30\x0c\x39\x67\x4e\xed\x71\x05\x05\
\xe2\xa3\x74\x89\x3c\x99\x2e\x2b\x2a\xa8\x5b\x7f\xf1\xae\x47\x36\
\x94\xe9\x3f\xe3\x80\xfe\x32\x5d\x5f\x4c\xae\xa5\x6d\x0d\x5d\x9e\
\xbc\x48\xd7\x28\xcb\x7b\x7b\x77\xfe\x4b\x2f\x06\xaf\xff\x40\xa6\
\x04\x02\x81\x11\x65\x65\xe5\x8f\x49\xa9\x7f\xee\x0f\xb5\x4e\x88\
\xd4\xac\x68\x34\xba\x9a\xf3\xbc\x53\x5d\x5d\x3d\xa6\xb0\xb0\x64\
\x86\x94\xc6\x34\x7a\x9e\xa6\xd0\xfe\x3d\x41\x29\x79\x0c\xc5\xa3\
\xf8\x8f\x38\xa1\x2f\x36\x37\x53\xf3\x0a\xbd\x46\x5e\x7e\x77\xdf\
\x1a\x86\xf9\x3c\x3d\xc7\xdb\xad\x3f\x02\x00\x00\x00\x00\xe0\x5e\
\x28\xa0\x00\x00\x00\x00\x00\x40\xc6\x84\x42\xa1\x83\x0d\xc3\x38\
\x34\x99\x94\x07\xf9\x7c\xc6\x28\xd3\x34\x8b\xa9\x2d\xa2\x87\x0c\
\xba\xf6\x48\xd2\xd6\x4f\x97\x20\x3b\x0d\xc3\xdc\x41\xf1\x96\xde\
\xde\xde\xb7\xac\x45\x88\xb3\xc3\xfa\xf9\x0a\xff\x49\xe1\x24\xab\
\xc7\x42\x3f\xd3\x33\x3d\x3d\xe6\x05\x6d\x6d\x4d\x5b\xb8\x0b\xde\
\x23\x18\x0c\xfa\x69\xbf\x1e\x66\x9a\xbe\x51\x52\x8a\x03\x0d\x43\
\x8e\xa0\xfd\x57\x24\xa5\x2c\xd0\x8f\xeb\x7d\x4b\x4d\x9f\x94\x66\
\x17\xfd\x99\x1d\x42\x24\xb6\xb6\xb7\xb7\xbf\xe9\x86\x3b\xcf\x01\
\x00\x00\x00\x00\xd2\x85\x02\x0a\x00\x00\x00\x00\x00\xe4\x95\x70\
\x38\x7c\x84\x94\xbe\x27\xe9\x72\x68\x1c\x77\xdd\xd1\xdd\xdd\x55\
\x93\xe9\x11\x2f\x00\x00\x00\x00\x00\xe0\x6d\x28\xa0\x00\x00\x00\
\x00\x00\x40\xde\x99\x33\xa7\xf6\x84\xa2\x22\xe3\x09\xba\x1c\x6a\
\x6e\x6e\x6e\xfa\x81\x49\xf8\x21\x00\x00\x00\x00\x00\x80\xdd\x50\
\x40\x01\x00\x00\x00\x00\x80\xbc\xa4\xa7\xf3\x72\xc3\xe2\xcb\x00\
\x00\x00\x00\x00\xe0\x46\x42\xfc\x7f\x6c\xb3\xc9\xba\x02\x5e\x16\
\x18\x00\x00\x00\x00\x49\x45\x4e\x44\xae\x42\x60\x82\
\x00\x00\x04\xcc\
\x00\
\x00\x42\x3e\x78\x9c\xed\x9a\x4f\x48\x54\x41\x1c\xc7\x9f\xbb\xf2\
\x56\x44\x76\x23\x22\x44\x2c\xa4\x43\x48\x48\x2c\x21\x21\x21\x22\
\x4e\x88\x48\x74\x90\x88\x08\x89\x3d\x84\x87\x88\x90\x10\x0f\xe2\
\x61\x0f\x11\x11\x11\x11\x11\x11\x1d\x22\x22\x22\x24\xa2\x43\x48\
\x44\x2c\x21\x1d\x22\x22\x22\x44\x22\x62\x89\x0e\x11\x11\x4b\x44\
\x88\x04\xf6\xfb\x31\xbf\xc9\x5f\xb3\xf3\xfe\x6d\x6b\xfb\xdc\x9d\
\x9f\x7c\x9c\xb7\x6f\xe6\x37\xef\xf7\x7d\x33\x6f\xde\xcc\xec\x3a\
\x4e\x13\xfc\x0d\x0e\x3a\xf0\xbf\xcb\xe9\x1e\x72\x9c\xad\x8e\xe3\
\x74\x03\x70\xca\xc9\x3b\xf2\xbc\x35\x6b\xd6\xac\x59\xb3\x66\xcd\
\x9a\x9f\x09\x21\xda\x81\x21\x60\x14\x38\x08\x8c\x01\x87\x81\x23\
\xc0\x38\x91\x8b\x19\xc7\x28\xae\x23\x14\xeb\x18\xc5\x3e\x4a\x5a\
\x3a\x42\xe8\xce\x02\xf3\xc0\x2f\x60\xb5\xce\x40\x4d\x8f\x81\x3d\
\x1e\xda\xf1\x1e\x2e\xc7\x20\xce\xf5\x06\x35\x4e\x68\xda\x0f\xd6\
\x69\x9b\xfb\xf5\x85\x43\xa4\x3d\x0d\x7c\x8e\x41\x4c\xff\x9b\xaf\
\xc0\x66\x60\x32\x06\xb1\xd4\x8a\x29\xe0\x59\x0c\xe2\xa8\x15\x2f\
\x80\x57\x31\x88\xa3\x56\x2c\x5a\xfd\x0d\xaf\xff\x4d\x0c\xe2\xb0\
\xfa\xe3\xa5\xff\xbb\x81\x5a\xc7\x1a\x95\x30\x1a\x4c\xfa\x57\x0c\
\x73\xe3\xd6\x18\xe8\x89\x4a\xda\xa0\xe3\xa7\x56\x66\xa9\xc1\xf5\
\xbf\xf3\xd3\x2f\xe4\x7a\x72\x0e\x78\x10\x03\x3d\x51\x79\x48\xb1\
\x1f\x0b\xd0\xff\xd6\x47\xff\xd9\x18\xe8\xf8\x57\xce\x07\xe8\x5f\
\x8c\xa8\xff\xaa\x90\x6b\x86\x19\xa0\xa4\xe5\x15\x80\xd3\xc0\x34\
\xf0\x5a\xcb\xfb\x01\xcc\x92\xef\x15\x43\xbd\xd7\x28\x0f\xcb\xe8\
\x63\xd5\x1b\xaa\x13\xeb\x7e\xaa\xe5\x7d\xa7\x58\xbc\xea\xad\xb6\
\xfe\x3c\xcb\x9f\x60\xe7\x71\x0d\xb9\x85\xce\xb7\x00\xef\x35\x3f\
\x5c\x73\xf6\x32\xdf\x7b\x2c\xef\x01\x3b\x9f\x15\xe5\x6b\xf1\x22\
\xd0\x4a\xf9\xb8\x66\xfb\xc4\xf2\x4e\x32\xdf\x99\xff\xa0\x1f\xef\
\xf7\x76\xca\x4f\x88\xb5\xf5\x53\x8e\xf9\x4d\x1b\xfc\x56\xa9\x6c\
\x82\xca\x74\x50\xff\xd1\xeb\x7b\xe2\xe1\x3b\xcb\xea\x3f\x4a\xe7\
\x9e\x03\xcd\x5a\x7d\xeb\xad\x1f\xb9\xcb\xca\xec\x16\x72\xcf\x4c\
\xe9\xea\xf4\x88\x43\x31\xce\x7c\xb1\xcf\x4e\xb1\xcf\x87\x7d\xfc\
\xf0\x3e\x75\xb1\xfb\xf4\x48\xb0\xbd\x2c\x38\xbe\xed\xe1\xc7\xf5\
\xeb\xfb\x5b\x1f\x2a\xd4\x8f\xfd\x73\x88\x95\x6b\x61\xc7\x77\x7c\
\x34\x20\xd8\x77\xd3\x4c\x87\x6a\xbf\x36\xe0\x63\x80\xef\x9c\xc7\
\x35\x07\x84\xf7\xfe\x15\xd7\xbf\x52\x25\xfd\x08\xbe\x37\x5c\x87\
\x19\x7c\x1e\xf4\x89\x83\x73\xd1\xd1\x0c\xce\x9d\x0b\xe1\x87\x0c\
\x6b\x7e\xae\x28\x1f\x6b\xa3\xe8\x5f\xaa\x50\x3f\x72\x9a\x95\xc5\
\xb6\x7c\x19\x52\x03\xc6\xd1\xc3\x7c\xbb\x45\xf8\xbd\x57\x7c\x17\
\x24\x98\xef\xa9\x80\xf2\x41\xfa\xdf\xfd\x83\xfe\x9c\xd6\x16\x61\
\xe7\x49\xf8\x2e\xec\x62\x7e\x38\x66\x84\x5d\x63\x3c\xd2\xae\x39\
\x5e\x23\xfd\x0b\xbc\x1d\xa8\x7c\x8f\xe1\x1a\x26\x66\x0c\xfd\x7f\
\x2a\x64\xbf\xc9\x6a\x7e\xd8\xef\xf4\x39\xc1\x7a\xeb\xff\x2b\x0e\
\x38\xde\xca\x8e\x2f\x07\x68\xc0\xe7\xad\x85\xca\xe2\xba\xa2\x8d\
\x8e\xf1\x39\x0e\x5a\x8b\x5f\x63\xd7\x69\x67\xc7\xf8\x0e\xf2\x7a\
\x7e\xce\xb3\xfb\x54\x2d\xfd\x97\x59\x99\x01\x8a\xdb\xa5\xcf\x38\
\x3f\xf1\xdb\x4f\x1f\x61\xbe\x38\xe6\x5d\x60\x9f\x87\x7c\xfc\xbe\
\x88\xb5\xf9\x95\x1a\xf3\x86\x99\xef\xa5\x00\xfd\xcd\x55\xd2\x8f\
\x71\x6c\x36\xb4\xd9\x34\xf3\x9b\xf0\x88\x85\xcf\xf3\xd4\x98\x87\
\xec\x62\xe7\xe7\x3c\x7c\x4f\xb0\x32\x6a\xcf\x7e\x91\xf5\xa5\x4d\
\x1e\xf7\x3d\x48\xbf\x3e\x4f\xc5\x32\x09\x1f\xfd\x7c\xbe\xc2\x9f\
\x59\x9c\xf3\x74\xb0\x6b\x95\xad\xab\x50\x33\xeb\x8b\x7c\x9e\x57\
\x60\xd7\xdc\x69\x88\x73\x89\xf5\x2f\xfc\x6e\xf6\x1b\xcb\x9b\x61\
\xf1\x98\xde\x05\x41\xfa\x3f\x18\xe2\x6c\xf6\xd1\x8f\x63\x3c\xae\
\x55\x6e\x0a\x39\x8e\xf3\xbc\xe7\x94\x77\xdd\x50\xef\x32\xf9\x60\
\xfe\x7d\x9f\x7a\x6f\x88\xf2\x77\x41\x91\xea\xc4\xfc\x05\x2d\x0f\
\xe7\xb4\xb7\x7c\xea\xad\xb6\xfe\x8d\x86\xd2\xef\x46\xd0\xaf\xfa\
\xda\x30\x70\x06\xeb\x88\x81\x8e\xa8\x5c\xa0\xd8\x47\x2a\xd0\xdf\
\xea\x30\x13\x75\xb0\xff\x15\x41\x3f\xce\xdf\x71\x8c\xc1\xe7\x25\
\x41\xb4\xc5\x40\x4f\x54\x36\x91\xe6\x16\x6a\xbf\x2d\x1e\xfa\xf5\
\xf1\x5f\xf5\x01\x1c\xaf\x7e\x12\x1b\xf1\x77\x11\xcb\x8c\x15\x83\
\x76\xa5\x5f\x7f\xff\x37\x12\xd8\xf6\xfa\xfa\xb7\x91\x30\xed\xff\
\x36\x12\x38\xaf\x0a\xbb\x66\xaf\x47\xb0\xed\x0b\x31\x88\xa3\x56\
\x60\xdb\x07\xed\xd7\xd5\x33\xb8\xd6\x3a\x1e\x83\x38\x6a\x05\xfe\
\xe6\x11\xe7\x07\xfa\x1c\xa8\x11\x40\xcd\x6a\xed\xdc\x2f\xca\xbf\
\x1b\xa8\x67\x70\x4e\x34\xa0\xcd\x8f\xf7\x0b\xf9\x9b\xc0\x5a\xc7\
\xb6\xde\xe0\xde\xc1\x01\xc7\x60\x42\x7e\x87\x84\xeb\xe8\x8d\xf8\
\x7b\x8f\x30\xba\x71\x6f\x32\xcc\xef\xc0\x5d\xba\x17\xdb\x81\x1d\
\x42\xee\xc9\xe0\x7e\x55\x0f\x81\xfb\x8d\x59\xa2\x97\xe8\xd3\xd8\
\x27\xe4\x73\x15\xc4\xa0\x0f\x5e\x3e\xfb\xb4\x6b\xed\x65\x71\xf4\
\xb2\xd8\x7a\x28\x6e\xd4\xe0\x06\xe9\xb6\x66\xcd\x9a\x35\x6b\xd6\
\xac\x35\x86\xad\x56\xc9\x4a\xb2\xba\x4c\x51\xa6\xa9\x82\x4c\x93\
\x79\x99\x36\xa9\xb4\xd2\x38\x65\x85\xc9\xe2\x9f\x54\x9e\x2e\xd2\
\xa4\x26\xe7\xba\x6d\xed\xed\xd9\x5c\xce\x4d\x75\x76\xf6\xf5\x95\
\x20\xed\x4f\x4f\xf6\x17\x73\x6e\x72\x3e\x53\xda\x56\x80\xb4\x94\
\x2a\x66\x20\x6d\x2a\x25\x0b\x99\x3c\xa4\xc5\x64\x21\xc5\x53\xcc\
\xcf\xaf\x95\x4b\xce\xa7\x27\xd1\x4f\xd5\x93\xa1\x7a\xd5\xf5\x28\
\x55\x71\xe8\xf1\x55\xaa\x33\x2f\x93\x3f\xf7\xab\x20\x53\x55\x61\
\x4a\xdd\xe7\x6a\xb5\xdb\x6f\xdf\x1e\x73\xe7\
\x00\x00\x04\xbd\
\x00\
\x00\x25\xbe\x78\x9c\xd5\x99\x4f\x88\x1c\x55\x10\xc6\x6b\x77\xc2\
\x8e\x84\xe0\x88\x88\x84\x10\xb2\x22\x2a\x22\x39\xec\x21\x27\x11\
\x76\x91\x10\x44\x24\x04\x11\x91\x1c\x24\x88\x88\x48\x10\x0f\x39\
\x48\x10\x77\x30\xa0\x12\x82\x04\x11\x11\x0f\x41\x44\xc2\x12\x82\
\x88\x78\x10\x0f\xb2\xd1\x20\x21\x84\x20\x12\x82\x48\x58\x9a\x20\
\x41\x44\x64\x10\x91\x45\x86\xed\xd4\xaf\xdf\x6b\x9d\xd4\x74\xcf\
\x4e\xcf\x56\x6f\xeb\xb7\x7c\x5b\xcc\x4c\x4f\xbd\xef\xfd\xab\x57\
\xf5\x46\x64\x4a\xff\xe6\xe6\x44\xff\xdf\x23\x4b\xf7\x8b\xdc\x2d\
\x22\x0f\x2a\xf5\x2d\x39\x24\xe1\xfd\xff\x29\x6e\x53\x3e\xac\x7c\
\x57\xb9\xa2\xbc\xa1\xbc\x1e\x5f\xef\x56\x6e\x69\x4e\xda\x58\x78\
\x41\xf9\x93\x32\x35\xec\x2b\xbf\x96\x30\x4d\xff\x45\x4c\x2b\x9f\
\x51\xfe\x2a\xc3\xda\x73\xfe\xad\x3c\xde\x94\xc0\x11\xd8\xa6\x3c\
\xa2\xfc\x5d\xca\xb5\xe7\xbc\xd6\x90\xc6\x32\x30\xee\x47\x65\xf4\
\xb8\x0f\xf2\xe7\x66\x64\x16\x02\xed\x2f\x2a\x7b\x32\x9e\x76\x78\
\xb9\x11\xa5\xc3\xb8\x43\xf9\xba\x54\xd3\xce\x1e\x7e\xad\x09\xb1\
\x06\xc4\xc0\xae\xf2\x37\x19\x5f\x7b\x3e\xf6\xbb\x37\x5f\xee\x2d\
\x40\xfb\xcb\xca\x3f\xa4\x9a\x76\xce\x80\xa7\x94\x33\x9b\x2f\xf9\
\x1f\xb0\x66\xde\x90\xea\xda\x39\xc3\xf6\x36\xa0\x77\x10\xec\xd5\
\xae\x54\x5f\x33\x9c\xc1\x87\x36\x5d\xed\xad\x40\x3b\xe7\x6a\x95\
\xbd\x0a\x7f\x51\x3e\x27\x21\xa7\x68\x0a\xac\x57\x62\x64\xd5\x71\
\x47\xfb\xe3\x0d\xe8\xb5\x20\x5e\x7c\x2f\xd5\xb4\x27\xca\xe7\x1b\
\xd0\x5a\x84\xc3\x12\xf2\x96\x2a\xe3\x8e\xf6\x26\xd7\xcc\x20\xce\
\x48\x35\xed\x4f\xd4\xa0\x61\xa7\x72\x8f\x72\x41\x42\x1c\x7b\x54\
\x42\x8e\x7e\xaf\xac\x1f\x8f\x97\xd7\xd1\x5c\xd7\x9a\x21\x56\x1f\
\x54\x7e\xac\xbc\xa4\xfc\x51\x42\x2c\x4b\x22\xc9\x03\x39\x0f\x3f\
\x57\xbe\x22\xa1\x84\xb2\xd8\x12\xbf\x37\x4e\x7c\xf7\x88\x33\xb4\
\x47\x7d\x40\x5e\x52\x35\x5e\x90\xfb\x52\x23\x31\x4f\xc4\xcb\xed\
\xca\x53\x63\x7c\x8f\xb1\xf0\x38\x9b\x68\x93\x31\xb8\x20\xd5\xf6\
\x9b\xe5\x55\x09\xf9\xc1\x7b\x32\xfa\x9c\xa5\x8d\xf3\xca\xfd\x0e\
\xda\x99\x37\xea\x87\xaa\x63\x5e\x46\x74\xff\x59\xf0\xfe\x37\xca\
\xcf\x94\x4b\xca\x97\x94\x0f\xc8\xc6\xeb\xd9\xbb\x94\x27\x95\x7f\
\x15\xb4\xb7\x2a\x61\x7e\xbf\x92\xb0\x36\x58\xe7\x07\x63\xdb\x6f\
\x4a\xa8\x47\xaf\xc5\xe7\x46\xf5\xa7\x17\x9f\xaf\x03\xac\xf5\xa2\
\x79\x26\xdf\x3b\x21\x21\xd6\x94\xed\xab\xad\xca\x47\x24\xe4\x64\
\x37\x4a\xb4\xe3\xfb\x6d\xe5\x9d\x35\x68\x27\x06\x16\xd5\x9c\xc4\
\x99\x05\x09\x75\xe9\x38\xa0\x7f\x9c\xf5\x17\x0a\x7c\xa1\x9f\xf9\
\x9a\x76\xd4\x0d\x76\x29\xbf\x33\x6d\xb1\xa7\x58\x2b\x93\xde\x51\
\x70\x4e\x9c\x96\xe1\x3e\xfc\x20\xe1\x6a\xca\x0b\xec\x19\xd6\xb2\
\x5d\x37\x17\xe5\xdf\xf8\x37\x29\xe8\x83\x9d\x07\xea\x3e\xcf\x7b\
\x0f\xda\xf8\xb2\xa0\x0d\xd6\x80\xc7\x3c\xe3\xc7\xee\x07\x72\x83\
\x71\xd7\xe3\x7a\xd8\x27\xc3\xf1\x6d\xc9\xc9\x37\x60\x5f\xb3\xf7\
\xed\x39\xf2\xac\x93\xff\xa3\xc6\x2f\x7d\x39\xe0\xe4\x3b\x07\x63\
\x74\xdd\xb4\x73\xca\xc9\xb7\xcd\x09\xd9\x5f\x0f\x39\xf9\xce\x41\
\xbc\x3c\x6f\xda\xe1\xfc\xba\xdd\xc1\xf7\x65\xe3\xf7\xac\x14\xe7\
\x5f\x1b\xc5\x87\xa6\x1d\xea\x98\xfb\x1c\xfc\xae\x18\xbf\xb4\xe3\
\x31\x2e\x16\x27\x4c\x3b\xe4\x46\x1e\x71\xd4\xae\x4b\x72\xad\xad\
\x0e\x7e\x2d\xac\x7e\x72\xe9\x3d\x0e\x7e\xed\xfd\xfa\x47\x12\xf2\
\x7d\x6f\x9c\x34\xed\x5c\x11\x9f\x7d\x66\xcf\x17\xce\x82\x9d\x0e\
\x7e\x07\xc1\x39\x62\xe3\x04\x75\xd0\x0e\x07\xdf\x9f\x18\xbf\xec\
\x07\xcf\xf3\x1d\x90\x9f\x5c\x92\xe1\x71\xf2\xb8\xff\xa3\xce\xec\
\x1b\xdf\x47\x1c\xfc\xe6\x98\x8e\x6d\xd8\xdc\xf0\x55\x27\xff\xec\
\x21\xbb\x87\x89\x0d\x5e\x7b\x80\x35\xf2\x85\xf1\xcf\x78\x79\xcd\
\x31\x67\x8b\x5d\x43\xf8\xe7\x5c\xf6\xc8\x7f\xa8\x1f\x6d\x7e\x42\
\xae\xeb\xf9\xdb\xe1\x63\x32\x3c\x07\xfc\x86\xc3\x5d\xdf\xa4\xf7\
\x00\x33\xd1\xaf\xad\xc7\xa8\xbf\xbc\xf3\x13\xe2\xfd\xfb\xa6\x9d\
\x7c\x2f\x4f\x52\x6f\xd0\x67\x7e\x3f\xb4\xf7\x25\xcc\x2b\x73\x5d\
\xc7\xf9\x4e\xcc\x4c\x64\xb8\x0f\xcc\x43\x57\x42\x6d\x3c\x0e\x66\
\xe2\xf3\xcc\xa7\x8d\x0b\x9c\x35\xd4\x98\xde\xf5\x57\x0e\x7c\x5f\
\x2d\x68\x37\x9f\x0b\x6a\x5b\xf6\x3b\x77\x6d\x8c\x21\x7b\x67\x7b\
\x7c\x4d\xfd\x49\xdc\x2a\xbb\xa3\x62\x1c\xf6\xd5\xa4\x3b\x07\x63\
\xc7\xda\xbc\x52\xa2\x01\x52\x8b\x90\x3b\x92\xe7\xb1\x16\x3e\x8d\
\xaf\xa9\x49\x8a\xfa\x0d\x99\x8b\xc3\x35\x6b\x1f\xec\x03\x63\x59\
\xf4\xbb\xfd\x24\xe4\x4e\xe5\x69\xa9\x27\xa7\x1a\x05\xd6\xc5\xf1\
\xd8\x7e\xd9\xb8\x96\x91\xe7\x99\xa7\xd3\xd1\x4f\x53\x20\x8e\x2c\
\x28\x3f\x90\xb0\xa6\xd6\xbb\x4b\xe4\xf3\x95\xf8\x3c\x77\x81\x5e\
\x35\xee\x46\x41\x3d\x40\xae\xf8\xa4\xf2\x1d\x09\xf7\xcc\xd4\x53\
\x17\xa3\xe5\x1e\x90\x7b\x29\x62\xe6\x9c\xd4\x53\x3f\x14\x22\x05\
\xc7\xa2\x9d\x0a\x76\x2d\xbe\xdf\x8f\x76\x35\xda\x5e\xb4\x49\x7c\
\xae\x9b\xdb\x56\x66\xd7\xa4\x9d\xd9\xbe\x74\xa2\x9d\xcd\xec\xaa\
\xcc\x67\xb6\x27\x8b\xd1\xa6\x99\x4d\xa6\xa2\x6d\x61\x93\x4e\xd2\
\xc6\x76\xa7\x96\x3b\x6a\x55\x43\x77\x36\x0d\x0b\x71\x51\x6d\xaf\
\xd5\x6d\xa5\xd8\xd9\x5e\x1b\x9b\x2c\xf6\x3b\xd8\xe5\x74\x2d\x7b\
\x7d\x2e\x4d\xb3\xcf\x8f\x69\x6f\x06\xed\x5b\x69\x7a\x0e\xdb\x9e\
\xd0\xea\xf7\xbf\x2d\xf2\xab\x1f\xb6\x07\xdb\x4f\xe6\x57\x33\x3d\
\xbd\x4e\x6f\x16\xab\x63\x36\x9f\x06\xfd\x8b\x69\xe8\x4f\x9a\x66\
\xfd\x6b\x05\xcb\x63\x6a\x6f\x02\xe4\x1c\x40\x16\
\x00\x00\x04\x67\
\x00\
\x00\x25\xbe\x78\x9c\xe5\x5a\x41\x48\x54\x51\x14\xbd\x93\x91\x11\
\xe1\x48\x84\x44\x84\x4a\x54\x44\x8b\x90\x08\x89\x36\x23\x2e\x42\
\xa4\x55\xb4\x88\x88\x90\x88\x88\x16\x11\x11\x12\x12\xcd\x20\x12\
\x2d\x24\x5a\x44\x44\x44\x49\xb8\x90\x10\x09\x09\x91\x90\x18\x22\
\x22\x24\x22\x24\x5a\x44\x0b\x89\x88\x08\x91\x21\x5a\x58\x0c\xfd\
\xee\xf9\xff\xbf\x1a\x6d\xde\x9f\x7b\xff\x7b\xb3\xa9\x2b\xa7\x87\
\x33\xd3\x7d\xe7\xdc\x7b\xfe\xfb\xef\xfd\x91\x28\xc3\x3f\x1d\x1d\
\xc4\xff\xb6\xd3\xd8\x76\xa2\x16\x22\xda\xc9\xe0\x97\xa8\x8f\xa2\
\xd7\xff\xb3\x68\x65\xec\xf2\x94\x6b\x0d\xa3\x93\xb1\xc9\x53\xbe\
\x5a\xd1\xce\x18\x67\x3c\x26\x3f\x1a\x7a\x19\x73\x8c\x51\x8a\xb4\
\xd4\x33\xf6\x32\x8a\x8c\x20\xc6\x2c\x63\x7f\xca\x5c\xe0\x0a\xee\
\x5f\x2b\xf2\xdd\x67\x6c\x76\x66\x59\x3d\x70\xc9\x3c\xab\x98\xab\
\x52\x83\xb6\x0f\xe0\x7e\x88\xf1\x6e\x45\xae\x6f\x8c\x3b\xe4\x5f\
\x03\xf8\x4d\xd3\xdf\xdc\x0d\xa6\x49\xa7\x01\x75\x07\xf7\x72\x95\
\x5c\xd0\x80\x3e\xac\xf6\xc4\x1d\xfe\x98\x4d\xe0\x6e\xf0\x82\x6a\
\x7b\x09\x75\xef\xa1\xe5\x9e\xb1\xc1\x97\x97\xae\x0b\xe6\xaa\xd4\
\x90\xd4\x87\x2d\xb4\xfc\xfa\x49\x02\xfa\x70\xdb\x83\x06\x69\xfd\
\x25\x5e\x5a\xcb\x38\xca\x58\x52\x68\x18\x21\x77\x2f\xed\x66\x3c\
\x51\x68\xa8\xe5\xa5\x63\x8c\x8f\x8a\x7c\xd0\xe0\xda\x07\xdc\xae\
\x5f\x29\x35\x24\xf5\xe1\x84\x42\x83\x2f\x2f\x75\x31\x5e\x2b\x34\
\x24\x79\x69\x1d\x45\x7d\xf8\xa1\xd0\x30\x42\xee\x5e\xda\x43\xf2\
\x6b\xb0\x1e\x5e\xba\x4b\xee\x7b\x0d\x68\x98\x53\xcc\xf9\x9c\xa2\
\xfb\x5f\xb5\x40\x1f\xb4\x5e\xba\xe9\x41\x43\xb7\x52\xc3\x14\x63\
\x47\x82\x86\xe3\xa4\xf3\x12\xee\xd3\x3e\xbc\xf4\x54\xa1\x01\xfb\
\x8f\xce\x84\x7c\xd0\xa0\xf1\x12\xae\xe9\x16\x0f\x1a\x34\x7d\x80\
\x86\x6d\x96\x5c\xe8\xc3\x49\x85\x06\xdc\xc7\x6f\x78\xd0\xa0\xf5\
\xd2\x64\x0d\x0d\x7d\x24\xf7\x12\x34\xe0\x7a\x58\xe5\xa8\x01\x7b\
\x6b\x8d\x97\x8a\x14\xf5\xce\x16\xd0\xf0\x49\x91\xcf\x47\x1f\xa0\
\xe1\x8d\x70\x3e\xec\x3d\x71\x4f\x6f\xb7\xe4\x42\x1f\x4e\x2b\x34\
\xa0\x0f\xd7\x18\x1b\x1d\x35\x60\x7f\xf9\x56\x38\x27\x30\x5e\x43\
\x03\xae\x87\x6a\xfb\x6c\x9b\x06\xec\x37\x5d\xbd\xb4\x8f\xa2\x35\
\x5f\xaa\x61\x86\xa2\x3d\x96\x2d\xa0\x41\xe3\xa5\x61\xc6\x06\x47\
\x0d\xb8\xe7\xbe\x17\xce\x87\xfa\xe2\x3c\xdd\x6a\xc9\x85\x3e\x9c\
\x61\x7c\x16\xe6\x2b\x31\xae\x78\xd0\x80\x33\xe2\xbc\x42\xc3\x18\
\x45\x67\x84\x6a\xb1\x9e\xa2\xeb\x41\xea\x25\x68\x28\x38\x70\x87\
\x07\xb1\xb7\x91\xf6\x1d\xbc\x6e\x91\xbd\x66\xcd\x8c\x21\x61\x2e\
\x00\xbd\x3a\xe5\xc0\xfd\xa0\x82\x3b\xd6\xfa\x07\x64\x5f\x3b\xc0\
\x7d\x90\xb1\x28\xcc\xf7\x85\x71\x8e\xa2\x9e\xa5\xe1\x8e\xf3\xb9\
\x74\x0d\x32\xdc\xb7\x26\xe4\xd4\x70\x47\x1f\xcf\x3a\x70\xc7\xf9\
\x50\x7a\xff\xc7\x5c\xd8\xc3\x24\xd5\xbd\x20\xcc\x05\x2c\x30\xce\
\xa7\xe0\x6d\xb8\xf7\x2a\xb8\xa3\xee\xe3\x02\xee\xd2\xba\x83\x7b\
\x3f\xa3\xc9\x81\xbb\xe6\xde\x3b\x41\xf6\x3d\x10\xe2\xb2\x82\x7b\
\xe0\xc8\xfd\x08\xe3\x83\x82\x3b\xce\x50\xb6\xbd\x0a\xea\x7e\x49\
\xc1\x1b\x1a\x07\x52\xf0\x36\xdc\xb1\x5f\xd0\x78\x66\x42\xc0\x5d\
\x5a\xf7\xc5\xf8\xf3\xcd\x29\xb9\x6b\x3d\xf3\x90\xec\x67\x30\xc4\
\x80\x82\x7b\xe0\xc8\x5d\xeb\x99\x11\xb2\x9f\x59\x9b\x62\xee\x1a\
\xcf\x14\x52\xf0\x36\xdc\x7b\x14\xdc\xe1\x99\x49\x01\xf7\x05\x25\
\xf7\xb4\x75\x3f\x40\xf2\xb3\x56\x39\xe6\x6e\x7b\xf6\x80\xb8\xa8\
\xe0\x0e\x0c\x3a\x70\x3f\x4c\xba\xfd\x58\xd2\x33\xe4\xa6\x98\xbb\
\xc6\x33\x83\x29\x78\x9b\xe8\x56\x72\x7f\x24\xe0\xae\xf1\x4c\xda\
\xba\x23\xba\x48\xfe\xec\xd3\x70\x4f\x7a\x8e\xde\xaf\xe0\x0e\x0c\
\x39\x70\x37\xdf\x95\x48\xb9\xe3\x7b\x38\x5b\xdd\xb1\xa7\xba\x40\
\xf2\x3d\xfc\x62\xcc\xdd\x25\x86\x85\xf3\xd5\xf2\x0c\x02\x67\x93\
\x19\x21\xf7\x12\xb9\xd5\xdd\x04\xd6\x8e\xa9\x1a\x1a\x0c\xf7\xa4\
\x75\x06\x81\x35\x00\xcf\x28\x24\xe7\x02\x1f\xe7\x3f\x13\xa8\xe9\
\xa8\x45\x43\x2d\xcf\x54\x0b\x3c\x43\x7c\x69\xc9\x67\xce\xae\xbe\
\x03\xfc\xb0\x96\x57\x3e\x17\x93\x78\xa6\x5a\xa0\x0f\x5d\x14\x69\
\xa8\xc6\xdd\x57\xdd\x57\x06\xf6\x2e\xd8\xb3\x97\x49\xee\x19\x5b\
\x40\x03\xfa\x50\xe9\xa5\xab\x54\x3f\xee\x26\x70\xde\xc0\xf3\x46\
\x5f\xdf\x6f\x42\x43\x91\xea\xe3\x19\x5b\x60\x4d\xf0\xf5\xf7\x16\
\xe8\x03\xce\xbe\x69\xce\x1e\xff\x7c\x04\x61\xfc\x19\xbf\x07\xc1\
\x3d\x8c\xa5\x20\xc8\x62\x9c\xcf\xff\x6c\xc4\x58\xcc\x95\x1b\x30\
\x16\xda\x96\x32\x18\x29\x5b\xa2\xf0\xf7\xc6\x25\xca\xe3\xfd\x86\
\x32\xe5\xf0\xf9\xcc\x4f\x6a\xc3\xff\x67\xbb\x67\x03\x7c\x11\x9c\
\x2f\x34\x06\xb8\x98\x72\xc5\x06\x1e\xf9\xdd\xf9\x0c\xe6\x0b\x13\
\xf0\x18\x26\xe0\x31\x4c\xc0\x63\x98\x80\xc7\x30\x01\x8f\x61\x02\
\x1e\xc3\x04\x3c\x86\x09\xc0\x17\x09\xa2\x31\xfc\x9d\x5f\x0f\xdf\
\xe7\xcf\x85\x9f\x47\xd6\x6c\x98\x27\xca\x87\xbc\xb9\x78\x9e\x7c\
\x3c\x6f\xcc\x23\x53\xc1\xcb\xf0\x34\xbc\x8d\x0e\xa3\xcb\xe8\x34\
\xba\x7f\xd7\x21\xae\x8b\xa9\x93\xa9\x9b\xa9\xa3\xa9\xeb\xca\x7a\
\xff\x02\x45\x82\x46\xd6\
\x00\x00\x02\xad\
\x00\
\x00\x25\xbe\x78\x9c\xed\x98\x3f\x68\x14\x41\x1c\x85\xdf\x19\x31\
\x12\x82\x91\x20\x16\x12\x34\xc8\x19\x42\x10\x09\x62\x25\xc1\x88\
\xa5\x04\x09\x62\x11\x2c\xe4\x0a\x2b\x11\x11\x2b\xb1\x31\x95\x88\
\x58\x59\x59\x59\x88\x45\x0a\x11\xb1\x0a\x21\xc5\x15\x16\x22\x72\
\x58\x58\x88\x88\xa4\x4a\x61\x21\x12\x0e\x09\x41\x3c\xdf\xcb\xec\
\x66\x2f\x7b\xff\x76\x77\xf6\x66\x37\xb0\xef\xf8\x6e\xe0\xb2\xb7\
\xfb\xdd\x2f\x33\x3b\x33\x0b\x94\xf8\x9a\x9e\x06\xdf\xc7\xb1\x74\
\x0a\x38\x0a\x60\x92\xf0\x23\x54\x60\x3e\x2f\x52\xa4\x4f\x59\x21\
\xb5\x3d\x8a\xdc\xd7\x49\x63\x8f\xb2\x5e\xf8\x17\xfe\x96\xfe\xb5\
\x1c\x78\x24\xe5\x33\xb9\x46\x7e\xe5\xc0\x25\x2e\x72\x5e\x20\x87\
\xc9\x23\xb2\x91\x03\xa7\xa8\xc8\xf5\x31\x19\x85\xc9\x11\x72\x9f\
\x6c\xe5\xc0\xad\x17\x72\x7c\xe0\x39\x87\x33\x43\xde\x92\x9f\x39\
\xf0\x0c\x23\xa7\x77\xe4\x42\x1b\xef\xe6\xe8\x77\xa9\x5f\x2d\x23\
\x1f\x7d\x6a\xc3\x73\x59\xe8\x50\xf3\x4e\x19\x23\x37\x60\xc6\x78\
\x56\xee\x35\xcf\x61\x2c\x86\x77\x38\x07\xc8\x5d\xf2\x91\xd4\x1d\
\x38\xd7\xbd\x6b\xdd\x21\xfb\x2d\xbc\x9b\xb3\x8f\x4c\x90\x7b\x30\
\x35\xe9\xc7\x38\xdf\xf2\xce\xad\x6b\x94\xbd\x6b\xa6\x1d\xd5\x63\
\x8a\xdc\x82\xa9\x51\x5a\xee\x3a\xd7\x6d\xef\xdc\x69\xd5\xbc\x57\
\x54\x9f\xf3\xe4\x09\xa9\x92\xef\x88\xd6\xbf\xea\xde\xb1\xfa\xce\
\x53\x98\x7b\x5e\x3f\x6a\x1d\x27\x9a\x03\xaf\x92\xaf\xe8\xed\xff\
\x89\xcc\x79\xdf\xc9\x53\x34\xff\x45\xa9\xbf\xe6\xfd\x4a\x36\x8a\
\x1d\x73\x9a\xfc\x41\xf4\xfe\xae\xb9\xc8\xe6\x9e\x98\x66\x86\xc8\
\x0b\xc4\x1f\xb3\x5a\xbf\xb8\x1a\xab\xdd\x72\x91\xfc\x40\x7c\xff\
\x2f\x30\x8f\x78\xb2\xcc\x21\xf2\x9c\xfc\x45\xb2\xfb\xbd\xd6\xbd\
\x07\x9d\x5b\x07\x51\xfd\xbe\x21\xbe\x7b\xf3\x7d\x7f\xc2\xb9\x75\
\x10\xcd\x95\x49\x6a\xef\xb3\x49\xae\x3b\xb7\x0e\x92\xc6\xda\x6e\
\xc5\xb9\xb5\xc9\x30\x4c\xfd\x6c\xfd\x75\x2f\xcd\x62\xfe\x2d\x27\
\xf4\x0d\xa3\xfe\x37\xe4\xd8\x5d\x39\x97\xd0\xb7\x1d\x71\xf6\x25\
\x69\x65\xc6\xc2\x37\x4c\x16\x73\xf1\x25\x0b\xdf\x30\x27\x1d\xbb\
\x2b\x97\x2d\x7c\xc3\x4c\x39\x76\x57\xe6\x2c\x7c\xc3\x9c\x71\xec\
\xae\xcc\x5b\xf8\x86\xc9\x62\x1d\x74\xc5\xc2\x37\x0f\xf5\x4f\x73\
\xfc\x96\x1d\xbb\x2b\xe3\xb0\x5b\xfb\xf8\x68\x0e\x1f\x76\xab\xbe\
\x93\xf7\x11\x1d\xbb\xf1\xda\xb9\x75\x90\x0a\xec\x9e\x69\x69\x2f\
\x3c\xef\x5a\xba\x29\xc7\xc8\x1b\x24\xeb\x47\xfa\x8e\xf6\x9d\xa3\
\x2d\x67\x75\x1b\x8d\x3d\x3d\xb3\x8e\xf3\x4c\x4e\x7d\xfe\x25\xcc\
\xef\xcf\x43\x8e\x93\x67\x30\xfb\xe0\x6e\xff\x0b\xfd\x4d\xcf\x88\
\xb4\x77\xcf\x62\xcd\xd6\x2d\xda\x0b\x9f\x85\x79\xb6\xb8\x04\x33\
\xb6\xb5\x3f\xfc\x40\x56\xc9\x2b\x72\x13\xe6\x5e\x9f\xc5\x7a\xb9\
\x48\x91\x96\x34\xb6\xd3\xda\xc6\xcd\xa2\xde\x4a\x41\xbb\xa6\x76\
\x10\xf8\xad\x76\xc4\x0c\x5c\xcc\x9a\x41\xac\xb7\x46\x15\x18\x50\
\xcb\x03\x46\xd4\xf2\x80\xd9\xed\xeb\xfb\xac\x0d\xee\x6e\xab\x03\
\xa6\x5d\x2c\xed\x6e\x3b\xf0\x0f\x78\xe8\xa2\x6d\xc1\xf7\xf2\x7d\
\x37\x4f\xb4\xab\xaf\xdf\xfe\x07\x85\x79\x95\x16\
\x00\x00\x04\x46\
\x00\
\x00\x25\xbe\x78\x9c\xed\x5a\x41\x68\x13\x41\x14\xfd\x31\x62\x2e\
\xd2\x96\x22\x22\xa5\xd8\x20\x2a\xa5\x78\xe8\x59\xc4\x88\x48\x11\
\x91\x9e\x44\xc4\x93\x27\xf1\x20\x22\x22\xa5\x48\x69\x96\x22\xd2\
\xa3\x88\x07\x11\xd1\xe2\x41\x8a\x14\x11\x91\xd2\x93\x04\x11\x11\
\x0f\x22\x3d\x88\x88\xc8\x22\x1e\x44\x4a\xc8\x31\x4a\xec\xfa\x5f\
\x76\x46\xd7\x36\x3b\x3b\x7f\x67\x8c\x08\x7e\x79\x9d\xba\xd9\xfc\
\x79\xff\xcf\xdb\xd9\x3f\x33\x25\x2a\xf0\xbf\xd1\x51\xe2\x9f\x65\
\x9a\xdf\x45\xb4\x95\x88\x86\x19\x7c\x89\x4e\x51\x7c\xfd\xbf\x89\
\xac\x87\xe2\x14\x6e\xf4\xe4\x6f\x80\xe2\x61\xe9\x96\xcd\x30\x5e\
\x32\x0e\x79\xf0\x35\xc8\xb8\xc7\x98\x63\x6c\xf3\xe0\xcf\x64\x7d\
\x8c\x80\x11\x29\x34\x28\x8e\x21\xef\x38\xec\x61\x2c\x32\x5a\x0a\
\x8b\xea\xda\x9f\x30\xcd\xbd\x4e\xbf\xf8\x03\x6f\x19\xe3\x8c\x4d\
\x42\x7f\xc8\xbb\xe6\xae\x7d\xe1\xf7\x25\x46\xd9\x07\xe1\x35\x16\
\xd0\x7a\xee\xba\x4f\xc4\x20\xd1\x92\xd6\x4c\x92\x7b\xd2\xdf\x02\
\xf9\x8b\x61\xad\x66\xd2\x00\x2d\x1d\xa4\x6c\x2d\x25\x35\x63\xf2\
\xf7\x84\xe2\x29\xd6\x07\xf7\x4e\x79\xef\x84\xe7\x8c\x9d\x06\x7f\
\xdb\x2d\xb9\xeb\x71\xb8\xea\xc8\x7f\x5a\xc0\x1d\x98\x60\x6c\x36\
\x70\x9f\xb7\xe4\x0e\xbc\x61\x8c\xe5\xe4\xdd\xa7\xb8\xdb\xf2\x5e\
\x61\x4c\x1a\xfc\x41\x33\x4b\x02\xee\x2f\x18\x7b\x1d\xb9\xdb\xe6\
\x1d\xdc\x2f\x51\xfc\x4e\xeb\x64\x9d\xe6\x19\x13\xde\x31\xf6\xe5\
\xe4\x0e\x9b\x12\x70\x8f\x32\xb8\xe3\xbd\x9a\x36\xcf\x74\xc2\x7b\
\x8a\xe7\xe2\x3c\xd6\xa7\xb8\xd8\xf2\xae\xab\xfb\xd3\x6c\x84\xf1\
\x58\xc0\xfd\x15\xe3\x40\x4e\xee\x3d\x8a\x8b\x6d\xde\x71\xdf\x94\
\x8a\xb9\x93\x0d\x08\xb9\x7f\xa0\x78\xee\xcd\x6b\x78\xf6\x56\x2c\
\xfb\x02\xa6\x33\xb8\xdf\x15\x72\x3f\xc6\xd8\x90\x83\xb7\xce\xbb\
\x44\x33\xd3\x06\x7f\xa8\x49\x1f\x09\xb8\xbf\xa6\x38\xef\x79\xb9\
\x4b\xf2\xae\xb9\xa7\xe5\x1d\xf5\xef\x43\xc6\x37\x4b\x7f\x21\xc5\
\x35\x47\x1e\xee\xb0\x09\x01\x77\x20\xc8\xe0\x7e\x9b\xec\xf3\x0e\
\xee\x2e\x9a\xb9\x28\xe8\xab\xae\xb8\xa7\x19\xea\x85\x05\x81\x3f\
\x68\x26\x6f\xde\xc1\x5d\x92\x77\xcd\x3d\x2d\xef\x5b\x14\xf7\x6e\
\x69\xe6\x02\xe3\x8b\x65\x5f\xc0\x8c\x81\x7b\x3f\xe3\x86\x90\xbb\
\x8b\x66\xc0\xdd\x76\x8c\x51\x0b\x5f\x36\xf8\x2b\x53\x5c\x8b\xd9\
\x72\x5f\xa6\xfc\x79\xdf\x4c\xb2\xbc\x6b\xee\xa6\xbc\xa3\x26\x68\
\x5a\xfa\x0b\x1d\xb8\xc3\xce\x09\xb8\x47\x8a\x7b\x7f\x8a\x2f\xc4\
\x74\x8d\xec\xf3\xfe\x91\x71\xdc\x81\x3b\xec\x0c\xe3\xb3\x80\xff\
\xac\x81\x3f\xae\x5f\x17\xf0\xc7\x3c\x71\xda\x91\x3f\xf4\x73\x56\
\x10\x03\xf4\x73\x25\x23\x06\x89\x7e\x30\xf6\xe3\x9e\x62\x90\x3c\
\xbf\xb3\x86\x3e\xcb\x24\x7b\x7e\xb1\x96\x3a\xea\x18\x03\xa9\x18\
\x24\xcf\x42\x96\x96\x24\xf3\xe7\x27\xc6\x49\xc7\x18\x30\x0e\xe7\
\x05\x31\xd8\x68\xe9\xbe\x30\x86\xc3\x1e\x62\xc0\x9c\xe4\x4b\x4b\
\x3b\x84\x31\xe0\x5d\x30\xe6\x18\x03\x4c\x32\x0e\x59\x5a\x42\x1d\
\x71\x93\xec\x73\x82\x79\xf5\x84\x63\x0c\x79\xde\x6b\x26\x2d\x49\
\x6b\x21\xc4\xe0\x3a\x0e\x79\xea\x0a\x93\x96\x50\x8b\x3e\x10\xf8\
\xf3\xa5\x25\xc4\x20\x59\x0b\x98\xb4\x84\xb5\xc0\x2d\x41\x0c\x21\
\xb9\xbf\xa3\x75\x5d\xed\x4b\x4b\x88\x01\xe3\x20\xa9\x4d\x7d\x68\
\x09\x31\xf8\xaa\x51\x77\xd3\xdf\xd1\x92\x74\x5d\x69\x5a\x23\xe0\
\x3c\x65\x4e\x10\x43\x48\xf9\xd7\x08\xda\x7c\xaf\xeb\x11\x83\x64\
\x5d\xef\xba\x17\x94\x8c\xc1\x76\x0c\xea\x64\xde\xbf\x1d\x56\x31\
\x74\x63\x2f\x2e\x69\x93\x64\xbf\x27\x07\x6e\x98\xc7\xd2\xf6\xcf\
\xa5\x5a\xc2\x5e\xe8\x11\x47\xfe\x18\x07\xc9\x7e\xee\x53\x8a\xf7\
\xf9\xd3\x0c\x31\x60\x7f\xcb\x46\x4b\x3e\xce\x2f\x60\xb6\xfb\xba\
\x78\x5e\xf6\x53\xf6\xf9\x91\xcd\x1e\x9d\x3e\x8b\x1c\xf1\xc0\x5f\
\x5b\xda\x99\x00\xfa\x5a\x56\xdc\x6d\xcd\xa4\x25\x5c\xc3\xfa\x68\
\xd0\x13\x6f\x6d\x69\xe7\x1a\xe0\x8e\x9a\x58\x7a\x06\xdc\x49\x4b\
\xe0\x8e\x7d\xeb\x01\x3f\x94\xd7\xd9\xda\x73\x25\xbc\xaf\x71\x56\
\x92\xf7\xfc\x3a\x39\x2f\xb5\xd4\xef\xc3\xee\x34\x33\x0d\x31\x3c\
\x23\xb7\x73\x1e\x6d\x5a\x4b\xa8\xbf\xbb\xf5\x37\x10\x98\x97\xb0\
\x6e\xf1\xf5\xf7\x1b\xe0\x9d\x56\x4b\xfd\xd3\x16\xb5\x2d\xd9\x7e\
\x8d\xa2\x3b\x68\x1b\x51\xd4\x8b\x36\xac\xae\x96\xd0\xd6\x2a\xad\
\x22\xda\x60\xa8\x59\x40\x4b\xbd\x8d\xf6\xf7\x69\x28\xc4\xff\x57\
\xa9\x52\xc3\xe7\x2d\xaa\x06\xb8\xbf\xc9\xfa\xc7\xf7\x1b\x85\x55\
\x1a\xe2\x36\x2c\xb6\xa8\xc2\x6d\xad\xd4\xa4\x2a\xb7\x01\x7f\x1d\
\xfd\xe1\xeb\xdc\xf2\x4d\xb5\x62\x04\x91\x57\x82\x52\x84\xcd\x97\
\x2a\xf5\x46\x28\x02\xf9\x13\x6e\xc3\x02\x7f\xc2\x6d\xad\xc8\x9f\
\x70\x1b\x94\x1a\xe8\xfb\x67\xab\xaf\xeb\xfb\xf4\xf7\xb4\x1f\xed\
\x57\xf7\xc3\xe4\xda\xfd\x46\x6d\x07\xe0\x55\x8c\x79\xb5\x1d\x80\
\x37\xc5\xbc\xdb\x0e\x12\x71\xe9\x38\x75\xdc\xed\x40\xda\xf9\x51\
\x79\x09\x55\x9e\x1a\x2a\x6f\x4d\x95\xc7\xef\x2a\xaf\xbf\xe7\xfb\
\x07\x4b\x80\x45\xaf\
\x00\x00\x03\x55\
\x00\
\x00\x10\xbe\x78\x9c\xa5\x57\x4d\x68\x13\x41\x14\x9e\xb6\xd2\x4a\
\x29\x26\x84\x10\x8a\x88\x09\x3d\x48\x4f\x1e\x3d\x89\x0d\x1e\x44\
\x44\x44\x72\x0a\x52\x44\x3c\x48\x0f\xe2\xc1\x43\x11\x29\x36\xb5\
\xd2\x78\x28\x8d\x07\x0f\x52\xc4\xa3\x14\x11\x11\x91\x1e\x4a\x29\
\x2d\x39\x54\x82\x58\xe9\x61\xc8\x41\x24\xd1\x1e\x44\x4a\xd9\x05\
\x29\xc1\x06\xc7\xf7\xba\x13\xfa\xf2\x32\xb3\xd9\x4d\x36\x7c\x49\
\xe6\xef\x7d\xdf\xbe\x79\xf3\x66\x46\x88\x1e\xf8\xa4\x52\x02\xbf\
\xc5\x52\x54\x88\x84\x10\x62\x14\x00\x55\x22\x2d\xbc\xfa\x6e\x1f\
\x29\xe5\x31\xc0\x45\xc0\x1c\x60\x19\x50\x06\xfc\x06\xec\x02\xbe\
\x01\xd6\x00\x0b\x80\xab\x80\xe3\x5d\x13\x1e\xf1\x26\x34\xe7\x2f\
\x80\x0a\x88\x3d\xc0\x33\xc0\xe9\x2e\x78\x7b\x01\xf7\x00\x4e\x08\
\x5e\x8e\x7d\xc0\x63\x40\x7f\x48\xee\x18\x60\xc5\x62\xef\xbd\xd6\
\x75\x19\x70\x41\xe3\x12\x60\x02\xf0\xda\xa2\xf7\x0b\x20\x15\x90\
\x7b\x18\xb0\xcd\xc6\xe3\x1c\x4f\x02\xa2\x01\xc6\x0f\x02\xee\x00\
\x2a\xcc\xc6\x0e\x60\x34\xc0\x7b\x73\xee\xb7\x80\x78\x40\xd7\x71\
\x1d\x18\x03\x75\xa6\x61\xc4\xd2\xbf\x57\xc7\x35\xe5\x7e\x08\x08\
\x4b\xcd\xed\x8e\x03\x6a\xc4\xe6\xb6\x69\x7d\x68\x9f\x35\x71\x1b\
\xde\x67\x30\x20\x67\x9c\x95\x6f\x32\x3f\x3c\x65\xed\x27\xf4\x5a\
\xa6\x3e\xe7\xdc\x2b\x1a\xbe\x1a\xa0\x3d\xab\x63\x30\xcd\xea\x17\
\x88\x7d\xf4\xc7\x19\xd2\xf6\x80\xad\xdd\x84\x81\xbb\xd1\x6e\xd5\
\xa0\xb9\xff\xea\x7e\x7f\xa8\x06\xf4\xb9\xf4\xf2\x54\xc3\xce\x2b\
\x5d\x8f\xf3\xfe\x9d\xd4\xe7\x7c\x74\x5b\x35\x30\x6e\xfa\x2e\x31\
\x36\x0f\x8a\xe8\x43\xbf\x9f\x23\x75\x38\x7e\x98\xd9\x8d\x02\x4a\
\x7e\x1a\x2c\xdc\xe8\xe3\x0c\xb3\xd5\x2f\x9b\xf3\x68\x96\xf9\x7e\
\xd5\xe2\x57\xd4\xf0\xc9\xa0\x61\x15\x70\xdb\xc2\x7d\xdd\x62\x6b\
\x91\xf4\xc3\xff\x6f\x48\x79\xca\x34\xa6\x8d\x06\x0e\x2b\xb7\xb6\
\x73\x83\xf4\x2d\x31\xdf\x66\x6d\xe3\xda\xcc\x85\xd5\xe7\x06\x1b\
\x74\xbe\x71\x2e\xca\xa4\x6c\xd5\xcd\x34\x94\x2d\xfc\xe3\x01\xc6\
\x9f\x65\xf1\x19\x96\xdf\x14\x6b\x34\x1e\xda\xe5\x07\xce\x4f\xe7\
\xb4\x9d\xff\xfd\xb8\x03\x69\x60\xfe\xc7\x9c\xb7\x14\x30\xfe\x6c\
\x6b\x4c\x86\xd1\x20\xbd\xfd\x80\xc6\xdf\x24\x29\xaf\x85\xe4\xce\
\xf8\xc4\xa4\x51\x03\xd4\xbd\x24\x7d\x16\x65\x6b\xfe\x39\x19\x94\
\x9b\xf4\x09\xa4\x41\x7a\x39\x98\xee\x33\x68\x1b\xf3\x2f\x3d\x2b\
\xe4\x18\x7f\x46\x36\xef\x9f\xc6\x35\x66\xd1\xf0\x51\x92\xbd\x16\
\xfe\xdf\x22\x6d\x98\x7f\x87\x74\xfd\x14\xa9\xc7\xbd\x8b\xe7\xe0\
\x86\x06\xdf\xf5\x2d\xbd\xf3\x4b\xc9\xc2\x8d\xef\x4e\xf7\x99\x17\
\x4c\xfb\x2e\x69\x7b\x27\xd9\xb9\x03\xca\xd7\x10\x36\x6e\xa6\x61\
\x5e\xb2\x33\x86\x6c\xdd\x7f\x47\x58\xfb\x04\xf3\x9d\x75\x2d\x84\
\x7d\x64\xeb\xf9\x63\xce\xd0\x07\xe3\xe0\x03\xd3\xf0\x88\xfb\xa1\
\x43\x6e\x1a\xbf\x5f\xb9\x6f\x48\xdf\xa8\x6e\xa7\x1a\x3a\x3d\x7f\
\x0e\x01\x9e\x33\x5b\x78\xfe\x4c\xb5\x19\x97\x90\xe6\xf3\x37\xee\
\xd3\x31\xbf\xb1\x84\x17\xe7\xf2\x07\xb3\x81\x65\xdf\xf3\x37\xb1\
\x81\x7e\x58\x36\xac\xe7\x7d\x3d\x47\xf7\x01\x57\x00\xe7\xa5\x77\
\xff\xc0\x3b\xdf\x5d\xe9\xed\xe5\xa6\xfb\xc7\x67\x19\xf2\x2e\xa6\
\xe3\x01\x6d\xee\x19\xec\x05\x05\xea\xcd\xc9\x90\xf7\x2f\xa6\x23\
\xae\x6d\xec\x84\xe0\x6d\xdc\x3f\x4f\x75\xca\x6b\xd0\x81\xf7\xef\
\x34\xe0\x89\x3c\xba\x7f\xe3\xf9\x01\xf3\x29\x9e\x6b\x31\xd7\xce\
\xcb\x90\xf7\x6f\xe5\x44\x94\xca\xf5\x28\x25\xc4\x74\x7d\xa0\x32\
\x56\x1b\xab\x27\x9d\xe9\x7f\x91\xaa\x52\xf9\x9f\x4a\x15\x8b\x5b\
\x07\xc5\xcd\xbc\x5b\xcd\xf7\x55\xdc\xc2\xcc\x86\x5b\x58\x9f\x75\
\x92\x95\x81\x5a\xd2\x89\xd4\x92\x87\x1f\xf8\x75\xa0\x5c\xe9\xab\
\x15\x36\x66\x9c\xc2\xec\xba\x9b\xcf\x57\xdc\xcd\x2d\xb7\x5a\x54\
\x07\x45\xb4\x81\xb6\xd0\x26\xda\x46\x0e\xe4\x3a\xe4\x04\xee\xff\
\x34\x4c\x97\x9b\
\x00\x00\x06\x06\
\x00\
\x00\x25\xbe\x78\x9c\xed\x59\x7f\x64\x5d\x57\x1c\xbf\x49\x9f\x74\
\xa2\x6a\xaa\x62\xa2\x22\x9b\xae\x62\xf6\x47\x58\x4d\x55\x75\xe7\
\xee\x8f\xfe\x31\x51\x31\x33\x33\xf9\x23\xab\x88\xf3\x22\xe6\x99\
\xaa\xa9\x88\xa8\x88\xa9\x9a\xaa\xd9\x1f\x33\x33\x53\x13\xfd\xb3\
\xa6\x66\x9e\x78\x6a\x62\x6a\xfa\xc7\xd4\xcc\x44\x9c\x1b\xf1\x44\
\x4d\x4c\xc4\x13\xf1\x48\x3f\x9f\x73\xce\xbd\xf7\xdc\xfb\x6e\x92\
\xf7\x2a\x3f\x5e\x78\xa7\x3e\xf9\x7e\xef\xb9\xe7\x9e\xf3\x3d\xdf\
\xef\xe7\x9c\xf3\x3d\xaf\x9e\xd7\x86\x7f\xfd\xfd\x1e\xfe\xf6\x7a\
\xb3\x6f\x7a\x5e\x97\xe7\x79\x7d\x00\xaa\xbc\x61\xcf\xd4\xb7\x4a\
\xab\xb4\x4a\xab\x34\x6b\x09\xa4\xdf\x09\xbc\x0b\x5c\x0b\xf2\xfe\
\x0d\xe0\x26\x30\x09\xdc\x02\xa6\x81\x19\xe0\xab\x03\xc2\x8c\x32\
\x63\xde\x52\xda\x06\x71\x13\x76\xd1\x26\xda\x76\x01\xe8\x74\x6d\
\x47\x9b\xd7\x68\xaf\x92\x62\x19\x72\x2b\x90\x62\x4b\x51\x5a\xb8\
\x3a\xdf\x45\xb2\x1e\x3d\x6f\xf5\xfc\xde\xe8\x2a\xaf\x6d\x9c\x00\
\xba\xb5\xed\xd2\x3f\x69\xe7\xbc\x16\xb8\x76\xb2\xad\xdc\x4e\x17\
\x0d\xe9\x7b\x0e\x09\x5b\xa5\x7f\x1b\xfa\xab\xc0\x27\x40\xa5\xde\
\x6f\x95\x23\xeb\xd1\x63\xff\xed\xad\x0e\xff\x6c\xa0\xff\x21\xe8\
\x0f\x8d\x6f\x93\x71\x6f\x56\xfe\x24\xb8\x24\xfd\x47\x90\xff\xd4\
\xd8\xd8\xec\xfc\x89\xc7\x58\x84\xfc\xb7\xa1\x6f\x9a\x84\x3f\xd4\
\xe1\x53\x05\x7d\xe1\x08\xf3\x47\xdb\x7f\x54\xf9\x03\x44\xf6\x5b\
\x7f\xfd\x07\x89\x35\x21\x1e\x19\x59\xcb\xad\x83\xe6\x0f\xfc\xb0\
\xa0\x6d\x31\x6b\x95\x78\xee\xf2\x47\x25\xf8\xe3\x17\xa3\xf3\x38\
\xef\xb7\x07\xe6\x0c\x3c\x6c\xfe\xf0\xdc\xcf\x39\x76\xfd\xea\x9c\
\x65\x4b\x2e\x7f\x30\xd7\xa2\x69\x23\xce\x07\xe6\xec\x7e\xdc\x04\
\xfc\xf9\x3d\x30\x39\xcc\xf9\xd8\xfe\xc8\x26\x9e\xc5\x8b\xce\x98\
\xd6\x7e\x7f\x24\xd5\x47\x38\xcf\xf5\x28\x16\x38\x03\x31\x7f\xd6\
\xad\x00\x55\x5b\x5f\x05\x96\x6d\xdb\xff\xdd\xb6\x81\x89\x33\xde\
\x89\x6a\x10\xb7\x5d\xb1\xfc\x58\x73\x38\xb3\x6e\xbf\x5f\x72\xb9\
\x84\xb1\x64\xd2\x7e\x5d\xcf\xfe\x54\x9a\x3f\x18\x77\x24\xc5\x19\
\xe6\x4e\x17\x81\xbb\x96\x1b\x1b\xc0\x1d\x7c\x77\x51\x9f\xe3\x52\
\xac\xdb\xfa\x4d\x60\x0a\x7d\x5d\x82\xfc\x5a\xdb\x22\xf5\x9c\xef\
\x41\xbf\x1c\x98\x7c\x70\xd3\x8e\x4d\x3b\xef\xb0\x5f\xbc\x67\x1f\
\x1b\x86\xd3\xe2\x9e\x32\x63\x5d\x4f\x72\xc9\x97\x35\xfc\x31\xf9\
\x9a\xaa\xe5\x8f\xf1\xbf\xc3\x99\x9f\x81\x13\xb0\xe5\xb4\xf6\x8d\
\xf4\x4b\x90\x67\x81\x2e\xb4\x99\xb5\xbe\x34\xfb\xae\xd4\x6b\xbf\
\x1d\xfd\xf5\x42\xce\x03\x7f\x40\x7f\xc3\xae\xa7\x87\xe1\xda\x50\
\x3a\x66\xe2\x01\xfa\x62\xee\xc8\xf7\x73\xca\x70\xa1\x0b\xe8\x44\
\x3f\x3f\xb9\x1c\xa8\xf5\x7f\xc4\x1f\xb5\x1b\x7f\x50\xbf\x8a\xbe\
\x47\xb9\x8e\x80\x4b\xf8\xee\x0a\xc0\x38\x8d\x33\x16\x35\xfb\x8f\
\x14\xc3\xca\xd8\x2b\xe0\xab\xf7\x8d\x2e\x86\x5c\x3e\x58\x9b\x18\
\xaf\x02\xc0\x3c\xf2\x8a\x8d\x11\xc6\x10\x18\x5f\xef\x85\xb5\xfc\
\x91\xe2\x37\xa7\xbe\x5c\x0f\x7f\x54\xbc\x8e\xce\x71\x2c\xb4\x6b\
\x37\x7e\x13\x0b\xa1\xdf\x93\x7b\x0e\x7c\x2e\xc5\xb9\xc0\xcc\x91\
\xf3\x38\x8b\xf1\xe7\xb3\xcf\x20\xc1\x3d\xb0\xdb\xc6\x87\xf3\x40\
\x5c\xc5\xe3\xda\xbd\xcb\xf0\x07\x6d\x8b\xce\xb7\xe5\x70\x9d\xec\
\xc2\x1f\xea\xf4\xf3\xa4\x7d\xef\x69\x9e\xcb\x6d\xf7\x9c\x8a\x59\
\x07\xfe\x2b\x04\xea\x27\x82\x9d\x73\xdc\x69\xf4\x1d\xee\x8f\x13\
\x1c\x2b\xdd\x26\xf4\xbf\xb1\x3f\xaa\x8f\xec\xb7\x73\x48\xf2\x27\
\x69\x3f\xc7\xff\x22\xba\xf3\x48\x7f\x7c\x87\x3d\x92\x6b\xf3\x06\
\xfa\xeb\x80\xec\x40\xbb\xeb\x5c\xc7\xa9\x78\xba\xfb\x72\x21\xbe\
\x4b\x89\x02\xda\x57\x32\xe2\x6f\xed\x17\xc5\xf8\x5b\x51\xd6\x67\
\x40\x6c\x47\xc4\x9f\xc8\x16\x19\x8d\x43\xde\xf5\xda\x38\x77\xa0\
\x9e\x77\x87\x67\x59\xfe\x47\x9f\x25\xbc\x67\xdb\x1c\xea\x00\xbf\
\x07\xcf\x73\x99\x6d\xa5\xff\x37\xf4\x53\x81\x99\x6b\x0e\x63\xf7\
\x84\x6b\x34\xe5\x1f\xa9\xf9\x08\x8e\x3b\xf5\x3b\xfb\x3f\x8e\xdd\
\x73\x65\xd6\x1f\x79\x3f\x00\xf9\x51\xa0\xf7\x18\xbd\x4e\x2b\xe9\
\x75\x09\x7c\x68\xe7\x79\x15\xe3\x0d\x5a\xbe\x0d\x84\xed\x9c\xbc\
\xa2\x62\x7d\xc5\xfd\x8a\x7d\x0e\x6a\x5d\xfa\x9f\xc2\xc6\x95\x54\
\x7b\x69\xfb\x2c\x46\xf5\x52\xdb\xbf\xec\xc4\xb2\x68\xc7\x4a\xf3\
\xe7\x7b\xeb\xf3\x6e\x33\x67\xf1\x04\x78\x0b\x3a\xf7\xd3\x1f\x03\
\xbb\x7f\x2a\xb3\x7f\x3e\x50\xa6\x0f\xae\xf5\xa7\xf8\xe6\x29\xea\
\xfa\x6c\xbf\xb3\x0e\x1f\xf8\x0d\xf7\xc8\xd3\x78\xee\x43\xbb\x79\
\xc5\xf3\x2c\xef\x9f\x81\xce\x58\x7c\x97\xe6\x8f\x4a\xd8\x1f\xae\
\x5f\x20\x8e\x65\xd1\xfa\x22\xcd\x9f\x29\xbc\xbb\xea\xf4\xc9\x7d\
\x8f\x67\xd2\x00\x62\xf0\x8d\xe5\xbb\xb6\x09\x7d\xde\x06\x06\x6d\
\x5b\xc6\xa6\x82\x67\xce\x7f\x50\x99\x5c\x66\xd3\xf6\xcb\xfa\x6f\
\x01\xc6\xe5\x6e\x54\x9f\xf7\x7f\x60\xdc\x80\xc9\x0c\xfe\xd0\xb6\
\x34\x7f\xca\xae\xff\xf1\xae\x3d\xcd\x9f\x80\x39\x9f\x89\x55\xc5\
\x3d\xe7\xed\x6f\x01\x38\x1b\x98\x13\x08\xb3\x16\x91\xc3\xda\x7d\
\x6d\x3d\xfe\x5e\xf0\x0c\x2e\x07\x26\x77\xac\xda\xf3\xa2\xaa\xcf\
\x15\x73\x06\xad\x87\x3c\x21\x1f\x55\x5e\x7f\x9f\xc9\x1f\x55\xcb\
\x9f\xb2\x63\xe7\x5c\x60\xce\x28\xc6\x73\x04\xf8\x25\x15\x87\x97\
\xc6\x76\xf7\xa1\xdd\x74\xde\x71\x81\x51\xcd\xb1\x4c\xfe\xf8\xe5\
\xf8\xec\xf1\x4b\xfa\x77\x2c\xb3\x86\x38\x8f\xe9\x84\xdd\xd1\x5e\
\x54\x7f\xfe\xd9\x68\xae\x9a\xa1\xcf\xd8\xf5\x40\x7b\x78\x9e\xcc\
\xa5\xf8\x13\xad\x5f\x72\x01\x71\xe1\x7b\xee\x95\xc4\xa2\xf3\x2e\
\xe4\x42\x83\x7a\xcd\x9e\xd3\xa8\xbe\xa8\x7d\x8e\xb3\x15\x80\x7f\
\xc5\x6a\x8a\x3f\x4b\x69\x1b\xa3\x73\x37\xc3\xf7\x07\xcd\x9f\x9d\
\x74\xeb\x7b\x95\xca\x5d\x92\x38\x7c\xfe\xec\xa4\xd3\xf7\x89\x3b\
\xae\xca\x8b\xf4\x1c\x0f\x9b\x3f\xdb\xeb\xe6\xf7\x87\x27\x0d\xf3\
\x61\x3b\x5e\x1d\xb4\x2e\xfd\xbf\x30\x87\xfb\xd9\xbc\x11\xd9\x7a\
\x83\x63\xec\x07\xef\xe3\xbb\x86\xb8\x1f\x98\x9c\xa3\xe6\xb7\xe7\
\xba\xe6\x50\x27\xf6\x69\xed\xae\x31\xb7\x02\x78\x2f\x64\x7e\xbe\
\x7a\x54\xf8\x03\x9b\x57\xa1\xf3\x2e\x7d\xc2\xe6\x9b\xcc\x85\xc7\
\x30\x3f\xe6\xb2\x9b\xcd\xca\x1f\x60\x13\xb6\x3f\xb3\xf7\xd6\x53\
\x89\xff\x3f\xca\x8b\x1c\xc6\x7b\x1b\xf5\x1f\x00\x1f\x03\xcc\x61\
\x87\xd0\x9e\x39\xf2\x30\x9e\xaf\xe1\x79\x44\xdf\x83\x25\x73\x29\
\x31\xa6\x34\xfc\x31\xbc\x1b\x67\x9f\x78\x1e\x4f\xeb\x40\x41\x99\
\x3b\x6e\xc1\xd1\x3f\x8f\xda\xf2\x1e\x94\xd7\xfa\x58\xa0\xfb\x12\
\xec\x8f\xb9\xce\xa8\xc5\x88\x1e\x1b\xf9\xbb\x62\x0e\x4e\x1b\x71\
\xa7\xa8\xfb\x3f\xc6\x5a\xa5\x55\x5a\xa5\x55\xf6\xa9\x6c\xe9\xd2\
\x80\xd4\x1f\x79\x9e\xa2\x3c\xee\x79\x53\x94\x6d\xb1\x6c\xb4\x9c\
\xe4\x9f\x82\xe7\xe9\x83\xa8\xdf\x91\x9f\xe5\xfa\x67\x28\xdf\xe9\
\x18\xfe\x93\xf2\xbd\xe3\xaa\x4a\xd9\x73\xac\xf4\x25\xe5\x99\xb6\
\xd2\x05\xf7\x39\x94\x61\xbb\xf0\xbb\xd7\x73\xbd\x33\x4e\xbf\xe1\
\x78\xa1\x6c\xb4\x84\xf3\x2c\x51\x1e\x8b\xfd\xd0\xb0\x1f\xad\x7c\
\x01\x0c\x5e\x30\xb9\
"

qt_resource_name = b"\
\x00\x04\
\x00\x06\xfa\x5e\
\x00\x69\
\x00\x63\x00\x6f\x00\x6e\
\x00\x0c\
\x0d\xa9\x97\xff\
\x00\x67\
\x00\x72\x00\x6f\x00\x75\x00\x70\x00\x2d\x00\x34\x00\x38\x00\x2e\x00\x69\x00\x63\x00\x6f\
\x00\x0c\
\x0d\x4b\xef\x7f\
\x00\x63\
\x00\x61\x00\x72\x00\x2d\x00\x34\x00\x2d\x00\x34\x00\x38\x00\x2e\x00\x69\x00\x63\x00\x6f\
\x00\x0f\
\x07\x6b\xe2\x7f\
\x00\x78\
\x00\x2d\x00\x6d\x00\x61\x00\x72\x00\x6b\x00\x2d\x00\x34\x00\x2d\x00\x34\x00\x38\x00\x2e\x00\x69\x00\x63\x00\x6f\
\x00\x10\
\x04\x1b\xb5\x47\
\x00\x70\
\x00\x6f\x00\x77\x00\x65\x00\x72\x00\x2d\x00\x62\x00\x75\x00\x74\x00\x74\x00\x6f\x00\x6e\x00\x2e\x00\x70\x00\x6e\x00\x67\
\x00\x0d\
\x01\x10\x39\xff\
\x00\x72\
\x00\x65\x00\x64\x00\x65\x00\x65\x00\x6d\x00\x2d\x00\x33\x00\x32\x00\x2e\x00\x69\x00\x63\x00\x6f\
\x00\x1c\
\x0e\xfd\x40\x07\
\x00\x4a\
\x00\x61\x00\x63\x00\x6f\x00\x6e\x00\x20\x00\x45\x00\x71\x00\x75\x00\x69\x00\x70\x00\x6d\x00\x65\x00\x6e\x00\x74\x00\x20\x00\x4c\
\x00\x6f\x00\x67\x00\x6f\x00\x20\x00\x50\x00\x4e\x00\x47\x00\x2e\x00\x70\x00\x6e\x00\x67\
\x00\x0d\
\x01\xe2\x39\xff\
\x00\x72\
\x00\x65\x00\x64\x00\x65\x00\x65\x00\x6d\x00\x2d\x00\x36\x00\x34\x00\x2e\x00\x69\x00\x63\x00\x6f\
\x00\x0f\
\x01\x69\xc9\x3f\
\x00\x73\
\x00\x65\x00\x61\x00\x72\x00\x63\x00\x68\x00\x2d\x00\x33\x00\x2d\x00\x34\x00\x38\x00\x2e\x00\x69\x00\x63\x00\x6f\
\x00\x0f\
\x02\xae\xe1\xff\
\x00\x61\
\x00\x72\x00\x72\x00\x6f\x00\x77\x00\x2d\x00\x33\x00\x31\x00\x2d\x00\x34\x00\x38\x00\x2e\x00\x69\x00\x63\x00\x6f\
\x00\x0b\
\x00\x82\x77\x3f\
\x00\x75\
\x00\x73\x00\x65\x00\x72\x00\x2d\x00\x34\x00\x38\x00\x2e\x00\x69\x00\x63\x00\x6f\
\x00\x0f\
\x02\xae\xf4\xdf\
\x00\x61\
\x00\x72\x00\x72\x00\x6f\x00\x77\x00\x2d\x00\x39\x00\x36\x00\x2d\x00\x34\x00\x38\x00\x2e\x00\x69\x00\x63\x00\x6f\
\x00\x0f\
\x07\x75\xe2\x7f\
\x00\x78\
\x00\x2d\x00\x6d\x00\x61\x00\x72\x00\x6b\x00\x2d\x00\x34\x00\x2d\x00\x33\x00\x32\x00\x2e\x00\x69\x00\x63\x00\x6f\
\x00\x0d\
\x01\x0e\x39\xff\
\x00\x72\
\x00\x65\x00\x64\x00\x65\x00\x65\x00\x6d\x00\x2d\x00\x34\x00\x38\x00\x2e\x00\x69\x00\x63\x00\x6f\
"

qt_resource_struct_v1 = b"\
\x00\x00\x00\x00\x00\x02\x00\x00\x00\x01\x00\x00\x00\x01\
\x00\x00\x00\x00\x00\x02\x00\x00\x00\x01\x00\x00\x00\x02\
\x00\x00\x00\x00\x00\x02\x00\x00\x00\x0d\x00\x00\x00\x03\
\x00\x00\x01\x5a\x00\x01\x00\x00\x00\x01\x00\x01\x57\x8f\
\x00\x00\x01\xbe\x00\x01\x00\x00\x00\x01\x00\x01\x61\xe3\
\x00\x00\x00\x94\x00\x00\x00\x00\x00\x01\x00\x00\x4f\x1f\
\x00\x00\x01\x12\x00\x01\x00\x00\x00\x01\x00\x01\x4e\x63\
\x00\x00\x00\xf2\x00\x01\x00\x00\x00\x01\x00\x01\x49\x93\
\x00\x00\x01\x36\x00\x01\x00\x00\x00\x01\x00\x01\x53\x24\
\x00\x00\x01\x76\x00\x01\x00\x00\x00\x01\x00\x01\x5a\x40\
\x00\x00\x00\x6e\x00\x00\x00\x00\x00\x01\x00\x00\x10\xfa\
\x00\x00\x00\x4a\x00\x01\x00\x00\x00\x01\x00\x00\x0a\x76\
\x00\x00\x01\x9a\x00\x01\x00\x00\x00\x01\x00\x01\x5e\x8a\
\x00\x00\x00\x2c\x00\x01\x00\x00\x00\x01\x00\x00\x05\xd7\
\x00\x00\x00\x0e\x00\x01\x00\x00\x00\x01\x00\x00\x00\x00\
\x00\x00\x00\xb4\x00\x00\x00\x00\x00\x01\x00\x00\x5f\xe1\
"

qt_resource_struct_v2 = b"\
\x00\x00\x00\x00\x00\x02\x00\x00\x00\x01\x00\x00\x00\x01\
\x00\x00\x00\x00\x00\x00\x00\x00\
\x00\x00\x00\x00\x00\x02\x00\x00\x00\x01\x00\x00\x00\x02\
\x00\x00\x00\x00\x00\x00\x00\x00\
\x00\x00\x00\x00\x00\x02\x00\x00\x00\x0d\x00\x00\x00\x03\
\x00\x00\x00\x00\x00\x00\x00\x00\
\x00\x00\x01\x5a\x00\x01\x00\x00\x00\x01\x00\x01\x57\x8f\
\x00\x00\x01\x98\xe3\xcb\x0e\x9d\
\x00\x00\x01\xbe\x00\x01\x00\x00\x00\x01\x00\x01\x61\xe3\
\x00\x00\x01\x98\xe3\xcb\x0e\x8a\
\x00\x00\x00\x94\x00\x00\x00\x00\x00\x01\x00\x00\x4f\x1f\
\x00\x00\x01\x98\xe3\xcb\x0e\x85\
\x00\x00\x01\x12\x00\x01\x00\x00\x00\x01\x00\x01\x4e\x63\
\x00\x00\x01\x98\xe3\xcb\x0e\x96\
\x00\x00\x00\xf2\x00\x01\x00\x00\x00\x01\x00\x01\x49\x93\
\x00\x00\x01\x98\xe3\xcb\x0e\x8f\
\x00\x00\x01\x36\x00\x01\x00\x00\x00\x01\x00\x01\x53\x24\
\x00\x00\x01\x98\xe3\xcb\x0e\x6c\
\x00\x00\x01\x76\x00\x01\x00\x00\x00\x01\x00\x01\x5a\x40\
\x00\x00\x01\x98\xe3\xcb\x0e\x71\
\x00\x00\x00\x6e\x00\x00\x00\x00\x00\x01\x00\x00\x10\xfa\
\x00\x00\x01\x98\xe3\xd1\x04\x63\
\x00\x00\x00\x4a\x00\x01\x00\x00\x00\x01\x00\x00\x0a\x76\
\x00\x00\x01\x98\xe3\xcb\x0e\xa7\
\x00\x00\x01\x9a\x00\x01\x00\x00\x00\x01\x00\x01\x5e\x8a\
\x00\x00\x01\x98\xe3\xcb\x0e\xa2\
\x00\x00\x00\x2c\x00\x01\x00\x00\x00\x01\x00\x00\x05\xd7\
\x00\x00\x01\x98\xe3\xcb\x0e\x76\
\x00\x00\x00\x0e\x00\x01\x00\x00\x00\x01\x00\x00\x00\x00\
\x00\x00\x01\x98\xe3\xcb\x0e\x7b\
\x00\x00\x00\xb4\x00\x00\x00\x00\x00\x01\x00\x00\x5f\xe1\
\x00\x00\x01\x77\x38\x2d\x9f\x50\
"

qt_version = [int(v) for v in QtCore.qVersion().split('.')]
if qt_version < [5, 8, 0]:
    rcc_version = 1
    qt_resource_struct = qt_resource_struct_v1
else:
    rcc_version = 2
    qt_resource_struct = qt_resource_struct_v2

def qInitResources():
    QtCore.qRegisterResourceData(rcc_version, qt_resource_struct, qt_resource_name, qt_resource_data)

def qCleanupResources():
    QtCore.qUnregisterResourceData(rcc_version, qt_resource_struct, qt_resource_name, qt_resource_data)

qInitResources()
